{
  "type": "FeatureCollection",
  "name": "halte",
  "crs": {
    "type": "name",
    "properties": {
      "name": "urn:ogc:def:crs:OGC:1.3:CRS84"
    }
  },
  "features": [
    {
      "type": "Feature",
      "properties": {
        "OBJECTID": 1,
        "No": 1,
        "Nama_Halte": "Penggaron",
        "Alias": "Terminal Penggaron",
        "Jenis_Shel": "Permanen",
        "Latitude__": -7.0181075,
        "Longitude": 110.4929136,
        "SymbolID": null,
        "halte_id": 0,
        "nama_halte": "Penggaron",
        "koridor_list": ";K1;F3;",
        "jumlah_koridor": 2,
        "is_transit": true
      },
      "geometry": {
        "type": "Point",
        "coordinates": [
          110.49298476258592,
          -7.017447646643641
        ]
      }
    },
    {
      "type": "Feature",
      "properties": {
        "OBJECTID": 2,
        "No": 2,
        "Nama_Halte": "Bitratex",
        "Alias": "Halte Shelter 01",
        "Jenis_Shel": "Permanen",
        "Latitude__": -7.0192509,
        "Longitude": 110.492676,
        "SymbolID": null,
        "halte_id": 1,
        "nama_halte": "Bitratex",
        "koridor_list": ";K1;F3;",
        "jumlah_koridor": 2,
        "is_transit": true
      },
      "geometry": {
        "type": "Point",
        "coordinates": [
          110.49248080771152,
          -7.019447469743004
        ]
      }
    },
    {
      "type": "Feature",
      "properties": {
        "OBJECTID": 3,
        "No": 3,
        "Nama_Halte": "Pucang Gading B",
        "Alias": "Halte BRT KWSG",
        "Jenis_Shel": "Permanen",
        "Latitude__": -7.0167244,
        "Longitude": 110.4863825,
        "SymbolID": null,
        "halte_id": 2,
        "nama_halte": "Pucang Gading B",
        "koridor_list": ";K1;",
        "jumlah_koridor": 1,
        "is_transit": false
      },
      "geometry": {
        "type": "Point",
        "coordinates": [
          110.48617822767815,
          -7.01682086126432
        ]
      }
    },
    {
      "type": "Feature",
      "properties": {
        "OBJECTID": 4,
        "No": 4,
        "Nama_Halte": "Manunggal Jati B",
        "Alias": "Halte BRT Manunggal Jati",
        "Jenis_Shel": "Permanen",
        "Latitude__": -7.0138834,
        "Longitude": 110.4811151,
        "SymbolID": null,
        "halte_id": 3,
        "nama_halte": "Manunggal Jati B",
        "koridor_list": ";K1;",
        "jumlah_koridor": 1,
        "is_transit": false
      },
      "geometry": {
        "type": "Point",
        "coordinates": [
          110.48067874150875,
          -7.014461715556968
        ]
      }
    },
    {
      "type": "Feature",
      "properties": {
        "OBJECTID": 5,
        "No": 5,
        "Nama_Halte": "Zebra B",
        "Alias": "Halte Shelter 04 Majapahit",
        "Jenis_Shel": "Permanen",
        "Latitude__": -7.0125643,
        "Longitude": 110.4765294,
        "SymbolID": null,
        "halte_id": 4,
        "nama_halte": "Zebra B",
        "koridor_list": ";K1;",
        "jumlah_koridor": 1,
        "is_transit": false
      },
      "geometry": {
        "type": "Point",
        "coordinates": [
          110.47667854354859,
          -7.012823858692162
        ]
      }
    },
    {
      "type": "Feature",
      "properties": {
        "OBJECTID": 6,
        "No": 6,
        "Nama_Halte": "Samsat B",
        "Alias": "Halte Yamaha Mataram Sakti",
        "Jenis_Shel": "Permanen",
        "Latitude__": -7.0102541,
        "Longitude": 110.4698657,
        "SymbolID": null,
        "halte_id": 5,
        "nama_halte": "Samsat B",
        "koridor_list": ";K1;",
        "jumlah_koridor": 1,
        "is_transit": false
      },
      "geometry": {
        "type": "Point",
        "coordinates": [
          110.47017833415269,
          -7.009985012030586
        ]
      }
    },
    {
      "type": "Feature",
      "properties": {
        "OBJECTID": 7,
        "No": 7,
        "Nama_Halte": "BLK B",
        "Alias": "Halte BRT BLK 2",
        "Jenis_Shel": "Permanen",
        "Latitude__": -7.0097123,
        "Longitude": 110.4677764,
        "SymbolID": null,
        "halte_id": 6,
        "nama_halte": "BLK B",
        "koridor_list": ";K1;F2A;F2B;",
        "jumlah_koridor": 3,
        "is_transit": true
      },
      "geometry": {
        "type": "Point",
        "coordinates": [
          110.46768191597813,
          -7.008947188142023
        ]
      }
    },
    {
      "type": "Feature",
      "properties": {
        "OBJECTID": 8,
        "No": 8,
        "Nama_Halte": "Pasar Gayamsari",
        "Alias": "BRT Gayam Sari",
        "Jenis_Shel": "Permanen",
        "Latitude__": -7.0028594,
        "Longitude": 110.449293,
        "SymbolID": null,
        "halte_id": 7,
        "nama_halte": "Pasar Gayamsari",
        "koridor_list": ";K1;",
        "jumlah_koridor": 1,
        "is_transit": false
      },
      "geometry": {
        "type": "Point",
        "coordinates": [
          110.44917841775583,
          -7.001471934766593
        ]
      }
    },
    {
      "type": "Feature",
      "properties": {
        "OBJECTID": 9,
        "No": 9,
        "Nama_Halte": "RS Bhayangkara B",
        "Alias": "Astra Isuzu Semarang",
        "Jenis_Shel": "Permanen",
        "Latitude__": -7.0009309,
        "Longitude": 110.4465023,
        "SymbolID": null,
        "halte_id": 8,
        "nama_halte": "RS Bhayangkara B",
        "koridor_list": ";K1;",
        "jumlah_koridor": 1,
        "is_transit": false
      },
      "geometry": {
        "type": "Point",
        "coordinates": [
          110.44617894302213,
          -7.000169281145968
        ]
      }
    },
    {
      "type": "Feature",
      "properties": {
        "OBJECTID": 10,
        "No": 10,
        "Nama_Halte": "Kelinci",
        "Alias": "Halte BRT Kelinci",
        "Jenis_Shel": "Permanen",
        "Latitude__": -6.998545,
        "Longitude": 110.4415076,
        "SymbolID": null,
        "halte_id": 9,
        "nama_halte": "Kelinci",
        "koridor_list": ";K1;",
        "jumlah_koridor": 1,
        "is_transit": false
      },
      "geometry": {
        "type": "Point",
        "coordinates": [
          110.4416783834487,
          -6.998235355409018
        ]
      }
    },
    {
      "type": "Feature",
      "properties": {
        "OBJECTID": 11,
        "No": 11,
        "Nama_Halte": "Milo B",
        "Alias": "Halte BRT Milo 1",
        "Jenis_Shel": "Permanen",
        "Latitude__": -6.9958054,
        "Longitude": 110.4356389,
        "SymbolID": null,
        "halte_id": 10,
        "nama_halte": "Milo B",
        "koridor_list": ";K1;",
        "jumlah_koridor": 1,
        "is_transit": false
      },
      "geometry": {
        "type": "Point",
        "coordinates": [
          110.43517817405284,
          -6.995674607848688
        ]
      }
    },
    {
      "type": "Feature",
      "properties": {
        "OBJECTID": 12,
        "No": 12,
        "Nama_Halte": "Atmodirono B",
        "Alias": "Halte Atmodirono",
        "Jenis_Shel": "Permanen",
        "Latitude__": -6.993923,
        "Longitude": 110.4302427,
        "SymbolID": null,
        "halte_id": 11,
        "nama_halte": "Atmodirono B",
        "koridor_list": ";K1;",
        "jumlah_koridor": 1,
        "is_transit": false
      },
      "geometry": {
        "type": "Point",
        "coordinates": [
          110.43029942374477,
          -6.993466932592684
        ]
      }
    },
    {
      "type": "Feature",
      "properties": {
        "OBJECTID": 13,
        "No": 13,
        "Nama_Halte": "A Yani II",
        "Alias": "Halte A Yani II",
        "Jenis_Shel": "Permanen",
        "Latitude__": -6.992204,
        "Longitude": 110.4268908,
        "SymbolID": null,
        "halte_id": 12,
        "nama_halte": "A Yani II",
        "koridor_list": ";K1;",
        "jumlah_koridor": 1,
        "is_transit": false
      },
      "geometry": {
        "type": "Point",
        "coordinates": [
          110.42667831483449,
          -6.991963638865487
        ]
      }
    },
    {
      "type": "Feature",
      "properties": {
        "OBJECTID": 14,
        "No": 14,
        "Nama_Halte": "Shelter Simpang Lima",
        "Alias": "Halte BRT Simpang Lima",
        "Jenis_Shel": "Permanen",
        "Latitude__": -6.9898244,
        "Longitude": 110.4229359,
        "SymbolID": null,
        "halte_id": 13,
        "nama_halte": "Shelter Simpang Lima",
        "koridor_list": ";K1;M;K3A;K3B;K4;K5;K8;",
        "jumlah_koridor": 7,
        "is_transit": true
      },
      "geometry": {
        "type": "Point",
        "coordinates": [
          110.42351624503439,
          -6.989334200663316
        ]
      }
    },
    {
      "type": "Feature",
      "properties": {
        "OBJECTID": 15,
        "No": 15,
        "Nama_Halte": "Gramedia B",
        "Alias": "Halte BRT Mugas",
        "Jenis_Shel": "Permanen",
        "Latitude__": -6.988945,
        "Longitude": 110.4203225,
        "SymbolID": null,
        "halte_id": 14,
        "nama_halte": "Gramedia B",
        "koridor_list": ";K1;M;K3B;K4;K5;K8;",
        "jumlah_koridor": 6,
        "is_transit": true
      },
      "geometry": {
        "type": "Point",
        "coordinates": [
          110.42017810543858,
          -6.989084541468792
        ]
      }
    },
    {
      "type": "Feature",
      "properties": {
        "OBJECTID": 16,
        "No": 16,
        "Nama_Halte": "Pandanaran B",
        "Alias": "Halte Pandanaran B",
        "Jenis_Shel": "Permanen",
        "Latitude__": -6.987079,
        "Longitude": 110.4149558,
        "SymbolID": null,
        "halte_id": 15,
        "nama_halte": "Pandanaran B",
        "koridor_list": ";K1;M;K3B;K4;K8;",
        "jumlah_koridor": 5,
        "is_transit": true
      },
      "geometry": {
        "type": "Point",
        "coordinates": [
          110.41467861926922,
          -6.986937466891192
        ]
      }
    },
    {
      "type": "Feature",
      "properties": {
        "OBJECTID": 17,
        "No": 17,
        "Nama_Halte": "Udinus",
        "Alias": "Halte BRT Imam Bonjol",
        "Jenis_Shel": "Permanen",
        "Latitude__": -6.9810508,
        "Longitude": 110.4103825,
        "SymbolID": null,
        "halte_id": 16,
        "nama_halte": "Udinus",
        "koridor_list": ";K1;K2;K4;",
        "jumlah_koridor": 3,
        "is_transit": true
      },
      "geometry": {
        "type": "Point",
        "coordinates": [
          110.41012056751758,
          -6.981084676988873
        ]
      }
    },
    {
      "type": "Feature",
      "properties": {
        "OBJECTID": 18,
        "No": 18,
        "Nama_Halte": "Tendean",
        "Alias": "Halte Tendean",
        "Jenis_Shel": "Permanen",
        "Latitude__": -6.9788365,
        "Longitude": 110.41222,
        "SymbolID": null,
        "halte_id": 17,
        "nama_halte": "Tendean",
        "koridor_list": ";K1;K2;K3B;K4;K5;K8;",
        "jumlah_koridor": 6,
        "is_transit": true
      },
      "geometry": {
        "type": "Point",
        "coordinates": [
          110.41312902540412,
          -6.978226020815175
        ]
      }
    },
    {
      "type": "Feature",
      "properties": {
        "OBJECTID": 19,
        "No": 19,
        "Nama_Halte": "Balaikota",
        "Alias": "Halte BRT Trans Semarang Balaikota",
        "Jenis_Shel": "Permanen",
        "Latitude__": -6.9800579,
        "Longitude": 110.4130773,
        "SymbolID": null,
        "halte_id": 18,
        "nama_halte": "Balaikota",
        "koridor_list": ";K1;K2;K3A;K3B;K4;K5;",
        "jumlah_koridor": 6,
        "is_transit": true
      },
      "geometry": {
        "type": "Point",
        "coordinates": [
          110.41367879435799,
          -6.980666490385707
        ]
      }
    },
    {
      "type": "Feature",
      "properties": {
        "OBJECTID": 20,
        "No": 20,
        "Nama_Halte": "Pasar Bulu B",
        "Alias": "Halte BRT Pasar Bulu",
        "Jenis_Shel": "Permanen",
        "Latitude__": -6.9836477,
        "Longitude": 110.4076036,
        "SymbolID": null,
        "halte_id": 19,
        "nama_halte": "Pasar Bulu B",
        "koridor_list": ";K1;M;K4;K8;",
        "jumlah_koridor": 4,
        "is_transit": true
      },
      "geometry": {
        "type": "Point",
        "coordinates": [
          110.40717858496208,
          -6.983781035365683
        ]
      }
    },
    {
      "type": "Feature",
      "properties": {
        "OBJECTID": 21,
        "No": 21,
        "Nama_Halte": "ADA Sugiyopranoto 2",
        "Alias": "Halte Soegijopranoto 2",
        "Jenis_Shel": "Permanen",
        "Latitude__": -6.9827708,
        "Longitude": 110.4054349,
        "SymbolID": null,
        "halte_id": 20,
        "nama_halte": "ADA Sugiyopranoto 2",
        "koridor_list": ";K1;M;K4;K8;",
        "jumlah_koridor": 4,
        "is_transit": true
      },
      "geometry": {
        "type": "Point",
        "coordinates": [
          110.40467857352641,
          -6.982718186961658
        ]
      }
    },
    {
      "type": "Feature",
      "properties": {
        "OBJECTID": 22,
        "No": 22,
        "Nama_Halte": "Amarta 1",
        "Alias": "Halte BRT Amarta I",
        "Jenis_Shel": "Portable",
        "Latitude__": -6.9814156,
        "Longitude": 110.3975892,
        "SymbolID": null,
        "halte_id": 21,
        "nama_halte": "Amarta 1",
        "koridor_list": ";K1;M;K4;K5;K8;",
        "jumlah_koridor": 5,
        "is_transit": true
      },
      "geometry": {
        "type": "Point",
        "coordinates": [
          110.39767890083252,
          -6.981724885179651
        ]
      }
    },
    {
      "type": "Feature",
      "properties": {
        "OBJECTID": 23,
        "No": 23,
        "Nama_Halte": "Kr Ayu 2",
        "Alias": "Halte BRT Karangayu II",
        "Jenis_Shel": "Permanen",
        "Latitude__": -6.9818778,
        "Longitude": 110.3938868,
        "SymbolID": null,
        "halte_id": 22,
        "nama_halte": "Kr Ayu 2",
        "koridor_list": ";K1;M;K4;K5;K8;",
        "jumlah_koridor": 5,
        "is_transit": true
      },
      "geometry": {
        "type": "Point",
        "coordinates": [
          110.39417816617032,
          -6.982412350102668
        ]
      }
    },
    {
      "type": "Feature",
      "properties": {
        "OBJECTID": 24,
        "No": 24,
        "Nama_Halte": "Cakrawala 2",
        "Alias": "Halte BRT Cakrawala",
        "Jenis_Shel": "Permanen",
        "Latitude__": -6.983649,
        "Longitude": 110.3875066,
        "SymbolID": null,
        "halte_id": 23,
        "nama_halte": "Cakrawala 2",
        "koridor_list": ";K1;M;K4;K5;K8;",
        "jumlah_koridor": 5,
        "is_transit": true
      },
      "geometry": {
        "type": "Point",
        "coordinates": [
          110.3881783183877,
          -6.983482332408869
        ]
      }
    },
    {
      "type": "Feature",
      "properties": {
        "OBJECTID": 25,
        "No": 25,
        "Nama_Halte": "Muradi B",
        "Alias": "Halte BRT Hanoman",
        "Jenis_Shel": "Permanen",
        "Latitude__": -6.9862279,
        "Longitude": 110.376569,
        "SymbolID": null,
        "halte_id": 24,
        "nama_halte": "Muradi B",
        "koridor_list": ";K1;M;K4;F1B;",
        "jumlah_koridor": 4,
        "is_transit": true
      },
      "geometry": {
        "type": "Point",
        "coordinates": [
          110.37667808612039,
          -6.985483192753238
        ]
      }
    },
    {
      "type": "Feature",
      "properties": {
        "OBJECTID": 26,
        "No": 26,
        "Nama_Halte": "Pengadilan 2",
        "Alias": "Halte BRT Pengadilan II",
        "Jenis_Shel": "Permanen",
        "Latitude__": -6.9875807,
        "Longitude": 110.370998,
        "SymbolID": null,
        "halte_id": 25,
        "nama_halte": "Pengadilan 2",
        "koridor_list": ";K1;M;K4;F1B;",
        "jumlah_koridor": 4,
        "is_transit": true
      },
      "geometry": {
        "type": "Point",
        "coordinates": [
          110.3701787750398,
          -6.98669315628531
        ]
      }
    },
    {
      "type": "Feature",
      "properties": {
        "OBJECTID": 27,
        "No": 27,
        "Nama_Halte": "PLN Krapyak B",
        "Alias": "Halte BRT Krapyak",
        "Jenis_Shel": "Permanen",
        "Latitude__": -6.987613,
        "Longitude": 110.3639514,
        "SymbolID": null,
        "halte_id": 26,
        "nama_halte": "PLN Krapyak B",
        "koridor_list": ";K1;M;K4;",
        "jumlah_koridor": 3,
        "is_transit": true
      },
      "geometry": {
        "type": "Point",
        "coordinates": [
          110.36467839055513,
          -6.987560725851307
        ]
      }
    },
    {
      "type": "Feature",
      "properties": {
        "OBJECTID": 28,
        "No": 28,
        "Nama_Halte": "RSUD Tugu B",
        "Alias": "Halte BRT RSUD",
        "Jenis_Shel": "Permanen",
        "Latitude__": -6.9847935,
        "Longitude": 110.3564188,
        "SymbolID": null,
        "halte_id": 27,
        "nama_halte": "RSUD Tugu B",
        "koridor_list": ";K1;M;",
        "jumlah_koridor": 2,
        "is_transit": true
      },
      "geometry": {
        "type": "Point",
        "coordinates": [
          110.35593059631836,
          -6.985946849008803
        ]
      }
    },
    {
      "type": "Feature",
      "properties": {
        "OBJECTID": 29,
        "No": 29,
        "Nama_Halte": "Lapangan Tugu B",
        "Alias": "Halte BRT Tugu I",
        "Jenis_Shel": "Permanen",
        "Latitude__": -6.9827865,
        "Longitude": 110.3522216,
        "SymbolID": null,
        "halte_id": 28,
        "nama_halte": "Lapangan Tugu B",
        "koridor_list": ";K1;M;",
        "jumlah_koridor": 2,
        "is_transit": true
      },
      "geometry": {
        "type": "Point",
        "coordinates": [
          110.3521783333766,
          -6.984990111653952
        ]
      }
    },
    {
      "type": "Feature",
      "properties": {
        "OBJECTID": 30,
        "No": 30,
        "Nama_Halte": "Taman Lele A",
        "Alias": "Halte BRT Taman Lele I",
        "Jenis_Shel": "Permanen",
        "Latitude__": -6.9859976,
        "Longitude": 110.345561,
        "SymbolID": null,
        "halte_id": 29,
        "nama_halte": "Taman Lele A",
        "koridor_list": ";K1;M;",
        "jumlah_koridor": 2,
        "is_transit": true
      },
      "geometry": {
        "type": "Point",
        "coordinates": [
          110.3456682425126,
          -6.98344755802241
        ]
      }
    },
    {
      "type": "Feature",
      "properties": {
        "OBJECTID": 31,
        "No": 31,
        "Nama_Halte": "Tambak Aji B",
        "Alias": "Shelter Tambak Aji",
        "Jenis_Shel": "Permanen",
        "Latitude__": -6.985909,
        "Longitude": 110.3406948,
        "SymbolID": null,
        "halte_id": 30,
        "nama_halte": "Tambak Aji B",
        "koridor_list": ";K1;M;",
        "jumlah_koridor": 2,
        "is_transit": true
      },
      "geometry": {
        "type": "Point",
        "coordinates": [
          110.34067810110932,
          -6.982266118997412
        ]
      }
    },
    {
      "type": "Feature",
      "properties": {
        "OBJECTID": 32,
        "No": 32,
        "Nama_Halte": "Karpet B",
        "Alias": "Halte BRT Kokoh Inti",
        "Jenis_Shel": "Permanen",
        "Latitude__": -6.980461,
        "Longitude": 110.3335988,
        "SymbolID": null,
        "halte_id": 31,
        "nama_halte": "Karpet B",
        "koridor_list": ";K1;M;",
        "jumlah_koridor": 2,
        "is_transit": true
      },
      "geometry": {
        "type": "Point",
        "coordinates": [
          110.33365597053333,
          -6.980589807940338
        ]
      }
    },
    {
      "type": "Feature",
      "properties": {
        "OBJECTID": 33,
        "No": 33,
        "Nama_Halte": "Karang Anyar B",
        "Alias": "Halte BRT Pengadilan Agama",
        "Jenis_Shel": "Permanen",
        "Latitude__": -6.9784722,
        "Longitude": 110.3319493,
        "SymbolID": null,
        "halte_id": 32,
        "nama_halte": "Karang Anyar B",
        "koridor_list": ";K1;M;",
        "jumlah_koridor": 2,
        "is_transit": true
      },
      "geometry": {
        "type": "Point",
        "coordinates": [
          110.33217824189094,
          -6.980102071627274
        ]
      }
    },
    {
      "type": "Feature",
      "properties": {
        "OBJECTID": 34,
        "No": 34,
        "Nama_Halte": "KITW B",
        "Alias": " ",
        "Jenis_Shel": "Permanen",
        "Latitude__": -6.9760241,
        "Longitude": 110.325511,
        "SymbolID": null,
        "halte_id": 33,
        "nama_halte": "KITW B",
        "koridor_list": ";K1;M;",
        "jumlah_koridor": 2,
        "is_transit": true
      },
      "geometry": {
        "type": "Point",
        "coordinates": [
          110.32517856919709,
          -6.978473010824334
        ]
      }
    },
    {
      "type": "Feature",
      "properties": {
        "OBJECTID": 35,
        "No": 35,
        "Nama_Halte": "BPKP B",
        "Alias": "Halte BRT BPKP I",
        "Jenis_Shel": "Permanen",
        "Latitude__": -6.9763369,
        "Longitude": 110.3219361,
        "SymbolID": null,
        "halte_id": 34,
        "nama_halte": "BPKP B",
        "koridor_list": ";K1;M;",
        "jumlah_koridor": 2,
        "is_transit": true
      },
      "geometry": {
        "type": "Point",
        "coordinates": [
          110.32217819614813,
          -6.977638415901334
        ]
      }
    },
    {
      "type": "Feature",
      "properties": {
        "OBJECTID": 36,
        "No": 36,
        "Nama_Halte": "Sango B",
        "Alias": "Halte BRT Randugarut 2",
        "Jenis_Shel": "Permanen",
        "Latitude__": -6.9755385,
        "Longitude": 110.3183262,
        "SymbolID": null,
        "halte_id": 35,
        "nama_halte": "Sango B",
        "koridor_list": ";K1;M;",
        "jumlah_koridor": 2,
        "is_transit": true
      },
      "geometry": {
        "type": "Point",
        "coordinates": [
          110.31817889650324,
          -6.976676311574399
        ]
      }
    },
    {
      "type": "Feature",
      "properties": {
        "OBJECTID": 37,
        "No": 37,
        "Nama_Halte": "Pasar Mangkang B",
        "Alias": "Halte BRT Pasar Mangkang",
        "Jenis_Shel": "Permanen",
        "Latitude__": -6.973307,
        "Longitude": 110.3033088,
        "SymbolID": null,
        "halte_id": 36,
        "nama_halte": "Pasar Mangkang B",
        "koridor_list": ";K1;M;",
        "jumlah_koridor": 2,
        "is_transit": true
      },
      "geometry": {
        "type": "Point",
        "coordinates": [
          110.303678291187,
          -6.973102509147704
        ]
      }
    },
    {
      "type": "Feature",
      "properties": {
        "OBJECTID": 38,
        "No": 38,
        "Nama_Halte": "Semarang Zoo",
        "Alias": "Halte Semarang Zoo",
        "Jenis_Shel": "Permanen",
        "Latitude__": -6.9688064,
        "Longitude": 110.287205,
        "SymbolID": null,
        "halte_id": 37,
        "nama_halte": "Semarang Zoo",
        "koridor_list": ";K1;M;",
        "jumlah_koridor": 2,
        "is_transit": true
      },
      "geometry": {
        "type": "Point",
        "coordinates": [
          110.28867822257276,
          -6.969276334663228
        ]
      }
    },
    {
      "type": "Feature",
      "properties": {
        "OBJECTID": 39,
        "No": 39,
        "Nama_Halte": "Mangkang",
        "Alias": "Halte BRT Semarang Mangkang",
        "Jenis_Shel": "Permanen",
        "Latitude__": -6.9695256,
        "Longitude": 110.2882219,
        "SymbolID": null,
        "halte_id": 38,
        "nama_halte": "Mangkang",
        "koridor_list": ";K1;M;",
        "jumlah_koridor": 2,
        "is_transit": true
      },
      "geometry": {
        "type": "Point",
        "coordinates": [
          110.28887854688112,
          -6.968968705667862
        ]
      }
    },
    {
      "type": "Feature",
      "properties": {
        "OBJECTID": 40,
        "No": 40,
        "Nama_Halte": "Kali Banteng 2",
        "Alias": " ",
        "Jenis_Shel": "Permanen",
        "Latitude__": -6.985576045,
        "Longitude": 110.3803814,
        "SymbolID": null,
        "halte_id": 39,
        "nama_halte": "Kali Banteng 2",
        "koridor_list": ";K1;M;K4;",
        "jumlah_koridor": 3,
        "is_transit": true
      },
      "geometry": {
        "type": "Point",
        "coordinates": [
          110.38025068600534,
          -6.984760958054736
        ]
      }
    },
    {
      "type": "Feature",
      "properties": {
        "OBJECTID": 41,
        "No": 41,
        "Nama_Halte": "Texmaco",
        "Alias": "Halte BRT Texmaco",
        "Jenis_Shel": "Permanen",
        "Latitude__": -6.9710626,
        "Longitude": 110.2925545,
        "SymbolID": null,
        "halte_id": 40,
        "nama_halte": "Texmaco",
        "koridor_list": ";K1;M;",
        "jumlah_koridor": 2,
        "is_transit": true
      },
      "geometry": {
        "type": "Point",
        "coordinates": [
          110.29267842053295,
          -6.969822932930824
        ]
      }
    },
    {
      "type": "Feature",
      "properties": {
        "OBJECTID": 42,
        "No": 42,
        "Nama_Halte": "Pasar Mangkang A",
        "Alias": "Halte BRT Aneka Jaya",
        "Jenis_Shel": "Permanen",
        "Latitude__": -6.9730767,
        "Longitude": 110.3042883,
        "SymbolID": null,
        "halte_id": 41,
        "nama_halte": "Pasar Mangkang A",
        "koridor_list": ";K1;M;",
        "jumlah_koridor": 2,
        "is_transit": true
      },
      "geometry": {
        "type": "Point",
        "coordinates": [
          110.30417865280023,
          -6.972581773184674
        ]
      }
    },
    {
      "type": "Feature",
      "properties": {
        "OBJECTID": 43,
        "No": 43,
        "Nama_Halte": "Universitas Terbuka A",
        "Alias": " ",
        "Jenis_Shel": "Portable",
        "Latitude__": -6.97265,
        "Longitude": 110.30877,
        "SymbolID": null,
        "halte_id": 42,
        "nama_halte": "Universitas Terbuka A",
        "koridor_list": ";K1;M;",
        "jumlah_koridor": 2,
        "is_transit": true
      },
      "geometry": {
        "type": "Point",
        "coordinates": [
          110.30867831405838,
          -6.973599169449805
        ]
      }
    },
    {
      "type": "Feature",
      "properties": {
        "OBJECTID": 44,
        "No": 44,
        "Nama_Halte": "Sango A",
        "Alias": "Halte BRT Randugarut",
        "Jenis_Shel": "Permanen",
        "Latitude__": -6.975601,
        "Longitude": 110.3186493,
        "SymbolID": null,
        "halte_id": 43,
        "nama_halte": "Sango A",
        "koridor_list": ";K1;M;",
        "jumlah_koridor": 2,
        "is_transit": true
      },
      "geometry": {
        "type": "Point",
        "coordinates": [
          110.31867835980123,
          -6.976053038114631
        ]
      }
    },
    {
      "type": "Feature",
      "properties": {
        "OBJECTID": 45,
        "No": 45,
        "Nama_Halte": "BPKP A",
        "Alias": "Halte BRT BPKP II",
        "Jenis_Shel": "Permanen",
        "Latitude__": -6.975889,
        "Longitude": 110.3215441,
        "SymbolID": null,
        "halte_id": 44,
        "nama_halte": "BPKP A",
        "koridor_list": ";M;",
        "jumlah_koridor": 1,
        "is_transit": false
      },
      "geometry": {
        "type": "Point",
        "coordinates": [
          110.32167873285017,
          -6.976695928179148
        ]
      }
    },
    {
      "type": "Feature",
      "properties": {
        "OBJECTID": 46,
        "No": 46,
        "Nama_Halte": "KITW A",
        "Alias": " ",
        "Jenis_Shel": "Permanen",
        "Latitude__": -6.9759487,
        "Longitude": 110.3257706,
        "SymbolID": null,
        "halte_id": 45,
        "nama_halte": "KITW A",
        "koridor_list": ";K1;M;",
        "jumlah_koridor": 2,
        "is_transit": true
      },
      "geometry": {
        "type": "Point",
        "coordinates": [
          110.32567893081035,
          -6.977747198657251
        ]
      }
    },
    {
      "type": "Feature",
      "properties": {
        "OBJECTID": 47,
        "No": 47,
        "Nama_Halte": "Karang Anyar A",
        "Alias": "Shelter Makam Pundensari",
        "Jenis_Shel": "Permanen",
        "Latitude__": -6.9782269,
        "Longitude": 110.3316885,
        "SymbolID": null,
        "halte_id": 46,
        "nama_halte": "Karang Anyar A",
        "koridor_list": ";K1;M;",
        "jumlah_koridor": 2,
        "is_transit": true
      },
      "geometry": {
        "type": "Point",
        "coordinates": [
          110.33217824189094,
          -6.979361995446482
        ]
      }
    },
    {
      "type": "Feature",
      "properties": {
        "OBJECTID": 48,
        "No": 48,
        "Nama_Halte": "Karpet A",
        "Alias": "Halte BRT Gunung Kelir",
        "Jenis_Shel": "Permanen",
        "Latitude__": -6.980459,
        "Longitude": 110.334149,
        "SymbolID": null,
        "halte_id": 47,
        "nama_halte": "Karpet A",
        "koridor_list": ";K1;M;",
        "jumlah_koridor": 2,
        "is_transit": true
      },
      "geometry": {
        "type": "Point",
        "coordinates": [
          110.3341787900287,
          -6.979852407504322
        ]
      }
    },
    {
      "type": "Feature",
      "properties": {
        "OBJECTID": 49,
        "No": 49,
        "Nama_Halte": "Tambak Aji A",
        "Alias": " ",
        "Jenis_Shel": "Permanen",
        "Latitude__": -6.9853897,
        "Longitude": 110.3401667,
        "SymbolID": null,
        "halte_id": 48,
        "nama_halte": "Tambak Aji A",
        "koridor_list": ";M;",
        "jumlah_koridor": 1,
        "is_transit": false
      },
      "geometry": {
        "type": "Point",
        "coordinates": [
          110.34017863781133,
          -6.981199700530585
        ]
      }
    },
    {
      "type": "Feature",
      "properties": {
        "OBJECTID": 50,
        "No": 50,
        "Nama_Halte": "Taman Lele B",
        "Alias": "Halte BRT Taman Lele II",
        "Jenis_Shel": "Permanen",
        "Latitude__": -6.9853891,
        "Longitude": 110.3427098,
        "SymbolID": null,
        "halte_id": 49,
        "nama_halte": "Taman Lele B",
        "koridor_list": ";M;",
        "jumlah_koridor": 1,
        "is_transit": false
      },
      "geometry": {
        "type": "Point",
        "coordinates": [
          110.34317811254499,
          -6.981934423881896
        ]
      }
    },
    {
      "type": "Feature",
      "properties": {
        "OBJECTID": 51,
        "No": 51,
        "Nama_Halte": "Lapangan Tugu A",
        "Alias": "Halte BRT Tugu II",
        "Jenis_Shel": "Permanen",
        "Latitude__": -6.9825319,
        "Longitude": 110.3520024,
        "SymbolID": null,
        "halte_id": 50,
        "nama_halte": "Lapangan Tugu A",
        "koridor_list": ";M;",
        "jumlah_koridor": 1,
        "is_transit": false
      },
      "geometry": {
        "type": "Point",
        "coordinates": [
          110.3521783333766,
          -6.984118970719694
        ]
      }
    },
    {
      "type": "Feature",
      "properties": {
        "OBJECTID": 52,
        "No": 52,
        "Nama_Halte": "RSUD Tugu A",
        "Alias": "Shelter RS Tugu B",
        "Jenis_Shel": "Permanen",
        "Latitude__": -6.9845105,
        "Longitude": 110.356559,
        "SymbolID": null,
        "halte_id": 51,
        "nama_halte": "RSUD Tugu A",
        "koridor_list": ";M;",
        "jumlah_koridor": 1,
        "is_transit": false
      },
      "geometry": {
        "type": "Point",
        "coordinates": [
          110.3561785313368,
          -6.985060551842809
        ]
      }
    },
    {
      "type": "Feature",
      "properties": {
        "OBJECTID": 53,
        "No": 53,
        "Nama_Halte": "PLN Krapyak A",
        "Alias": "Halte BRT Gardu",
        "Jenis_Shel": "Permanen",
        "Latitude__": -6.9873507,
        "Longitude": 110.3643029,
        "SymbolID": null,
        "halte_id": 52,
        "nama_halte": "PLN Krapyak A",
        "koridor_list": ";K1;M;K4;",
        "jumlah_koridor": 3,
        "is_transit": true
      },
      "geometry": {
        "type": "Point",
        "coordinates": [
          110.36467839055513,
          -6.986826902983184
        ]
      }
    },
    {
      "type": "Feature",
      "properties": {
        "OBJECTID": 54,
        "No": 54,
        "Nama_Halte": "Pengadilan 1",
        "Alias": "Halte BRT Pengadilan",
        "Jenis_Shel": "Permanen",
        "Latitude__": -6.9876424,
        "Longitude": 110.3692256,
        "SymbolID": null,
        "halte_id": 53,
        "nama_halte": "Pengadilan 1",
        "koridor_list": ";K1;M;K4;F1B;",
        "jumlah_koridor": 4,
        "is_transit": true
      },
      "geometry": {
        "type": "Point",
        "coordinates": [
          110.36967841342651,
          -6.985921882914439
        ]
      }
    },
    {
      "type": "Feature",
      "properties": {
        "OBJECTID": 55,
        "No": 55,
        "Nama_Halte": "Muradi A",
        "Alias": "Halte BRT Siliwangi",
        "Jenis_Shel": "Permanen",
        "Latitude__": -6.9860467,
        "Longitude": 110.3772034,
        "SymbolID": null,
        "halte_id": 54,
        "nama_halte": "Muradi A",
        "koridor_list": ";K1;M;K4;F1B;",
        "jumlah_koridor": 4,
        "is_transit": true
      },
      "geometry": {
        "type": "Point",
        "coordinates": [
          110.37667808612039,
          -6.984661985064694
        ]
      }
    },
    {
      "type": "Feature",
      "properties": {
        "OBJECTID": 56,
        "No": 56,
        "Nama_Halte": "Kali Banteng 1",
        "Alias": "Halte BRT Kalibanteng",
        "Jenis_Shel": "Permanen",
        "Latitude__": -6.985365,
        "Longitude": 110.3803395,
        "SymbolID": null,
        "halte_id": 55,
        "nama_halte": "Kali Banteng 1",
        "koridor_list": ";K1;M;K4;F1B;",
        "jumlah_koridor": 4,
        "is_transit": true
      },
      "geometry": {
        "type": "Point",
        "coordinates": [
          110.38017882078262,
          -6.984075279882901
        ]
      }
    },
    {
      "type": "Feature",
      "properties": {
        "OBJECTID": 57,
        "No": 57,
        "Nama_Halte": "Cakrawala 1",
        "Alias": "Halte BRT Suzuki Sudirman",
        "Jenis_Shel": "Permanen",
        "Latitude__": -6.9835131,
        "Longitude": 110.3882345,
        "SymbolID": null,
        "halte_id": 56,
        "nama_halte": "Cakrawala 1",
        "koridor_list": ";M;K4;K5;K8;F1B;",
        "jumlah_koridor": 5,
        "is_transit": true
      },
      "geometry": {
        "type": "Point",
        "coordinates": [
          110.3881783183877,
          -6.982508648610452
        ]
      }
    },
    {
      "type": "Feature",
      "properties": {
        "OBJECTID": 58,
        "No": 58,
        "Nama_Halte": "Kr Ayu 1",
        "Alias": "Halte BRT Karangayu I",
        "Jenis_Shel": "Permanen",
        "Latitude__": -6.981718,
        "Longitude": 110.3941351,
        "SymbolID": null,
        "halte_id": 57,
        "nama_halte": "Kr Ayu 1",
        "koridor_list": ";K1;M;K4;K5;K8;F1B;",
        "jumlah_koridor": 6,
        "is_transit": true
      },
      "geometry": {
        "type": "Point",
        "coordinates": [
          110.39417816617032,
          -6.981469871994134
        ]
      }
    },
    {
      "type": "Feature",
      "properties": {
        "OBJECTID": 59,
        "No": 59,
        "Nama_Halte": "Amarta 2",
        "Alias": "Halte BRT Amarta II",
        "Jenis_Shel": "Portable",
        "Latitude__": -6.9811162,
        "Longitude": 110.3974466,
        "SymbolID": null,
        "halte_id": 58,
        "nama_halte": "Amarta 2",
        "koridor_list": ";K1;M;K4;K5;K8;F1B;",
        "jumlah_koridor": 6,
        "is_transit": true
      },
      "geometry": {
        "type": "Point",
        "coordinates": [
          110.39717853921927,
          -6.981000861366995
        ]
      }
    },
    {
      "type": "Feature",
      "properties": {
        "OBJECTID": 60,
        "No": 60,
        "Nama_Halte": "ADA Sugiyopranoto 1",
        "Alias": "Halte Soegijopranoto 1",
        "Jenis_Shel": "Permanen",
        "Latitude__": -6.9818441,
        "Longitude": 110.403987,
        "SymbolID": null,
        "halte_id": 59,
        "nama_halte": "ADA Sugiyopranoto 1",
        "koridor_list": ";K1;M;K4;K8;",
        "jumlah_koridor": 4,
        "is_transit": true
      },
      "geometry": {
        "type": "Point",
        "coordinates": [
          110.40415844897689,
          -6.98194690703565
        ]
      }
    },
    {
      "type": "Feature",
      "properties": {
        "OBJECTID": 61,
        "No": 61,
        "Nama_Halte": "Pasar Bulu A",
        "Alias": "Halte Pasar Bulu 2",
        "Jenis_Shel": "Permanen",
        "Latitude__": -6.983246,
        "Longitude": 110.4065122,
        "SymbolID": null,
        "halte_id": 60,
        "nama_halte": "Pasar Bulu A",
        "koridor_list": ";K1;M;K4;K8;",
        "jumlah_koridor": 4,
        "is_transit": true
      },
      "geometry": {
        "type": "Point",
        "coordinates": [
          110.40717858496208,
          -6.983174712746506
        ]
      }
    },
    {
      "type": "Feature",
      "properties": {
        "OBJECTID": 62,
        "No": 62,
        "Nama_Halte": "Gramedia A",
        "Alias": "Halte Hotel Santika Premiere",
        "Jenis_Shel": "Permanen",
        "Latitude__": -6.9885905,
        "Longitude": 110.4205336,
        "SymbolID": null,
        "halte_id": 61,
        "nama_halte": "Gramedia A",
        "koridor_list": ";K1;M;K3B;K4;K5;K8;",
        "jumlah_koridor": 6,
        "is_transit": true
      },
      "geometry": {
        "type": "Point",
        "coordinates": [
          110.42067846705184,
          -6.988717185554371
        ]
      }
    },
    {
      "type": "Feature",
      "properties": {
        "OBJECTID": 63,
        "No": 63,
        "Nama_Halte": "Simpang Lima",
        "Alias": "Halte BRT Simpang Lima",
        "Jenis_Shel": "Permanen",
        "Latitude__": -6.9894218,
        "Longitude": 110.4235363,
        "SymbolID": null,
        "halte_id": 62,
        "nama_halte": "Simpang Lima",
        "koridor_list": ";K1;M;K3A;K3B;K4;K5;K8;",
        "jumlah_koridor": 7,
        "is_transit": true
      },
      "geometry": {
        "type": "Point",
        "coordinates": [
          110.42351624503439,
          -6.989334200663316
        ]
      }
    },
    {
      "type": "Feature",
      "properties": {
        "OBJECTID": 64,
        "No": 64,
        "Nama_Halte": "A Yani I",
        "Alias": "Halte A. Yani I",
        "Jenis_Shel": "Permanen",
        "Latitude__": -6.9920212,
        "Longitude": 110.4268441,
        "SymbolID": null,
        "halte_id": 63,
        "nama_halte": "A Yani I",
        "koridor_list": ";K1;",
        "jumlah_koridor": 1,
        "is_transit": false
      },
      "geometry": {
        "type": "Point",
        "coordinates": [
          110.42717867644775,
          -6.991612334651844
        ]
      }
    },
    {
      "type": "Feature",
      "properties": {
        "OBJECTID": 65,
        "No": 65,
        "Nama_Halte": "Atmodirono A",
        "Alias": "Halte Atmodirono 1",
        "Jenis_Shel": "Permanen",
        "Latitude__": -6.993848,
        "Longitude": 110.4304815,
        "SymbolID": null,
        "halte_id": 64,
        "nama_halte": "Atmodirono A",
        "koridor_list": ";K1;",
        "jumlah_koridor": 1,
        "is_transit": false
      },
      "geometry": {
        "type": "Point",
        "coordinates": [
          110.43062102061648,
          -6.993107604816743
        ]
      }
    },
    {
      "type": "Feature",
      "properties": {
        "OBJECTID": 66,
        "No": 66,
        "Nama_Halte": "Milo A",
        "Alias": "Halte BRT Milo 2",
        "Jenis_Shel": "Permanen",
        "Latitude__": -6.9955666,
        "Longitude": 110.4354226,
        "SymbolID": null,
        "halte_id": 65,
        "nama_halte": "Milo A",
        "koridor_list": ";K1;",
        "jumlah_koridor": 1,
        "is_transit": false
      },
      "geometry": {
        "type": "Point",
        "coordinates": [
          110.43567853566607,
          -6.995043335052592
        ]
      }
    },
    {
      "type": "Feature",
      "properties": {
        "OBJECTID": 67,
        "No": 67,
        "Nama_Halte": "Gajah",
        "Alias": "Halte BRT Gajah",
        "Jenis_Shel": "Permanen",
        "Latitude__": -6.999526,
        "Longitude": 110.4443691,
        "SymbolID": null,
        "halte_id": 66,
        "nama_halte": "Gajah",
        "koridor_list": ";K1;",
        "jumlah_koridor": 1,
        "is_transit": false
      },
      "geometry": {
        "type": "Point",
        "coordinates": [
          110.4441783948844,
          -6.998559905977007
        ]
      }
    },
    {
      "type": "Feature",
      "properties": {
        "OBJECTID": 68,
        "No": 68,
        "Nama_Halte": "RS. Bhayangkara A",
        "Alias": "RS Bhayangkara Semarang",
        "Jenis_Shel": "Permanen",
        "Latitude__": -7.0007523,
        "Longitude": 110.446398,
        "SymbolID": null,
        "halte_id": 67,
        "nama_halte": "RS. Bhayangkara A",
        "koridor_list": ";K1;",
        "jumlah_koridor": 1,
        "is_transit": false
      },
      "geometry": {
        "type": "Point",
        "coordinates": [
          110.44667840632012,
          -6.999702964147324
        ]
      }
    },
    {
      "type": "Feature",
      "properties": {
        "OBJECTID": 69,
        "No": 69,
        "Nama_Halte": "Gayamsari Portable",
        "Alias": " ",
        "Jenis_Shel": "Portable",
        "Latitude__": -7.0029043,
        "Longitude": 110.4497525,
        "SymbolID": null,
        "halte_id": 68,
        "nama_halte": "Gayamsari Portable",
        "koridor_list": ";K1;",
        "jumlah_koridor": 1,
        "is_transit": false
      },
      "geometry": {
        "type": "Point",
        "coordinates": [
          110.45017824266706,
          -7.001130445497044
        ]
      }
    },
    {
      "type": "Feature",
      "properties": {
        "OBJECTID": 70,
        "No": 70,
        "Nama_Halte": "Beruang",
        "Alias": "Halte BRT Beruang",
        "Jenis_Shel": "Permanen",
        "Latitude__": -7.0046756,
        "Longitude": 110.4524436,
        "SymbolID": null,
        "halte_id": 69,
        "nama_halte": "Beruang",
        "koridor_list": ";K1;",
        "jumlah_koridor": 1,
        "is_transit": false
      },
      "geometry": {
        "type": "Point",
        "coordinates": [
          110.45267825410274,
          -7.002120139559342
        ]
      }
    },
    {
      "type": "Feature",
      "properties": {
        "OBJECTID": 71,
        "No": 71,
        "Nama_Halte": "BLK A",
        "Alias": "Halte BRT BLK 1",
        "Jenis_Shel": "Permanen",
        "Latitude__": -7.0096995,
        "Longitude": 110.4680109,
        "SymbolID": null,
        "halte_id": 70,
        "nama_halte": "BLK A",
        "koridor_list": ";K1;",
        "jumlah_koridor": 1,
        "is_transit": false
      },
      "geometry": {
        "type": "Point",
        "coordinates": [
          110.46817868433023,
          -7.008863377520967
        ]
      }
    },
    {
      "type": "Feature",
      "properties": {
        "OBJECTID": 72,
        "No": 72,
        "Nama_Halte": "Samsat A",
        "Alias": "Halte BRT Samsat",
        "Jenis_Shel": "Permanen",
        "Latitude__": -7.0102575,
        "Longitude": 110.4704936,
        "SymbolID": null,
        "halte_id": 71,
        "nama_halte": "Samsat A",
        "koridor_list": ";K1;",
        "jumlah_koridor": 1,
        "is_transit": false
      },
      "geometry": {
        "type": "Point",
        "coordinates": [
          110.47068408565765,
          -7.009947564817044
        ]
      }
    },
    {
      "type": "Feature",
      "properties": {
        "OBJECTID": 73,
        "No": 73,
        "Nama_Halte": "Zebra A",
        "Alias": "Halte Shelter 051",
        "Jenis_Shel": "Permanen",
        "Latitude__": -7.0125734,
        "Longitude": 110.4772716,
        "SymbolID": null,
        "halte_id": 72,
        "nama_halte": "Zebra A",
        "koridor_list": ";K1;",
        "jumlah_koridor": 1,
        "is_transit": false
      },
      "geometry": {
        "type": "Point",
        "coordinates": [
          110.47697139433119,
          -7.01244760551229
        ]
      }
    },
    {
      "type": "Feature",
      "properties": {
        "OBJECTID": 74,
        "No": 74,
        "Nama_Halte": "Manunggal Jati A",
        "Alias": "Halte BRT Zebra",
        "Jenis_Shel": "Permanen",
        "Latitude__": -7.0141631,
        "Longitude": 110.4807891,
        "SymbolID": null,
        "halte_id": 73,
        "nama_halte": "Manunggal Jati A",
        "koridor_list": ";K1;",
        "jumlah_koridor": 1,
        "is_transit": false
      },
      "geometry": {
        "type": "Point",
        "coordinates": [
          110.48117820480672,
          -7.014172839750977
        ]
      }
    },
    {
      "type": "Feature",
      "properties": {
        "OBJECTID": 75,
        "No": 75,
        "Nama_Halte": "Pucang Gading A",
        "Alias": "Halte BRT Pucanggading",
        "Jenis_Shel": "Permanen",
        "Latitude__": -7.018243,
        "Longitude": 110.4901294,
        "SymbolID": null,
        "halte_id": 74,
        "nama_halte": "Pucang Gading A",
        "koridor_list": ";K1;F3;",
        "jumlah_koridor": 2,
        "is_transit": true
      },
      "geometry": {
        "type": "Point",
        "coordinates": [
          110.49067878725158,
          -7.018064623746048
        ]
      }
    },
    {
      "type": "Feature",
      "properties": {
        "OBJECTID": 76,
        "No": 76,
        "Nama_Halte": "Sisemut",
        "Alias": "Terminal Bus Sisemut Ungaran",
        "Jenis_Shel": "Permanen",
        "Latitude__": -7.1205006,
        "Longitude": 110.4039368,
        "SymbolID": null,
        "halte_id": 75,
        "nama_halte": "Sisemut",
        "koridor_list": ";K2;",
        "jumlah_koridor": 1,
        "is_transit": false
      },
      "geometry": {
        "type": "Point",
        "coordinates": [
          110.40393656510172,
          -7.120500848200153
        ]
      }
    },
    {
      "type": "Feature",
      "properties": {
        "OBJECTID": 77,
        "No": 77,
        "Nama_Halte": "Taman Unyil A",
        "Alias": "Halte Trans Semarang Taman Unyil",
        "Jenis_Shel": "Permanen",
        "Latitude__": -7.1092691,
        "Longitude": 110.4115956,
        "SymbolID": null,
        "halte_id": 76,
        "nama_halte": "Taman Unyil A",
        "koridor_list": "",
        "jumlah_koridor": 0,
        "is_transit": false
      },
      "geometry": {
        "type": "Point",
        "coordinates": [
          110.41211931902474,
          -7.10944751428366
        ]
      }
    },
    {
      "type": "Feature",
      "properties": {
        "OBJECTID": 78,
        "No": 78,
        "Nama_Halte": "Pramuka",
        "Alias": "Halte Pudak Payung 2",
        "Jenis_Shel": "Portable",
        "Latitude__": -7.103253,
        "Longitude": 110.4089214,
        "SymbolID": null,
        "halte_id": 77,
        "nama_halte": "Pramuka",
        "koridor_list": ";K2;",
        "jumlah_koridor": 1,
        "is_transit": false
      },
      "geometry": {
        "type": "Point",
        "coordinates": [
          110.40869673779225,
          -7.103447403646463
        ]
      }
    },
    {
      "type": "Feature",
      "properties": {
        "OBJECTID": 79,
        "No": 79,
        "Nama_Halte": "BPK A",
        "Alias": "Halte BPK A",
        "Jenis_Shel": "Permanen",
        "Latitude__": -7.0978612,
        "Longitude": 110.4093993,
        "SymbolID": null,
        "halte_id": 78,
        "nama_halte": "BPK A",
        "koridor_list": ";K2;",
        "jumlah_koridor": 1,
        "is_transit": false
      },
      "geometry": {
        "type": "Point",
        "coordinates": [
          110.40898509699846,
          -7.097836770278064
        ]
      }
    },
    {
      "type": "Feature",
      "properties": {
        "OBJECTID": 80,
        "No": 80,
        "Nama_Halte": "Pudak Payung A",
        "Alias": "Halte Pudak Payung",
        "Jenis_Shel": "Permanen",
        "Latitude__": -7.0941675,
        "Longitude": 110.4088418,
        "SymbolID": null,
        "halte_id": 79,
        "nama_halte": "Pudak Payung A",
        "koridor_list": ";K2;",
        "jumlah_koridor": 1,
        "is_transit": false
      },
      "geometry": {
        "type": "Point",
        "coordinates": [
          110.40928423598808,
          -7.093947439787909
        ]
      }
    },
    {
      "type": "Feature",
      "properties": {
        "OBJECTID": 81,
        "No": 81,
        "Nama_Halte": "Makodam/Kedawung 2",
        "Alias": "Halte Kodam 2",
        "Jenis_Shel": "Permanen",
        "Latitude__": -7.0810635,
        "Longitude": 110.4108289,
        "SymbolID": null,
        "halte_id": 80,
        "nama_halte": "Makodam/Kedawung 2",
        "koridor_list": ";K2;",
        "jumlah_koridor": 1,
        "is_transit": false
      },
      "geometry": {
        "type": "Point",
        "coordinates": [
          110.4103864688417,
          -7.081191667246887
        ]
      }
    },
    {
      "type": "Feature",
      "properties": {
        "OBJECTID": 82,
        "No": 82,
        "Nama_Halte": "Terminal Banyumanik A",
        "Alias": "Terminal Banyumanik",
        "Jenis_Shel": "Permanen",
        "Latitude__": -7.0737763,
        "Longitude": 110.4108151,
        "SymbolID": null,
        "halte_id": 81,
        "nama_halte": "Terminal Banyumanik A",
        "koridor_list": ";K2;F3;",
        "jumlah_koridor": 2,
        "is_transit": true
      },
      "geometry": {
        "type": "Point",
        "coordinates": [
          110.41108984970916,
          -7.073818314986975
        ]
      }
    },
    {
      "type": "Feature",
      "properties": {
        "OBJECTID": 83,
        "No": 83,
        "Nama_Halte": "Sukun B",
        "Alias": "Halte BRT Sukun",
        "Jenis_Shel": "Permanen",
        "Latitude__": -7.0638929,
        "Longitude": 110.4122675,
        "SymbolID": null,
        "halte_id": 82,
        "nama_halte": "Sukun B",
        "koridor_list": ";K2;",
        "jumlah_koridor": 1,
        "is_transit": false
      },
      "geometry": {
        "type": "Point",
        "coordinates": [
          110.41164860181587,
          -7.063946878147988
        ]
      }
    },
    {
      "type": "Feature",
      "properties": {
        "OBJECTID": 84,
        "No": 84,
        "Nama_Halte": "ADA Setiabudi A",
        "Alias": "Halte BRT Setiabudi B",
        "Jenis_Shel": "Permanen",
        "Latitude__": -7.0604635,
        "Longitude": 110.4134928,
        "SymbolID": null,
        "halte_id": 83,
        "nama_halte": "ADA Setiabudi A",
        "koridor_list": ";K2;",
        "jumlah_koridor": 1,
        "is_transit": false
      },
      "geometry": {
        "type": "Point",
        "coordinates": [
          110.41199355488497,
          -7.06044684910489
        ]
      }
    },
    {
      "type": "Feature",
      "properties": {
        "OBJECTID": 85,
        "No": 85,
        "Nama_Halte": "Srondol A",
        "Alias": "Halte BRT Srondol",
        "Jenis_Shel": "Permanen",
        "Latitude__": -7.051601,
        "Longitude": 110.4172194,
        "SymbolID": null,
        "halte_id": 84,
        "nama_halte": "Srondol A",
        "koridor_list": ";K2;",
        "jumlah_koridor": 1,
        "is_transit": false
      },
      "geometry": {
        "type": "Point",
        "coordinates": [
          110.4126780711315,
          -7.051648518574161
        ]
      }
    },
    {
      "type": "Feature",
      "properties": {
        "OBJECTID": 86,
        "No": 86,
        "Nama_Halte": "Tembalang A",
        "Alias": "Halte BRT Tembalang",
        "Jenis_Shel": "Permanen",
        "Latitude__": -7.0478132,
        "Longitude": 110.4199848,
        "SymbolID": null,
        "halte_id": 85,
        "nama_halte": "Tembalang A",
        "koridor_list": "",
        "jumlah_koridor": 0,
        "is_transit": false
      },
      "geometry": {
        "type": "Point",
        "coordinates": [
          110.4126780711315,
          -7.047756124464594
        ]
      }
    },
    {
      "type": "Feature",
      "properties": {
        "OBJECTID": 87,
        "No": 87,
        "Nama_Halte": "Bukit Sari 1",
        "Alias": "Halte Bukit Sari",
        "Jenis_Shel": "Portable",
        "Latitude__": -7.044047,
        "Longitude": 110.4211534,
        "SymbolID": null,
        "halte_id": 86,
        "nama_halte": "Bukit Sari 1",
        "koridor_list": "",
        "jumlah_koridor": 0,
        "is_transit": false
      },
      "geometry": {
        "type": "Point",
        "coordinates": [
          110.41292959941104,
          -7.043947501974113
        ]
      }
    },
    {
      "type": "Feature",
      "properties": {
        "OBJECTID": 88,
        "No": 88,
        "Nama_Halte": "Kesatrian 2",
        "Alias": "Halte BRT Kesatrian",
        "Jenis_Shel": "Permanen",
        "Latitude__": -7.0304575,
        "Longitude": 110.4182845,
        "SymbolID": null,
        "halte_id": 87,
        "nama_halte": "Kesatrian 2",
        "koridor_list": ";K3A;K3B;K6;",
        "jumlah_koridor": 3,
        "is_transit": true
      },
      "geometry": {
        "type": "Point",
        "coordinates": [
          110.41402015416595,
          -7.030447680440667
        ]
      }
    },
    {
      "type": "Feature",
      "properties": {
        "OBJECTID": 89,
        "No": 89,
        "Nama_Halte": "Donbosco A",
        "Alias": "Halte BRT Kaliwiru",
        "Jenis_Shel": "Permanen",
        "Latitude__": -7.0227197,
        "Longitude": 110.419679,
        "SymbolID": null,
        "halte_id": 88,
        "nama_halte": "Donbosco A",
        "koridor_list": ";K3A;K6;",
        "jumlah_koridor": 2,
        "is_transit": true
      },
      "geometry": {
        "type": "Point",
        "coordinates": [
          110.41448188822197,
          -7.022662503932093
        ]
      }
    },
    {
      "type": "Feature",
      "properties": {
        "OBJECTID": 90,
        "No": 90,
        "Nama_Halte": "Akpol A",
        "Alias": "Halte BRT Akpol",
        "Jenis_Shel": "Permanen",
        "Latitude__": -7.015125,
        "Longitude": 110.4175012,
        "SymbolID": null,
        "halte_id": 89,
        "nama_halte": "Akpol A",
        "koridor_list": ";K2;K3A;K6;",
        "jumlah_koridor": 3,
        "is_transit": true
      },
      "geometry": {
        "type": "Point",
        "coordinates": [
          110.41517808256717,
          -7.015110793874785
        ]
      }
    },
    {
      "type": "Feature",
      "properties": {
        "OBJECTID": 91,
        "No": 91,
        "Nama_Halte": "Kagok A",
        "Alias": "Halte BRT Papandayan",
        "Jenis_Shel": "Permanen",
        "Latitude__": -7.0114871,
        "Longitude": 110.4156619,
        "SymbolID": null,
        "halte_id": 90,
        "nama_halte": "Kagok A",
        "koridor_list": ";K2;K3A;K6;",
        "jumlah_koridor": 3,
        "is_transit": true
      },
      "geometry": {
        "type": "Point",
        "coordinates": [
          110.41548440807907,
          -7.011940287354921
        ]
      }
    },
    {
      "type": "Feature",
      "properties": {
        "OBJECTID": 92,
        "No": 92,
        "Nama_Halte": "Merapi 2",
        "Alias": " ",
        "Jenis_Shel": "Portable",
        "Latitude__": -7.0053189,
        "Longitude": 110.4128052,
        "SymbolID": null,
        "halte_id": 91,
        "nama_halte": "Merapi 2",
        "koridor_list": "",
        "jumlah_koridor": 0,
        "is_transit": false
      },
      "geometry": {
        "type": "Point",
        "coordinates": [
          110.4127957504337,
          -7.00713723201623
        ]
      }
    },
    {
      "type": "Feature",
      "properties": {
        "OBJECTID": 93,
        "No": 93,
        "Nama_Halte": "Gajah Mungkur A",
        "Alias": "Halte BRT Gajah Mungkur 1",
        "Jenis_Shel": "Permanen",
        "Latitude__": -7.0044986,
        "Longitude": 110.4088155,
        "SymbolID": null,
        "halte_id": 92,
        "nama_halte": "Gajah Mungkur A",
        "koridor_list": "",
        "jumlah_koridor": 0,
        "is_transit": false
      },
      "geometry": {
        "type": "Point",
        "coordinates": [
          110.40881531540978,
          -7.004947443190955
        ]
      }
    },
    {
      "type": "Feature",
      "properties": {
        "OBJECTID": 94,
        "No": 94,
        "Nama_Halte": "Ngaglik B",
        "Alias": "Halte Ngaglik B",
        "Jenis_Shel": "Permanen",
        "Latitude__": -6.996367,
        "Longitude": 110.4073786,
        "SymbolID": null,
        "halte_id": 93,
        "nama_halte": "Ngaglik B",
        "koridor_list": ";K2;",
        "jumlah_koridor": 1,
        "is_transit": false
      },
      "geometry": {
        "type": "Point",
        "coordinates": [
          110.40641771191645,
          -6.996447648372926
        ]
      }
    },
    {
      "type": "Feature",
      "properties": {
        "OBJECTID": 95,
        "No": 95,
        "Nama_Halte": "RS Kariadi B",
        "Alias": "Halte BRT Polrestabes",
        "Jenis_Shel": "Permanen",
        "Latitude__": -6.9934583,
        "Longitude": 110.4066082,
        "SymbolID": null,
        "halte_id": 94,
        "nama_halte": "RS Kariadi B",
        "koridor_list": ";K5;",
        "jumlah_koridor": 1,
        "is_transit": false
      },
      "geometry": {
        "type": "Point",
        "coordinates": [
          110.405951486284,
          -6.99344731669146
        ]
      }
    },
    {
      "type": "Feature",
      "properties": {
        "OBJECTID": 96,
        "No": 96,
        "Nama_Halte": "RS Wirabhakti Tamtama",
        "Alias": "Halte RST Wirabakti Tamtama",
        "Jenis_Shel": "Permanen",
        "Latitude__": -6.9873007,
        "Longitude": 110.4080912,
        "SymbolID": null,
        "halte_id": 95,
        "nama_halte": "RS Wirabhakti Tamtama",
        "koridor_list": ";K2;K5;",
        "jumlah_koridor": 2,
        "is_transit": true
      },
      "geometry": {
        "type": "Point",
        "coordinates": [
          110.40767804826007,
          -6.987271833389405
        ]
      }
    },
    {
      "type": "Feature",
      "properties": {
        "OBJECTID": 97,
        "No": 97,
        "Nama_Halte": "Mandiri Pemuda",
        "Alias": " ",
        "Jenis_Shel": "Permanen",
        "Latitude__": -6.9755961,
        "Longitude": 110.4182604,
        "SymbolID": null,
        "halte_id": 96,
        "nama_halte": "Mandiri Pemuda",
        "koridor_list": ";K2;K3A;K5;K7;",
        "jumlah_koridor": 4,
        "is_transit": true
      },
      "geometry": {
        "type": "Point",
        "coordinates": [
          110.41819372697599,
          -6.975139080539653
        ]
      }
    },
    {
      "type": "Feature",
      "properties": {
        "OBJECTID": 98,
        "No": 98,
        "Nama_Halte": "Johar B",
        "Alias": "Halte Johar 2",
        "Jenis_Shel": "Permanen",
        "Latitude__": -6.9713451,
        "Longitude": 110.4220242,
        "SymbolID": null,
        "halte_id": 97,
        "nama_halte": "Johar B",
        "koridor_list": ";K2;K4;K7;",
        "jumlah_koridor": 3,
        "is_transit": true
      },
      "geometry": {
        "type": "Point",
        "coordinates": [
          110.42202414334746,
          -6.971202355088122
        ]
      }
    },
    {
      "type": "Feature",
      "properties": {
        "OBJECTID": 99,
        "No": 99,
        "Nama_Halte": "Layur",
        "Alias": "Halte Layur",
        "Jenis_Shel": "Permanen",
        "Latitude__": -6.9688219,
        "Longitude": 110.4218884,
        "SymbolID": null,
        "halte_id": 98,
        "nama_halte": "Layur",
        "koridor_list": ";K2;K3B;K4;K7;",
        "jumlah_koridor": 4,
        "is_transit": true
      },
      "geometry": {
        "type": "Point",
        "coordinates": [
          110.42191724382866,
          -6.968588850455878
        ]
      }
    },
    {
      "type": "Feature",
      "properties": {
        "OBJECTID": 100,
        "No": 100,
        "Nama_Halte": "Stasiun Tawang",
        "Alias": "Halte BRT Tawang",
        "Jenis_Shel": "Permanen",
        "Latitude__": -6.9653614,
        "Longitude": 110.4270056,
        "SymbolID": null,
        "halte_id": 99,
        "nama_halte": "Stasiun Tawang",
        "koridor_list": ";K2;K3B;K7;",
        "jumlah_koridor": 3,
        "is_transit": true
      },
      "geometry": {
        "type": "Point",
        "coordinates": [
          110.4270053015979,
          -6.965684642102282
        ]
      }
    },
    {
      "type": "Feature",
      "properties": {
        "OBJECTID": 101,
        "No": 101,
        "Nama_Halte": "Penjaringan A",
        "Alias": "Halte Penjaringan",
        "Jenis_Shel": "Portable",
        "Latitude__": -6.960209,
        "Longitude": 110.4381378,
        "SymbolID": null,
        "halte_id": 100,
        "nama_halte": "Penjaringan A",
        "koridor_list": ";K2;K3B;K7;",
        "jumlah_koridor": 3,
        "is_transit": true
      },
      "geometry": {
        "type": "Point",
        "coordinates": [
          110.43817854710178,
          -6.959960882541563
        ]
      }
    },
    {
      "type": "Feature",
      "properties": {
        "OBJECTID": 102,
        "No": 102,
        "Nama_Halte": "Pasar Kaligawe A",
        "Alias": " ",
        "Jenis_Shel": "Permanen",
        "Latitude__": -6.959217,
        "Longitude": 110.4440719,
        "SymbolID": null,
        "halte_id": 101,
        "nama_halte": "Pasar Kaligawe A",
        "koridor_list": ";K2;F2B;",
        "jumlah_koridor": 2,
        "is_transit": true
      },
      "geometry": {
        "type": "Point",
        "coordinates": [
          110.44405802063635,
          -6.959545352177875
        ]
      }
    },
    {
      "type": "Feature",
      "properties": {
        "OBJECTID": 103,
        "No": 103,
        "Nama_Halte": "Kampung Semarang B",
        "Alias": "Halte Kampung Semarang B",
        "Jenis_Shel": "Permanen",
        "Latitude__": -6.9584425,
        "Longitude": 110.4458995,
        "SymbolID": null,
        "halte_id": 102,
        "nama_halte": "Kampung Semarang B",
        "koridor_list": ";K2;",
        "jumlah_koridor": 1,
        "is_transit": false
      },
      "geometry": {
        "type": "Point",
        "coordinates": [
          110.4459561608317,
          -6.959056702266669
        ]
      }
    },
    {
      "type": "Feature",
      "properties": {
        "OBJECTID": 104,
        "No": 104,
        "Nama_Halte": "LIK B",
        "Alias": "Halte LIK B",
        "Jenis_Shel": "Permanen",
        "Latitude__": -6.9562111,
        "Longitude": 110.4542114,
        "SymbolID": null,
        "halte_id": 103,
        "nama_halte": "LIK B",
        "koridor_list": ";K2;",
        "jumlah_koridor": 1,
        "is_transit": false
      },
      "geometry": {
        "type": "Point",
        "coordinates": [
          110.45421167829276,
          -6.957225152270413
        ]
      }
    },
    {
      "type": "Feature",
      "properties": {
        "OBJECTID": 105,
        "No": 105,
        "Nama_Halte": "RSI 2",
        "Alias": "Halte RSI Sultan Agung B",
        "Jenis_Shel": "Permanen",
        "Latitude__": -6.9562531,
        "Longitude": 110.4595735,
        "SymbolID": null,
        "halte_id": 104,
        "nama_halte": "RSI 2",
        "koridor_list": ";K2;F2B;",
        "jumlah_koridor": 2,
        "is_transit": true
      },
      "geometry": {
        "type": "Point",
        "coordinates": [
          110.45957372222365,
          -6.956253197325803
        ]
      }
    },
    {
      "type": "Feature",
      "properties": {
        "OBJECTID": 106,
        "No": 106,
        "Nama_Halte": "Terboyo",
        "Alias": "Terminal Bus Terboyo",
        "Jenis_Shel": "Permanen",
        "Latitude__": -6.9518309,
        "Longitude": 110.46251,
        "SymbolID": null,
        "halte_id": 105,
        "nama_halte": "Terboyo",
        "koridor_list": ";K2;K7;F2A;F2B;",
        "jumlah_koridor": 4,
        "is_transit": true
      },
      "geometry": {
        "type": "Point",
        "coordinates": [
          110.46330801885973,
          -6.952806753718921
        ]
      }
    },
    {
      "type": "Feature",
      "properties": {
        "OBJECTID": 107,
        "No": 107,
        "Nama_Halte": "RSI 1",
        "Alias": "Halte RSI Sultan Agung A",
        "Jenis_Shel": "Permanen",
        "Latitude__": -6.9571349,
        "Longitude": 110.4589727,
        "SymbolID": null,
        "halte_id": 106,
        "nama_halte": "RSI 1",
        "koridor_list": ";K2;F2A;F2B;",
        "jumlah_koridor": 3,
        "is_transit": true
      },
      "geometry": {
        "type": "Point",
        "coordinates": [
          110.45897274929858,
          -6.957135090474786
        ]
      }
    },
    {
      "type": "Feature",
      "properties": {
        "OBJECTID": 108,
        "No": 108,
        "Nama_Halte": "LIK 1",
        "Alias": "Halte LIK A",
        "Jenis_Shel": "Permanen",
        "Latitude__": -6.9574274,
        "Longitude": 110.4553369,
        "SymbolID": null,
        "halte_id": 107,
        "nama_halte": "LIK 1",
        "koridor_list": ";K2;F2A;",
        "jumlah_koridor": 2,
        "is_transit": true
      },
      "geometry": {
        "type": "Point",
        "coordinates": [
          110.455350742073,
          -6.957955454707724
        ]
      }
    },
    {
      "type": "Feature",
      "properties": {
        "OBJECTID": 109,
        "No": 109,
        "Nama_Halte": "Kali gawe 1",
        "Alias": "Halte Kaligawe",
        "Jenis_Shel": "Portable",
        "Latitude__": -6.959813,
        "Longitude": 110.4420947,
        "SymbolID": null,
        "halte_id": 108,
        "nama_halte": "Kali gawe 1",
        "koridor_list": ";K2;F2A;F2B;",
        "jumlah_koridor": 3,
        "is_transit": true
      },
      "geometry": {
        "type": "Point",
        "coordinates": [
          110.44234852665066,
          -6.960865061074558
        ]
      }
    },
    {
      "type": "Feature",
      "properties": {
        "OBJECTID": 110,
        "No": 110,
        "Nama_Halte": "Honda",
        "Alias": "Halte Posis",
        "Jenis_Shel": "Permanen",
        "Latitude__": -6.9622869,
        "Longitude": 110.4381556,
        "SymbolID": null,
        "halte_id": 109,
        "nama_halte": "Honda",
        "koridor_list": ";K2;K3B;K7;",
        "jumlah_koridor": 3,
        "is_transit": true
      },
      "geometry": {
        "type": "Point",
        "coordinates": [
          110.43878401160327,
          -6.962276610469248
        ]
      }
    },
    {
      "type": "Feature",
      "properties": {
        "OBJECTID": 111,
        "No": 111,
        "Nama_Halte": "Raden Patah",
        "Alias": "Halte Radenpatah",
        "Jenis_Shel": "Permanen",
        "Latitude__": -6.9642305,
        "Longitude": 110.4362245,
        "SymbolID": null,
        "halte_id": 110,
        "nama_halte": "Raden Patah",
        "koridor_list": ";K2;K3B;K4;K7;",
        "jumlah_koridor": 4,
        "is_transit": true
      },
      "geometry": {
        "type": "Point",
        "coordinates": [
          110.43622560967408,
          -6.964043047538521
        ]
      }
    },
    {
      "type": "Feature",
      "properties": {
        "OBJECTID": 112,
        "No": 112,
        "Nama_Halte": "Panti Wiloso dr Cipto",
        "Alias": "Halte RS Panti Wiloso",
        "Jenis_Shel": "Permanen",
        "Latitude__": -6.974398,
        "Longitude": 110.4341488,
        "SymbolID": null,
        "halte_id": 111,
        "nama_halte": "Panti Wiloso dr Cipto",
        "koridor_list": "",
        "jumlah_koridor": 0,
        "is_transit": false
      },
      "geometry": {
        "type": "Point",
        "coordinates": [
          110.43470745684394,
          -6.973445802231391
        ]
      }
    },
    {
      "type": "Feature",
      "properties": {
        "OBJECTID": 113,
        "No": 113,
        "Nama_Halte": "SMK N 1",
        "Alias": "Halte SMK 1",
        "Jenis_Shel": "Permanen",
        "Latitude__": -6.9808546,
        "Longitude": 110.4348113,
        "SymbolID": null,
        "halte_id": 112,
        "nama_halte": "SMK N 1",
        "koridor_list": ";K2;K3B;K7;",
        "jumlah_koridor": 3,
        "is_transit": true
      },
      "geometry": {
        "type": "Point",
        "coordinates": [
          110.43440202964733,
          -6.98096341182898
        ]
      }
    },
    {
      "type": "Feature",
      "properties": {
        "OBJECTID": 114,
        "No": 114,
        "Nama_Halte": "Mataram",
        "Alias": "Halte Sekolah Mataram",
        "Jenis_Shel": "Permanen",
        "Latitude__": -6.9822543,
        "Longitude": 110.4312627,
        "SymbolID": null,
        "halte_id": 113,
        "nama_halte": "Mataram",
        "koridor_list": ";K2;K4;K7;",
        "jumlah_koridor": 3,
        "is_transit": true
      },
      "geometry": {
        "type": "Point",
        "coordinates": [
          110.43111060244632,
          -6.982251852545658
        ]
      }
    },
    {
      "type": "Feature",
      "properties": {
        "OBJECTID": 115,
        "No": 115,
        "Nama_Halte": "Bubakan",
        "Alias": "Halte Radio Gajah Mada",
        "Jenis_Shel": "Permanen",
        "Latitude__": -6.9759885,
        "Longitude": 110.4305193,
        "SymbolID": null,
        "halte_id": 114,
        "nama_halte": "Bubakan",
        "koridor_list": ";K2;K4;K7;",
        "jumlah_koridor": 3,
        "is_transit": true
      },
      "geometry": {
        "type": "Point",
        "coordinates": [
          110.43107377151966,
          -6.97594692996088
        ]
      }
    },
    {
      "type": "Feature",
      "properties": {
        "OBJECTID": 116,
        "No": 116,
        "Nama_Halte": "Johar A",
        "Alias": "Halte Johar",
        "Jenis_Shel": "Permanen",
        "Latitude__": -6.97218,
        "Longitude": 110.4214627,
        "SymbolID": null,
        "halte_id": 115,
        "nama_halte": "Johar A",
        "koridor_list": ";K2;K4;",
        "jumlah_koridor": 2,
        "is_transit": true
      },
      "geometry": {
        "type": "Point",
        "coordinates": [
          110.42167829196308,
          -6.972555023033956
        ]
      }
    },
    {
      "type": "Feature",
      "properties": {
        "OBJECTID": 117,
        "No": 117,
        "Nama_Halte": "BCA Pemuda",
        "Alias": "Halte BCA Jl. Pemuda",
        "Jenis_Shel": "Permanen",
        "Latitude__": -6.9762254,
        "Longitude": 110.4182407,
        "SymbolID": null,
        "halte_id": 116,
        "nama_halte": "BCA Pemuda",
        "koridor_list": ";K2;K3A;K5;",
        "jumlah_koridor": 3,
        "is_transit": true
      },
      "geometry": {
        "type": "Point",
        "coordinates": [
          110.41817845561613,
          -6.976054821444733
        ]
      }
    },
    {
      "type": "Feature",
      "properties": {
        "OBJECTID": 118,
        "No": 118,
        "Nama_Halte": "Dominico",
        "Alias": "Halte Domenico Savio",
        "Jenis_Shel": "Permanen",
        "Latitude__": -6.985924,
        "Longitude": 110.4084516,
        "SymbolID": null,
        "halte_id": 117,
        "nama_halte": "Dominico",
        "koridor_list": ";K2;K5;",
        "jumlah_koridor": 2,
        "is_transit": true
      },
      "geometry": {
        "type": "Point",
        "coordinates": [
          110.40917823478455,
          -6.986238417226353
        ]
      }
    },
    {
      "type": "Feature",
      "properties": {
        "OBJECTID": 119,
        "No": 119,
        "Nama_Halte": "RS Kariadi A",
        "Alias": "Halte BRT Kariadi",
        "Jenis_Shel": "Permanen",
        "Latitude__": -6.9934683,
        "Longitude": 110.4066695,
        "SymbolID": null,
        "halte_id": 118,
        "nama_halte": "RS Kariadi A",
        "koridor_list": ";K2;K5;",
        "jumlah_koridor": 2,
        "is_transit": true
      },
      "geometry": {
        "type": "Point",
        "coordinates": [
          110.40681207232619,
          -6.99344731669146
        ]
      }
    },
    {
      "type": "Feature",
      "properties": {
        "OBJECTID": 120,
        "No": 120,
        "Nama_Halte": "Ngaglik A",
        "Alias": "Halte Ngaglik A",
        "Jenis_Shel": "Permanen",
        "Latitude__": -6.996616,
        "Longitude": 110.4070678,
        "SymbolID": null,
        "halte_id": 119,
        "nama_halte": "Ngaglik A",
        "koridor_list": ";K2;",
        "jumlah_koridor": 1,
        "is_transit": false
      },
      "geometry": {
        "type": "Point",
        "coordinates": [
          110.40729626426432,
          -6.996447648372926
        ]
      }
    },
    {
      "type": "Feature",
      "properties": {
        "OBJECTID": 121,
        "No": 121,
        "Nama_Halte": "Gajah Mungkur B",
        "Alias": "Halte BRT Gajah Mungkur 1",
        "Jenis_Shel": "Permanen",
        "Latitude__": -7.0044404,
        "Longitude": 110.4084083,
        "SymbolID": null,
        "halte_id": 120,
        "nama_halte": "Gajah Mungkur B",
        "koridor_list": ";K2;",
        "jumlah_koridor": 1,
        "is_transit": false
      },
      "geometry": {
        "type": "Point",
        "coordinates": [
          110.40868775463942,
          -7.003947055785816
        ]
      }
    },
    {
      "type": "Feature",
      "properties": {
        "OBJECTID": 122,
        "No": 122,
        "Nama_Halte": "Merapi 1",
        "Alias": " ",
        "Jenis_Shel": "Portable",
        "Latitude__": -7.0053,
        "Longitude": 110.4126451,
        "SymbolID": null,
        "halte_id": 121,
        "nama_halte": "Merapi 1",
        "koridor_list": ";K2;",
        "jumlah_koridor": 1,
        "is_transit": false
      },
      "geometry": {
        "type": "Point",
        "coordinates": [
          110.41266908797866,
          -7.005946936841856
        ]
      }
    },
    {
      "type": "Feature",
      "properties": {
        "OBJECTID": 123,
        "No": 123,
        "Nama_Halte": "Elisabeth",
        "Alias": "Halte BRT Elisabeth",
        "Jenis_Shel": "Permanen",
        "Latitude__": -7.0080563,
        "Longitude": 110.4169002,
        "SymbolID": null,
        "halte_id": 122,
        "nama_halte": "Elisabeth",
        "koridor_list": ";K2;K3A;K3B;K6;",
        "jumlah_koridor": 4,
        "is_transit": true
      },
      "geometry": {
        "type": "Point",
        "coordinates": [
          110.4163539772741,
          -7.00835783866786
        ]
      }
    },
    {
      "type": "Feature",
      "properties": {
        "OBJECTID": 124,
        "No": 124,
        "Nama_Halte": "Kagok B",
        "Alias": "Halte Kagok",
        "Jenis_Shel": "Permanen",
        "Latitude__": -7.0120056,
        "Longitude": 110.4160144,
        "SymbolID": null,
        "halte_id": 123,
        "nama_halte": "Kagok B",
        "koridor_list": ";K2;K3B;K6;",
        "jumlah_koridor": 3,
        "is_transit": true
      },
      "geometry": {
        "type": "Point",
        "coordinates": [
          110.41617521253254,
          -7.011447234205126
        ]
      }
    },
    {
      "type": "Feature",
      "properties": {
        "OBJECTID": 125,
        "No": 125,
        "Nama_Halte": "Akpol B",
        "Alias": "Halte BRT Akpol",
        "Jenis_Shel": "Permanen",
        "Latitude__": -7.0154602,
        "Longitude": 110.4182408,
        "SymbolID": null,
        "halte_id": 124,
        "nama_halte": "Akpol B",
        "koridor_list": ";K2;K3B;K6;",
        "jumlah_koridor": 3,
        "is_transit": true
      },
      "geometry": {
        "type": "Point",
        "coordinates": [
          110.41596949833249,
          -7.016447286077784
        ]
      }
    },
    {
      "type": "Feature",
      "properties": {
        "OBJECTID": 126,
        "No": 126,
        "Nama_Halte": "Donbosco B",
        "Alias": "Halte Kaliwiru 2",
        "Jenis_Shel": "Permanen",
        "Latitude__": -7.0221495,
        "Longitude": 110.420033,
        "SymbolID": null,
        "halte_id": 125,
        "nama_halte": "Donbosco B",
        "koridor_list": ";K3B;",
        "jumlah_koridor": 1,
        "is_transit": false
      },
      "geometry": {
        "type": "Point",
        "coordinates": [
          110.41567844418046,
          -7.022035725577275
        ]
      }
    },
    {
      "type": "Feature",
      "properties": {
        "OBJECTID": 127,
        "No": 127,
        "Nama_Halte": "Kesatrian 1",
        "Alias": "Halte Kesatrian",
        "Jenis_Shel": "Permanen",
        "Latitude__": -7.0298393,
        "Longitude": 110.4182203,
        "SymbolID": null,
        "halte_id": 126,
        "nama_halte": "Kesatrian 1",
        "koridor_list": ";K3A;K3B;",
        "jumlah_koridor": 2,
        "is_transit": true
      },
      "geometry": {
        "type": "Point",
        "coordinates": [
          110.41515921794623,
          -7.029447347837825
        ]
      }
    },
    {
      "type": "Feature",
      "properties": {
        "OBJECTID": 128,
        "No": 128,
        "Nama_Halte": "Ps Jatingaleh 1",
        "Alias": "Halte Teuku Umar",
        "Jenis_Shel": "Portable",
        "Latitude__": -7.032098,
        "Longitude": 110.4178724,
        "SymbolID": null,
        "halte_id": 127,
        "nama_halte": "Ps Jatingaleh 1",
        "koridor_list": ";K3A;",
        "jumlah_koridor": 1,
        "is_transit": false
      },
      "geometry": {
        "type": "Point",
        "coordinates": [
          110.41498584309637,
          -7.031947283748198
        ]
      }
    },
    {
      "type": "Feature",
      "properties": {
        "OBJECTID": 129,
        "No": 129,
        "Nama_Halte": "Bukit Sari 2",
        "Alias": "Halte Gombel",
        "Jenis_Shel": "Permanen",
        "Latitude__": -7.0434533,
        "Longitude": 110.4216317,
        "SymbolID": null,
        "halte_id": 128,
        "nama_halte": "Bukit Sari 2",
        "koridor_list": "",
        "jumlah_koridor": 0,
        "is_transit": false
      },
      "geometry": {
        "type": "Point",
        "coordinates": [
          110.4141647829267,
          -7.04344735048869
        ]
      }
    },
    {
      "type": "Feature",
      "properties": {
        "OBJECTID": 130,
        "No": 130,
        "Nama_Halte": "Ngesrep B",
        "Alias": "Halte Ngesrep Patung Kuda",
        "Jenis_Shel": "Portable",
        "Latitude__": -7.0474101,
        "Longitude": 110.420196,
        "SymbolID": null,
        "halte_id": 129,
        "nama_halte": "Ngesrep B",
        "koridor_list": ";K2;K6;",
        "jumlah_koridor": 2,
        "is_transit": true
      },
      "geometry": {
        "type": "Point",
        "coordinates": [
          110.4137003539248,
          -7.047447655736488
        ]
      }
    },
    {
      "type": "Feature",
      "properties": {
        "OBJECTID": 131,
        "No": 131,
        "Nama_Halte": "Tembalang B",
        "Alias": "Halte Tembalang",
        "Jenis_Shel": "Permanen",
        "Latitude__": -7.050095,
        "Longitude": 110.4182958,
        "SymbolID": null,
        "halte_id": 130,
        "nama_halte": "Tembalang B",
        "koridor_list": ";K2;",
        "jumlah_koridor": 1,
        "is_transit": false
      },
      "geometry": {
        "type": "Point",
        "coordinates": [
          110.41329431541638,
          -7.049947494662648
        ]
      }
    },
    {
      "type": "Feature",
      "properties": {
        "OBJECTID": 132,
        "No": 132,
        "Nama_Halte": "Srondol B",
        "Alias": "Halte Srondol",
        "Jenis_Shel": "Permanen",
        "Latitude__": -7.051313,
        "Longitude": 110.4173208,
        "SymbolID": null,
        "halte_id": 131,
        "nama_halte": "Srondol B",
        "koridor_list": ";K2;",
        "jumlah_koridor": 1,
        "is_transit": false
      },
      "geometry": {
        "type": "Point",
        "coordinates": [
          110.41325658617446,
          -7.051447034935938
        ]
      }
    },
    {
      "type": "Feature",
      "properties": {
        "OBJECTID": 133,
        "No": 133,
        "Nama_Halte": "ADA Setiabudi B",
        "Alias": "Halte ADA Setiabudi",
        "Jenis_Shel": "Permanen",
        "Latitude__": -7.0604884,
        "Longitude": 110.4141427,
        "SymbolID": null,
        "halte_id": 132,
        "nama_halte": "ADA Setiabudi B",
        "koridor_list": ";K2;",
        "jumlah_koridor": 1,
        "is_transit": false
      },
      "geometry": {
        "type": "Point",
        "coordinates": [
          110.41255320530698,
          -7.06044684910489
        ]
      }
    },
    {
      "type": "Feature",
      "properties": {
        "OBJECTID": 134,
        "No": 134,
        "Nama_Halte": "Sukun A",
        "Alias": "Halte BRT Sukun 1",
        "Jenis_Shel": "Permanen",
        "Latitude__": -7.0636517,
        "Longitude": 110.4127553,
        "SymbolID": null,
        "halte_id": 133,
        "nama_halte": "Sukun A",
        "koridor_list": ";K2;",
        "jumlah_koridor": 1,
        "is_transit": false
      },
      "geometry": {
        "type": "Point",
        "coordinates": [
          110.41226035452438,
          -7.063447639761564
        ]
      }
    },
    {
      "type": "Feature",
      "properties": {
        "OBJECTID": 135,
        "No": 135,
        "Nama_Halte": "Transmart Setiabudi",
        "Alias": "Halte Sukun 2",
        "Jenis_Shel": "Permanen",
        "Latitude__": -7.065494,
        "Longitude": 110.4122992,
        "SymbolID": null,
        "halte_id": 134,
        "nama_halte": "Transmart Setiabudi",
        "koridor_list": ";K2;",
        "jumlah_koridor": 1,
        "is_transit": false
      },
      "geometry": {
        "type": "Point",
        "coordinates": [
          110.41215435332084,
          -7.06544726455408
        ]
      }
    },
    {
      "type": "Feature",
      "properties": {
        "OBJECTID": 136,
        "No": 136,
        "Nama_Halte": "Banyumanik B",
        "Alias": "Halte BRT Banyumanik",
        "Jenis_Shel": "Permanen",
        "Latitude__": -7.0742511,
        "Longitude": 110.4112493,
        "SymbolID": null,
        "halte_id": 135,
        "nama_halte": "Banyumanik B",
        "koridor_list": ";K2;F3;",
        "jumlah_koridor": 2,
        "is_transit": true
      },
      "geometry": {
        "type": "Point",
        "coordinates": [
          110.41149319327171,
          -7.073643585346073
        ]
      }
    },
    {
      "type": "Feature",
      "properties": {
        "OBJECTID": 137,
        "No": 137,
        "Nama_Halte": "Makodam/Kedawung 1",
        "Alias": "Halte Kodam",
        "Jenis_Shel": "Permanen",
        "Latitude__": -7.0821715,
        "Longitude": 110.4108782,
        "SymbolID": null,
        "halte_id": 136,
        "nama_halte": "Makodam/Kedawung 1",
        "koridor_list": ";K2;",
        "jumlah_koridor": 1,
        "is_transit": false
      },
      "geometry": {
        "type": "Point",
        "coordinates": [
          110.41097845861391,
          -7.082256964716517
        ]
      }
    },
    {
      "type": "Feature",
      "properties": {
        "OBJECTID": 138,
        "No": 138,
        "Nama_Halte": "Pudak Payung B",
        "Alias": "Halte BRT SDN Pudak Payung",
        "Jenis_Shel": "Permanen",
        "Latitude__": -7.093954,
        "Longitude": 110.4087437,
        "SymbolID": null,
        "halte_id": 137,
        "nama_halte": "Pudak Payung B",
        "koridor_list": "",
        "jumlah_koridor": 0,
        "is_transit": false
      },
      "geometry": {
        "type": "Point",
        "coordinates": [
          110.41027507774646,
          -7.094197042548117
        ]
      }
    },
    {
      "type": "Feature",
      "properties": {
        "OBJECTID": 139,
        "No": 139,
        "Nama_Halte": "BPK B",
        "Alias": "Halte BPK B",
        "Jenis_Shel": "Permanen",
        "Latitude__": -7.0971604,
        "Longitude": 110.4096236,
        "SymbolID": null,
        "halte_id": 138,
        "nama_halte": "BPK B",
        "koridor_list": "",
        "jumlah_koridor": 0,
        "is_transit": false
      },
      "geometry": {
        "type": "Point",
        "coordinates": [
          110.41008193996039,
          -7.097274276886052
        ]
      }
    },
    {
      "type": "Feature",
      "properties": {
        "OBJECTID": 140,
        "No": 140,
        "Nama_Halte": "Taman Unyil B",
        "Alias": "Halte BRT Dinas Peternakan",
        "Jenis_Shel": "Permanen",
        "Latitude__": -7.1099991,
        "Longitude": 110.4126791,
        "SymbolID": null,
        "halte_id": 139,
        "nama_halte": "Taman Unyil B",
        "koridor_list": ";K2;",
        "jumlah_koridor": 1,
        "is_transit": false
      },
      "geometry": {
        "type": "Point",
        "coordinates": [
          110.4126780711315,
          -7.110232844612136
        ]
      }
    },
    {
      "type": "Feature",
      "properties": {
        "OBJECTID": 141,
        "No": 141,
        "Nama_Halte": "PT Mas",
        "Alias": "Halte PT. Mas",
        "Jenis_Shel": "Permanen",
        "Latitude__": -7.1154652,
        "Longitude": 110.4126397,
        "SymbolID": null,
        "halte_id": 140,
        "nama_halte": "PT Mas",
        "koridor_list": "",
        "jumlah_koridor": 0,
        "is_transit": false
      },
      "geometry": {
        "type": "Point",
        "coordinates": [
          110.40989329375073,
          -7.114128277128302
        ]
      }
    },
    {
      "type": "Feature",
      "properties": {
        "OBJECTID": 142,
        "No": 142,
        "Nama_Halte": "Assalamah",
        "Alias": "Halte Assalamah",
        "Jenis_Shel": "Permanen",
        "Latitude__": -7.121191,
        "Longitude": 110.4082917,
        "SymbolID": null,
        "halte_id": 141,
        "nama_halte": "Assalamah",
        "koridor_list": ";K2;",
        "jumlah_koridor": 1,
        "is_transit": false
      },
      "geometry": {
        "type": "Point",
        "coordinates": [
          110.40789274561295,
          -7.116447692872865
        ]
      }
    },
    {
      "type": "Feature",
      "properties": {
        "OBJECTID": 143,
        "No": 143,
        "Nama_Halte": "Pasar Ungaran",
        "Alias": "Halte Pasar Bandarjo",
        "Jenis_Shel": "Permanen",
        "Latitude__": -7.1248516,
        "Longitude": 110.4066881,
        "SymbolID": null,
        "halte_id": 142,
        "nama_halte": "Pasar Ungaran",
        "koridor_list": ";K2;",
        "jumlah_koridor": 1,
        "is_transit": false
      },
      "geometry": {
        "type": "Point",
        "coordinates": [
          110.4060934200989,
          -7.118947157746828
        ]
      }
    },
    {
      "type": "Feature",
      "properties": {
        "OBJECTID": 144,
        "No": 144,
        "Nama_Halte": "Alun-alun Ungaran A",
        "Alias": "Halte Alun - Alun Ungaran",
        "Jenis_Shel": "Permanen",
        "Latitude__": -7.1268876,
        "Longitude": 110.4042597,
        "SymbolID": null,
        "halte_id": 143,
        "nama_halte": "Alun-alun Ungaran A",
        "koridor_list": ";K2;",
        "jumlah_koridor": 1,
        "is_transit": false
      },
      "geometry": {
        "type": "Point",
        "coordinates": [
          110.40467857352641,
          -7.120720129389372
        ]
      }
    },
    {
      "type": "Feature",
      "properties": {
        "OBJECTID": 145,
        "No": 145,
        "Nama_Halte": "Ronggowarsito A",
        "Alias": " ",
        "Jenis_Shel": "Permanen",
        "Latitude__": -6.9566607,
        "Longitude": 110.4306484,
        "SymbolID": null,
        "halte_id": 144,
        "nama_halte": "Ronggowarsito A",
        "koridor_list": ";K3A;K3B;",
        "jumlah_koridor": 2,
        "is_transit": true
      },
      "geometry": {
        "type": "Point",
        "coordinates": [
          110.4301781511814,
          -6.956610769975141
        ]
      }
    },
    {
      "type": "Feature",
      "properties": {
        "OBJECTID": 146,
        "No": 146,
        "Nama_Halte": "Pelindo B",
        "Alias": "Terminal Tanjung Emas",
        "Jenis_Shel": "Permanen",
        "Latitude__": -6.9485719,
        "Longitude": 110.4269791,
        "SymbolID": null,
        "halte_id": 145,
        "nama_halte": "Pelindo B",
        "koridor_list": ";K3A;K3B;",
        "jumlah_koridor": 2,
        "is_transit": true
      },
      "geometry": {
        "type": "Point",
        "coordinates": [
          110.42620490267974,
          -6.948947420239081
        ]
      }
    },
    {
      "type": "Feature",
      "properties": {
        "OBJECTID": 147,
        "No": 147,
        "Nama_Halte": "Pelindo A",
        "Alias": "Terminal Tanjung Emas",
        "Jenis_Shel": "Permanen",
        "Latitude__": -6.9497977,
        "Longitude": 110.4275451,
        "SymbolID": null,
        "halte_id": 146,
        "nama_halte": "Pelindo A",
        "koridor_list": ";K3A;K3B;",
        "jumlah_koridor": 2,
        "is_transit": true
      },
      "geometry": {
        "type": "Point",
        "coordinates": [
          110.42765927512474,
          -6.949447672969945
        ]
      }
    },
    {
      "type": "Feature",
      "properties": {
        "OBJECTID": 148,
        "No": 148,
        "Nama_Halte": "Ronggowarsito B",
        "Alias": " ",
        "Jenis_Shel": "Permanen",
        "Latitude__": -6.9580504,
        "Longitude": 110.4306218,
        "SymbolID": null,
        "halte_id": 147,
        "nama_halte": "Ronggowarsito B",
        "koridor_list": ";K3A;K3B;",
        "jumlah_koridor": 2,
        "is_transit": true
      },
      "geometry": {
        "type": "Point",
        "coordinates": [
          110.43117887440793,
          -6.957964371702381
        ]
      }
    },
    {
      "type": "Feature",
      "properties": {
        "OBJECTID": 149,
        "No": 149,
        "Nama_Halte": "Pengapon",
        "Alias": "Halte Pengapon",
        "Jenis_Shel": "Permanen",
        "Latitude__": -6.962067,
        "Longitude": 110.4343665,
        "SymbolID": null,
        "halte_id": 148,
        "nama_halte": "Pengapon",
        "koridor_list": ";K2;K3A;K3B;K4;K7;",
        "jumlah_koridor": 5,
        "is_transit": true
      },
      "geometry": {
        "type": "Point",
        "coordinates": [
          110.43416397609704,
          -6.962028720232258
        ]
      }
    },
    {
      "type": "Feature",
      "properties": {
        "OBJECTID": 150,
        "No": 150,
        "Nama_Halte": "Patimura",
        "Alias": "Halte Patimura",
        "Jenis_Shel": "Permanen",
        "Latitude__": -6.969682,
        "Longitude": 110.4311819,
        "SymbolID": null,
        "halte_id": 149,
        "nama_halte": "Patimura",
        "koridor_list": ";K3A;K7;",
        "jumlah_koridor": 2,
        "is_transit": true
      },
      "geometry": {
        "type": "Point",
        "coordinates": [
          110.43305725166701,
          -6.969226400695085
        ]
      }
    },
    {
      "type": "Feature",
      "properties": {
        "OBJECTID": 151,
        "No": 151,
        "Nama_Halte": "IKIP PGRI",
        "Alias": "Halte BRT SMK 5",
        "Jenis_Shel": "Permanen",
        "Latitude__": -6.9879,
        "Longitude": 110.4342566,
        "SymbolID": null,
        "halte_id": 150,
        "nama_halte": "IKIP PGRI",
        "koridor_list": ";K3A;F2A;",
        "jumlah_koridor": 2,
        "is_transit": true
      },
      "geometry": {
        "type": "Point",
        "coordinates": [
          110.43380195503757,
          -6.987945023880356
        ]
      }
    },
    {
      "type": "Feature",
      "properties": {
        "OBJECTID": 152,
        "No": 152,
        "Nama_Halte": "Upgris Dr. Cipto",
        "Alias": "Halte BRT Upgris Dr. Cipto",
        "Jenis_Shel": "Permanen",
        "Latitude__": -6.990067,
        "Longitude": 110.4338728,
        "SymbolID": null,
        "halte_id": 151,
        "nama_halte": "Upgris Dr. Cipto",
        "koridor_list": ";K3A;F2A;",
        "jumlah_koridor": 2,
        "is_transit": true
      },
      "geometry": {
        "type": "Point",
        "coordinates": [
          110.4338837017284,
          -6.990122409530791
        ]
      }
    },
    {
      "type": "Feature",
      "properties": {
        "OBJECTID": 153,
        "No": 153,
        "Nama_Halte": "Sidodadi A",
        "Alias": "Halte BRT Sidodadi",
        "Jenis_Shel": "Portable",
        "Latitude__": -6.99313,
        "Longitude": 110.4338534,
        "SymbolID": null,
        "halte_id": 152,
        "nama_halte": "Sidodadi A",
        "koridor_list": ";K3A;F2A;",
        "jumlah_koridor": 2,
        "is_transit": true
      },
      "geometry": {
        "type": "Point",
        "coordinates": [
          110.43263953505989,
          -6.992750060030859
        ]
      }
    },
    {
      "type": "Feature",
      "properties": {
        "OBJECTID": 154,
        "No": 154,
        "Nama_Halte": "Kompol Maksum",
        "Alias": "Halte BRT Kompol Maksoem",
        "Jenis_Shel": "Permanen",
        "Latitude__": -6.998203,
        "Longitude": 110.4332975,
        "SymbolID": null,
        "halte_id": 153,
        "nama_halte": "Kompol Maksum",
        "koridor_list": ";F2A;",
        "jumlah_koridor": 1,
        "is_transit": false
      },
      "geometry": {
        "type": "Point",
        "coordinates": [
          110.43072702182002,
          -6.997950036041955
        ]
      }
    },
    {
      "type": "Feature",
      "properties": {
        "OBJECTID": 155,
        "No": 155,
        "Nama_Halte": "Pasar Peterongan",
        "Alias": "Halte BRT Peterongan",
        "Jenis_Shel": "Portable",
        "Latitude__": -7.0023306,
        "Longitude": 110.4330297,
        "SymbolID": null,
        "halte_id": 154,
        "nama_halte": "Pasar Peterongan",
        "koridor_list": "",
        "jumlah_koridor": 0,
        "is_transit": false
      },
      "geometry": {
        "type": "Point",
        "coordinates": [
          110.42867886297222,
          -7.001855329732193
        ]
      }
    },
    {
      "type": "Feature",
      "properties": {
        "OBJECTID": 156,
        "No": 156,
        "Nama_Halte": "Java Mall B",
        "Alias": "Halte BRT Java Mall II",
        "Jenis_Shel": "Permanen",
        "Latitude__": -7.0065497,
        "Longitude": 110.4320871,
        "SymbolID": null,
        "halte_id": 155,
        "nama_halte": "Java Mall B",
        "koridor_list": ";K3A;K5;",
        "jumlah_koridor": 2,
        "is_transit": true
      },
      "geometry": {
        "type": "Point",
        "coordinates": [
          110.4261788515365,
          -7.006247408644527
        ]
      }
    },
    {
      "type": "Feature",
      "properties": {
        "OBJECTID": 157,
        "No": 157,
        "Nama_Halte": "Tanah Putih 1",
        "Alias": "Halte BRT Tanah Putih 1",
        "Jenis_Shel": "Permanen",
        "Latitude__": -7.014964,
        "Longitude": 110.4308314,
        "SymbolID": null,
        "halte_id": 156,
        "nama_halte": "Tanah Putih 1",
        "koridor_list": ";K3A;K3B;",
        "jumlah_koridor": 2,
        "is_transit": true
      },
      "geometry": {
        "type": "Point",
        "coordinates": [
          110.42179237800416,
          -7.014815677334198
        ]
      }
    },
    {
      "type": "Feature",
      "properties": {
        "OBJECTID": 158,
        "No": 158,
        "Nama_Halte": "Candi 2",
        "Alias": "Halte Candi Golf",
        "Jenis_Shel": "Permanen",
        "Latitude__": -7.017415,
        "Longitude": 110.4270568,
        "SymbolID": null,
        "halte_id": 157,
        "nama_halte": "Candi 2",
        "koridor_list": ";K3A;K3B;",
        "jumlah_koridor": 2,
        "is_transit": true
      },
      "geometry": {
        "type": "Point",
        "coordinates": [
          110.42005593455994,
          -7.017058023398973
        ]
      }
    },
    {
      "type": "Feature",
      "properties": {
        "OBJECTID": 159,
        "No": 159,
        "Nama_Halte": "Kasipah 1",
        "Alias": "Halte BRT Candi Lama",
        "Jenis_Shel": "Permanen",
        "Latitude__": -7.018955,
        "Longitude": 110.4254696,
        "SymbolID": null,
        "halte_id": 158,
        "nama_halte": "Kasipah 1",
        "koridor_list": ";K3A;K3B;",
        "jumlah_koridor": 2,
        "is_transit": true
      },
      "geometry": {
        "type": "Point",
        "coordinates": [
          110.41985201699045,
          -7.018947291878034
        ]
      }
    },
    {
      "type": "Feature",
      "properties": {
        "OBJECTID": 160,
        "No": 160,
        "Nama_Halte": "SMA Sint Louis 1",
        "Alias": "Halte Sint Luis",
        "Jenis_Shel": "Permanen",
        "Latitude__": -7.021803,
        "Longitude": 110.4217956,
        "SymbolID": null,
        "halte_id": 159,
        "nama_halte": "SMA Sint Louis 1",
        "koridor_list": ";K3A;K3B;",
        "jumlah_koridor": 2,
        "is_transit": true
      },
      "geometry": {
        "type": "Point",
        "coordinates": [
          110.4186788172294,
          -7.021290366434402
        ]
      }
    },
    {
      "type": "Feature",
      "properties": {
        "OBJECTID": 161,
        "No": 161,
        "Nama_Halte": "Ps Jatingaleh 2",
        "Alias": "Halte Pasar Jatingaleh",
        "Jenis_Shel": "Permanen",
        "Latitude__": -7.031917,
        "Longitude": 110.4175035,
        "SymbolID": null,
        "halte_id": 160,
        "nama_halte": "Ps Jatingaleh 2",
        "koridor_list": ";K3A;K3B;K6;",
        "jumlah_koridor": 3,
        "is_transit": true
      },
      "geometry": {
        "type": "Point",
        "coordinates": [
          110.41385216920783,
          -7.031947283748198
        ]
      }
    },
    {
      "type": "Feature",
      "properties": {
        "OBJECTID": 162,
        "No": 162,
        "Nama_Halte": "Siranda A",
        "Alias": "Halte BRT Siranda",
        "Jenis_Shel": "Permanen",
        "Latitude__": -7.000964,
        "Longitude": 110.4172492,
        "SymbolID": null,
        "halte_id": 161,
        "nama_halte": "Siranda A",
        "koridor_list": "",
        "jumlah_koridor": 0,
        "is_transit": false
      },
      "geometry": {
        "type": "Point",
        "coordinates": [
          110.4176834838946,
          -7.001118854473058
        ]
      }
    },
    {
      "type": "Feature",
      "properties": {
        "OBJECTID": 163,
        "No": 163,
        "Nama_Halte": "Lempongsari CFD",
        "Alias": " ",
        "Jenis_Shel": "Portable",
        "Latitude__": -6.9961221,
        "Longitude": 110.4148078,
        "SymbolID": null,
        "halte_id": 162,
        "nama_halte": "Lempongsari CFD",
        "koridor_list": ";K3A;",
        "jumlah_koridor": 1,
        "is_transit": false
      },
      "geometry": {
        "type": "Point",
        "coordinates": [
          110.41467861926922,
          -6.996343328100077
        ]
      }
    },
    {
      "type": "Feature",
      "properties": {
        "OBJECTID": 164,
        "No": 164,
        "Nama_Halte": "SMA 1",
        "Alias": "Halte BRT SMA 1",
        "Jenis_Shel": "Permanen",
        "Latitude__": -6.992131,
        "Longitude": 110.4189546,
        "SymbolID": null,
        "halte_id": 163,
        "nama_halte": "SMA 1",
        "koridor_list": ";K3A;",
        "jumlah_koridor": 1,
        "is_transit": false
      },
      "geometry": {
        "type": "Point",
        "coordinates": [
          110.41917828052736,
          -6.993544504557653
        ]
      }
    },
    {
      "type": "Feature",
      "properties": {
        "OBJECTID": 165,
        "No": 165,
        "Nama_Halte": "Tentrem",
        "Alias": "Halte SMA Theresiana",
        "Jenis_Shel": "Permanen",
        "Latitude__": -6.986738,
        "Longitude": 110.4218113,
        "SymbolID": null,
        "halte_id": 164,
        "nama_halte": "Tentrem",
        "koridor_list": ";K3A;K4;K5;",
        "jumlah_koridor": 3,
        "is_transit": true
      },
      "geometry": {
        "type": "Point",
        "coordinates": [
          110.42181124262513,
          -6.986737738522186
        ]
      }
    },
    {
      "type": "Feature",
      "properties": {
        "OBJECTID": 166,
        "No": 166,
        "Nama_Halte": "Lombok Ijo",
        "Alias": "Halte PLN Gajah Mada",
        "Jenis_Shel": "Portable",
        "Latitude__": -6.9850821,
        "Longitude": 110.4221727,
        "SymbolID": null,
        "halte_id": 165,
        "nama_halte": "Lombok Ijo",
        "koridor_list": ";K3A;K4;K5;",
        "jumlah_koridor": 3,
        "is_transit": true
      },
      "geometry": {
        "type": "Point",
        "coordinates": [
          110.42117882866509,
          -6.984927696287857
        ]
      }
    },
    {
      "type": "Feature",
      "properties": {
        "OBJECTID": 167,
        "No": 167,
        "Nama_Halte": "Gumaya",
        "Alias": " ",
        "Jenis_Shel": "Portable",
        "Latitude__": -6.9772276,
        "Longitude": 110.4206484,
        "SymbolID": null,
        "halte_id": 166,
        "nama_halte": "Gumaya",
        "koridor_list": ";K3A;K4;K5;",
        "jumlah_koridor": 3,
        "is_transit": true
      },
      "geometry": {
        "type": "Point",
        "coordinates": [
          110.41913785633957,
          -6.977447600186427
        ]
      }
    },
    {
      "type": "Feature",
      "properties": {
        "OBJECTID": 168,
        "No": 168,
        "Nama_Halte": "Stasiun Poncol",
        "Alias": "Halte Stasiun Poncol",
        "Jenis_Shel": "Permanen",
        "Latitude__": -6.9734971,
        "Longitude": 110.4154947,
        "SymbolID": null,
        "halte_id": 167,
        "nama_halte": "Stasiun Poncol",
        "koridor_list": ";K3A;K4;K7;",
        "jumlah_koridor": 3,
        "is_transit": true
      },
      "geometry": {
        "type": "Point",
        "coordinates": [
          110.41544667883714,
          -6.972947358424722
        ]
      }
    },
    {
      "type": "Feature",
      "properties": {
        "OBJECTID": 169,
        "No": 169,
        "Nama_Halte": "Petek",
        "Alias": "Halte Gendingan",
        "Jenis_Shel": "Permanen",
        "Latitude__": -6.9705846,
        "Longitude": 110.4211608,
        "SymbolID": null,
        "halte_id": 168,
        "nama_halte": "Petek",
        "koridor_list": ";K3A;K4;K7;",
        "jumlah_koridor": 3,
        "is_transit": true
      },
      "geometry": {
        "type": "Point",
        "coordinates": [
          110.42117882866509,
          -6.970120752925776
        ]
      }
    },
    {
      "type": "Feature",
      "properties": {
        "OBJECTID": 170,
        "No": 170,
        "Nama_Halte": "Damri",
        "Alias": "Perum Damri Stasiun Semarang",
        "Jenis_Shel": "Portable",
        "Latitude__": -6.9667946,
        "Longitude": 110.4245534,
        "SymbolID": null,
        "halte_id": 169,
        "nama_halte": "Damri",
        "koridor_list": ";K2;K3B;K4;K7;",
        "jumlah_koridor": 4,
        "is_transit": true
      },
      "geometry": {
        "type": "Point",
        "coordinates": [
          110.42467866501202,
          -6.96702573410256
        ]
      }
    },
    {
      "type": "Feature",
      "properties": {
        "OBJECTID": 171,
        "No": 171,
        "Nama_Halte": "Imam Barjo",
        "Alias": "Halte Undip Peleburan",
        "Jenis_Shel": "Permanen",
        "Latitude__": -6.9938669,
        "Longitude": 110.4224945,
        "SymbolID": null,
        "halte_id": 170,
        "nama_halte": "Imam Barjo",
        "koridor_list": ";K3B;",
        "jumlah_koridor": 1,
        "is_transit": false
      },
      "geometry": {
        "type": "Point",
        "coordinates": [
          110.42249486055633,
          -6.993867275124162
        ]
      }
    },
    {
      "type": "Feature",
      "properties": {
        "OBJECTID": 172,
        "No": 172,
        "Nama_Halte": "Siranda B",
        "Alias": " ",
        "Jenis_Shel": "Permanen",
        "Latitude__": -7.0010692,
        "Longitude": 110.4179097,
        "SymbolID": null,
        "halte_id": 171,
        "nama_halte": "Siranda B",
        "koridor_list": ";K3B;",
        "jumlah_koridor": 1,
        "is_transit": false
      },
      "geometry": {
        "type": "Point",
        "coordinates": [
          110.41912348329505,
          -7.001446969502085
        ]
      }
    },
    {
      "type": "Feature",
      "properties": {
        "OBJECTID": 173,
        "No": 173,
        "Nama_Halte": "Agus Salim",
        "Alias": "Halte Agus Salim",
        "Jenis_Shel": "Portable",
        "Latitude__": -6.9711795,
        "Longitude": 110.4265497,
        "SymbolID": null,
        "halte_id": 172,
        "nama_halte": "Agus Salim",
        "koridor_list": ";K2;K3B;K4;",
        "jumlah_koridor": 3,
        "is_transit": true
      },
      "geometry": {
        "type": "Point",
        "coordinates": [
          110.42670706092359,
          -6.970947336171696
        ]
      }
    },
    {
      "type": "Feature",
      "properties": {
        "OBJECTID": 174,
        "No": 174,
        "Nama_Halte": "SMA Sint Louis 2",
        "Alias": "Halte BRT Dr Wahidin 2",
        "Jenis_Shel": "Permanen",
        "Latitude__": -7.0219757,
        "Longitude": 110.4215899,
        "SymbolID": null,
        "halte_id": 173,
        "nama_halte": "SMA Sint Louis 2",
        "koridor_list": ";K3A;K3B;",
        "jumlah_koridor": 2,
        "is_transit": true
      },
      "geometry": {
        "type": "Point",
        "coordinates": [
          110.41814970952704,
          -7.020897180089584
        ]
      }
    },
    {
      "type": "Feature",
      "properties": {
        "OBJECTID": 175,
        "No": 175,
        "Nama_Halte": "Tanah Putih 2",
        "Alias": "Halte BRT Tanah Putih 2",
        "Jenis_Shel": "Permanen",
        "Latitude__": -7.015034,
        "Longitude": 110.4305972,
        "SymbolID": null,
        "halte_id": 174,
        "nama_halte": "Tanah Putih 2",
        "koridor_list": ";K3A;K3B;K6;",
        "jumlah_koridor": 3,
        "is_transit": true
      },
      "geometry": {
        "type": "Point",
        "coordinates": [
          110.421564205922,
          -7.014243275534997
        ]
      }
    },
    {
      "type": "Feature",
      "properties": {
        "OBJECTID": 176,
        "No": 176,
        "Nama_Halte": "Java Mall A",
        "Alias": "Halte BRT Java Mall",
        "Jenis_Shel": "Permanen",
        "Latitude__": -7.008624,
        "Longitude": 110.4323148,
        "SymbolID": null,
        "halte_id": 175,
        "nama_halte": "Java Mall A",
        "koridor_list": ";K3A;K3B;K5;",
        "jumlah_koridor": 3,
        "is_transit": true
      },
      "geometry": {
        "type": "Point",
        "coordinates": [
          110.42547008077734,
          -7.006200153448064
        ]
      }
    },
    {
      "type": "Feature",
      "properties": {
        "OBJECTID": 177,
        "No": 177,
        "Nama_Halte": "Peterongan",
        "Alias": "Halte BRT Ruko Peterongan Plaza",
        "Jenis_Shel": "Portable",
        "Latitude__": -7.001992,
        "Longitude": 110.4319316,
        "SymbolID": null,
        "halte_id": 176,
        "nama_halte": "Peterongan",
        "koridor_list": ";K3B;",
        "jumlah_koridor": 1,
        "is_transit": false
      },
      "geometry": {
        "type": "Point",
        "coordinates": [
          110.42758471495617,
          -7.001389906035366
        ]
      }
    },
    {
      "type": "Feature",
      "properties": {
        "OBJECTID": 178,
        "No": 178,
        "Nama_Halte": "Bangkong",
        "Alias": "Halte BRT Bangkong",
        "Jenis_Shel": "Permanen",
        "Latitude__": -6.995628,
        "Longitude": 110.4310534,
        "SymbolID": null,
        "halte_id": 177,
        "nama_halte": "Bangkong",
        "koridor_list": ";K3A;K3B;F2B;",
        "jumlah_koridor": 3,
        "is_transit": true
      },
      "geometry": {
        "type": "Point",
        "coordinates": [
          110.4307324117117,
          -6.995447242745041
        ]
      }
    },
    {
      "type": "Feature",
      "properties": {
        "OBJECTID": 179,
        "No": 179,
        "Nama_Halte": "Sidodadi B",
        "Alias": "Halte Stadion Diponegoro",
        "Jenis_Shel": "Permanen",
        "Latitude__": -6.9923878,
        "Longitude": 110.4318331,
        "SymbolID": null,
        "halte_id": 178,
        "nama_halte": "Sidodadi B",
        "koridor_list": ";K3B;F2B;",
        "jumlah_koridor": 2,
        "is_transit": true
      },
      "geometry": {
        "type": "Point",
        "coordinates": [
          110.43151933590059,
          -6.992446904636398
        ]
      }
    },
    {
      "type": "Feature",
      "properties": {
        "OBJECTID": 180,
        "No": 180,
        "Nama_Halte": "KP Baris",
        "Alias": "Halte Pasar Langgar Kp. Baris",
        "Jenis_Shel": "Permanen",
        "Latitude__": -6.987836,
        "Longitude": 110.4310332,
        "SymbolID": null,
        "halte_id": 179,
        "nama_halte": "KP Baris",
        "koridor_list": ";K3B;F2B;",
        "jumlah_koridor": 2,
        "is_transit": true
      },
      "geometry": {
        "type": "Point",
        "coordinates": [
          110.43156155671895,
          -6.987947698807533
        ]
      }
    },
    {
      "type": "Feature",
      "properties": {
        "OBJECTID": 181,
        "No": 181,
        "Nama_Halte": "Garansi Tantular",
        "Alias": " ",
        "Jenis_Shel": "Garasi",
        "Latitude__": -6.9644492,
        "Longitude": 110.4253364,
        "SymbolID": null,
        "halte_id": 180,
        "nama_halte": "Garansi Tantular",
        "koridor_list": ";K3A;K3B;",
        "jumlah_koridor": 2,
        "is_transit": true
      },
      "geometry": {
        "type": "Point",
        "coordinates": [
          110.4253362318,
          -6.964448765360681
        ]
      }
    },
    {
      "type": "Feature",
      "properties": {
        "OBJECTID": 182,
        "No": 182,
        "Nama_Halte": "Petek A",
        "Alias": "Halte Petek",
        "Jenis_Shel": "Permanen",
        "Latitude__": -6.97065,
        "Longitude": 110.420484,
        "SymbolID": null,
        "halte_id": 181,
        "nama_halte": "Petek A",
        "koridor_list": ";K3A;K4;K7;",
        "jumlah_koridor": 3,
        "is_transit": true
      },
      "geometry": {
        "type": "Point",
        "coordinates": [
          110.42117882866509,
          -6.970120752925776
        ]
      }
    },
    {
      "type": "Feature",
      "properties": {
        "OBJECTID": 183,
        "No": 183,
        "Nama_Halte": "Abimanyu B",
        "Alias": "Halte Hotel Bali B",
        "Jenis_Shel": "Permanen",
        "Latitude__": -6.9776874,
        "Longitude": 110.4120414,
        "SymbolID": null,
        "halte_id": 182,
        "nama_halte": "Abimanyu B",
        "koridor_list": ";K4;K7;",
        "jumlah_koridor": 2,
        "is_transit": true
      },
      "geometry": {
        "type": "Point",
        "coordinates": [
          110.41291971794291,
          -6.977108768351503
        ]
      }
    },
    {
      "type": "Feature",
      "properties": {
        "OBJECTID": 184,
        "No": 184,
        "Nama_Halte": "Pertamina",
        "Alias": " ",
        "Jenis_Shel": "Portable",
        "Latitude__": -6.978718,
        "Longitude": 110.4167842,
        "SymbolID": null,
        "halte_id": 183,
        "nama_halte": "Pertamina",
        "koridor_list": ";K4;",
        "jumlah_koridor": 1,
        "is_transit": false
      },
      "geometry": {
        "type": "Point",
        "coordinates": [
          110.41678427029518,
          -6.978718217383217
        ]
      }
    },
    {
      "type": "Feature",
      "properties": {
        "OBJECTID": 185,
        "No": 185,
        "Nama_Halte": "Pasar Jrakah B",
        "Alias": " ",
        "Jenis_Shel": "Permanen",
        "Latitude__": -6.9878514,
        "Longitude": 110.3597384,
        "SymbolID": null,
        "halte_id": 184,
        "nama_halte": "Pasar Jrakah B",
        "koridor_list": ";K4;",
        "jumlah_koridor": 1,
        "is_transit": false
      },
      "geometry": {
        "type": "Point",
        "coordinates": [
          110.35983826780428,
          -6.988447018277705
        ]
      }
    },
    {
      "type": "Feature",
      "properties": {
        "OBJECTID": 186,
        "No": 186,
        "Nama_Halte": "Aneka Jaya B",
        "Alias": "Halte Aneka Jaya B",
        "Jenis_Shel": "Portable",
        "Latitude__": -6.989385,
        "Longitude": 110.3562591,
        "SymbolID": null,
        "halte_id": 185,
        "nama_halte": "Aneka Jaya B",
        "koridor_list": ";K4;",
        "jumlah_koridor": 1,
        "is_transit": false
      },
      "geometry": {
        "type": "Point",
        "coordinates": [
          110.3561785313368,
          -6.989121098716338
        ]
      }
    },
    {
      "type": "Feature",
      "properties": {
        "OBJECTID": 187,
        "No": 187,
        "Nama_Halte": "Ngaliyan Square A",
        "Alias": "Halte Ngaliyan Square A",
        "Jenis_Shel": "Portable",
        "Latitude__": -6.99273,
        "Longitude": 110.3512848,
        "SymbolID": null,
        "halte_id": 186,
        "nama_halte": "Ngaliyan Square A",
        "koridor_list": ";K4;",
        "jumlah_koridor": 1,
        "is_transit": false
      },
      "geometry": {
        "type": "Point",
        "coordinates": [
          110.35117850846538,
          -6.992565491917044
        ]
      }
    },
    {
      "type": "Feature",
      "properties": {
        "OBJECTID": 188,
        "No": 188,
        "Nama_Halte": "SMP 16 B",
        "Alias": "Halte BRT SMPN 16 A",
        "Jenis_Shel": "Permanen",
        "Latitude__": -6.9949604,
        "Longitude": 110.3489106,
        "SymbolID": null,
        "halte_id": 187,
        "nama_halte": "SMP 16 B",
        "koridor_list": ";K4;F1A;F1B;",
        "jumlah_koridor": 3,
        "is_transit": true
      },
      "geometry": {
        "type": "Point",
        "coordinates": [
          110.34981037428766,
          -6.995461508793997
        ]
      }
    },
    {
      "type": "Feature",
      "properties": {
        "OBJECTID": 189,
        "No": 189,
        "Nama_Halte": "Wahyu Utomo B",
        "Alias": "Halte Kec. Ngaliyan",
        "Jenis_Shel": "Permanen",
        "Latitude__": -6.9981905,
        "Longitude": 110.3458848,
        "SymbolID": null,
        "halte_id": 188,
        "nama_halte": "Wahyu Utomo B",
        "koridor_list": ";K4;F1A;",
        "jumlah_koridor": 2,
        "is_transit": true
      },
      "geometry": {
        "type": "Point",
        "coordinates": [
          110.3480550662225,
          -6.998946869820844
        ]
      }
    },
    {
      "type": "Feature",
      "properties": {
        "OBJECTID": 190,
        "No": 190,
        "Nama_Halte": "Swalayan Ono 2",
        "Alias": "Halte Wahyu Utomo 2",
        "Jenis_Shel": "Portable",
        "Latitude__": -6.998043,
        "Longitude": 110.3443498,
        "SymbolID": null,
        "halte_id": 189,
        "nama_halte": "Swalayan Ono 2",
        "koridor_list": ";K4;F1A;",
        "jumlah_koridor": 2,
        "is_transit": true
      },
      "geometry": {
        "type": "Point",
        "coordinates": [
          110.34739749943454,
          -7.000447466208123
        ]
      }
    },
    {
      "type": "Feature",
      "properties": {
        "OBJECTID": 191,
        "No": 191,
        "Nama_Halte": "Bringin A",
        "Alias": "Halte Bringin A",
        "Jenis_Shel": "Portable",
        "Latitude__": -6.999005,
        "Longitude": 110.3420008,
        "SymbolID": null,
        "halte_id": 190,
        "nama_halte": "Bringin A",
        "koridor_list": ";K4;F1A;",
        "jumlah_koridor": 2,
        "is_transit": true
      },
      "geometry": {
        "type": "Point",
        "coordinates": [
          110.34691779907278,
          -7.00151294912678
        ]
      }
    },
    {
      "type": "Feature",
      "properties": {
        "OBJECTID": 192,
        "No": 192,
        "Nama_Halte": "RS Permata Medika B",
        "Alias": "Halte BRT Permata Medika B",
        "Jenis_Shel": "Portable",
        "Latitude__": -7.000305,
        "Longitude": 110.3409476,
        "SymbolID": null,
        "halte_id": 191,
        "nama_halte": "RS Permata Medika B",
        "koridor_list": ";K4;F1A;",
        "jumlah_koridor": 2,
        "is_transit": true
      },
      "geometry": {
        "type": "Point",
        "coordinates": [
          110.3463015547879,
          -7.003089324412488
        ]
      }
    },
    {
      "type": "Feature",
      "properties": {
        "OBJECTID": 193,
        "No": 193,
        "Nama_Halte": "Pandana B",
        "Alias": " ",
        "Jenis_Shel": "Permanen",
        "Latitude__": -7.0042993,
        "Longitude": 110.3392369,
        "SymbolID": null,
        "halte_id": 192,
        "nama_halte": "Pandana B",
        "koridor_list": ";F1A;",
        "jumlah_koridor": 1,
        "is_transit": false
      },
      "geometry": {
        "type": "Point",
        "coordinates": [
          110.34466212939438,
          -7.0067262015917
        ]
      }
    },
    {
      "type": "Feature",
      "properties": {
        "OBJECTID": 194,
        "No": 194,
        "Nama_Halte": "Lawas 2",
        "Alias": " ",
        "Jenis_Shel": "Portable",
        "Latitude__": -7.0112953,
        "Longitude": 110.3378517,
        "SymbolID": null,
        "halte_id": 193,
        "nama_halte": "Lawas 2",
        "koridor_list": ";K4;",
        "jumlah_koridor": 1,
        "is_transit": false
      },
      "geometry": {
        "type": "Point",
        "coordinates": [
          110.34156383997943,
          -7.013044082568753
        ]
      }
    },
    {
      "type": "Feature",
      "properties": {
        "OBJECTID": 195,
        "No": 195,
        "Nama_Halte": "Lapas Kedungpane B",
        "Alias": " ",
        "Jenis_Shel": "Portable",
        "Latitude__": -7.0130385,
        "Longitude": 110.338205,
        "SymbolID": null,
        "halte_id": 194,
        "nama_halte": "Lapas Kedungpane B",
        "koridor_list": "",
        "jumlah_koridor": 0,
        "is_transit": false
      },
      "geometry": {
        "type": "Point",
        "coordinates": [
          110.34091795129017,
          -7.014573164508294
        ]
      }
    },
    {
      "type": "Feature",
      "properties": {
        "OBJECTID": 196,
        "No": 196,
        "Nama_Halte": "Wates/Konveksi 2",
        "Alias": " ",
        "Jenis_Shel": "Portable",
        "Latitude__": -7.0190795,
        "Longitude": 110.3375233,
        "SymbolID": null,
        "halte_id": 195,
        "nama_halte": "Wates/Konveksi 2",
        "koridor_list": ";K4;",
        "jumlah_koridor": 1,
        "is_transit": false
      },
      "geometry": {
        "type": "Point",
        "coordinates": [
          110.33845117751996,
          -7.019615087160382
        ]
      }
    },
    {
      "type": "Feature",
      "properties": {
        "OBJECTID": 197,
        "No": 197,
        "Nama_Halte": "Galunggung 2",
        "Alias": " ",
        "Jenis_Shel": "Portable",
        "Latitude__": -7.0226616,
        "Longitude": 110.335751,
        "SymbolID": null,
        "halte_id": 196,
        "nama_halte": "Galunggung 2",
        "koridor_list": ";K4;",
        "jumlah_koridor": 1,
        "is_transit": false
      },
      "geometry": {
        "type": "Point",
        "coordinates": [
          110.33671473407576,
          -7.023268775221308
        ]
      }
    },
    {
      "type": "Feature",
      "properties": {
        "OBJECTID": 198,
        "No": 198,
        "Nama_Halte": "BSB 2",
        "Alias": " ",
        "Jenis_Shel": "-",
        "Latitude__": -7.0303707,
        "Longitude": 110.3345102,
        "SymbolID": null,
        "halte_id": 197,
        "nama_halte": "BSB 2",
        "koridor_list": "",
        "jumlah_koridor": 0,
        "is_transit": false
      },
      "geometry": {
        "type": "Point",
        "coordinates": [
          110.33367842841542,
          -7.029976044392698
        ]
      }
    },
    {
      "type": "Feature",
      "properties": {
        "OBJECTID": 199,
        "No": 199,
        "Nama_Halte": "Palapa B",
        "Alias": " ",
        "Jenis_Shel": "Portable",
        "Latitude__": -7.0402118,
        "Longitude": 110.3306538,
        "SymbolID": null,
        "halte_id": 198,
        "nama_halte": "Palapa B",
        "koridor_list": ";K4;F4B;",
        "jumlah_koridor": 2,
        "is_transit": true
      },
      "geometry": {
        "type": "Point",
        "coordinates": [
          110.3291832587337,
          -7.03894685439438
        ]
      }
    },
    {
      "type": "Feature",
      "properties": {
        "OBJECTID": 200,
        "No": 200,
        "Nama_Halte": "Beranda Bali B",
        "Alias": " ",
        "Jenis_Shel": "Portable",
        "Latitude__": -7.0465326,
        "Longitude": 110.3244643,
        "SymbolID": null,
        "halte_id": 199,
        "nama_halte": "Beranda Bali B",
        "koridor_list": ";K4;",
        "jumlah_koridor": 1,
        "is_transit": false
      },
      "geometry": {
        "type": "Point",
        "coordinates": [
          110.32541392780152,
          -7.046947508027166
        ]
      }
    },
    {
      "type": "Feature",
      "properties": {
        "OBJECTID": 201,
        "No": 201,
        "Nama_Halte": "Sabhara B",
        "Alias": " ",
        "Jenis_Shel": "Portable",
        "Latitude__": -7.0509554,
        "Longitude": 110.3188329,
        "SymbolID": null,
        "halte_id": 200,
        "nama_halte": "Sabhara B",
        "koridor_list": ";K4;",
        "jumlah_koridor": 1,
        "is_transit": false
      },
      "geometry": {
        "type": "Point",
        "coordinates": [
          110.32262376052907,
          -7.052947461872463
        ]
      }
    },
    {
      "type": "Feature",
      "properties": {
        "OBJECTID": 202,
        "No": 202,
        "Nama_Halte": "Pasar Mijen",
        "Alias": "Halte Kecamatan Mijen 2",
        "Jenis_Shel": "Portable",
        "Latitude__": -7.0525894,
        "Longitude": 110.3169907,
        "SymbolID": null,
        "halte_id": 201,
        "nama_halte": "Pasar Mijen",
        "koridor_list": ";K4;",
        "jumlah_koridor": 1,
        "is_transit": false
      },
      "geometry": {
        "type": "Point",
        "coordinates": [
          110.3214164247872,
          -7.055447271116931
        ]
      }
    },
    {
      "type": "Feature",
      "properties": {
        "OBJECTID": 203,
        "No": 203,
        "Nama_Halte": "SMP 23 B",
        "Alias": "Halte SMP 23 II",
        "Jenis_Shel": "Portable",
        "Latitude__": -7.05818,
        "Longitude": 110.3129528,
        "SymbolID": null,
        "halte_id": 202,
        "nama_halte": "SMP 23 B",
        "koridor_list": "",
        "jumlah_koridor": 0,
        "is_transit": false
      },
      "geometry": {
        "type": "Point",
        "coordinates": [
          110.31923441696209,
          -7.060464679172228
        ]
      }
    },
    {
      "type": "Feature",
      "properties": {
        "OBJECTID": 204,
        "No": 204,
        "Nama_Halte": "Koramil Mijen 2",
        "Alias": " ",
        "Jenis_Shel": "Portable",
        "Latitude__": -7.0610381,
        "Longitude": 110.3118522,
        "SymbolID": null,
        "halte_id": 203,
        "nama_halte": "Koramil Mijen 2",
        "koridor_list": "",
        "jumlah_koridor": 0,
        "is_transit": false
      },
      "geometry": {
        "type": "Point",
        "coordinates": [
          110.31745575269952,
          -7.063929048214898
        ]
      }
    },
    {
      "type": "Feature",
      "properties": {
        "OBJECTID": 205,
        "No": 205,
        "Nama_Halte": "SPBU Mijen 1",
        "Alias": "Halte SPBU Mijen",
        "Jenis_Shel": "Portable",
        "Latitude__": -7.063158,
        "Longitude": 110.3110034,
        "SymbolID": null,
        "halte_id": 204,
        "nama_halte": "SPBU Mijen 1",
        "koridor_list": "",
        "jumlah_koridor": 0,
        "is_transit": false
      },
      "geometry": {
        "type": "Point",
        "coordinates": [
          110.31646401262587,
          -7.06636995965836
        ]
      }
    },
    {
      "type": "Feature",
      "properties": {
        "OBJECTID": 206,
        "No": 206,
        "Nama_Halte": "Pasar Ace B",
        "Alias": "Halte Pasar Ace 2",
        "Jenis_Shel": "Portable",
        "Latitude__": -7.0683946,
        "Longitude": 110.3114596,
        "SymbolID": null,
        "halte_id": 205,
        "nama_halte": "Pasar Ace B",
        "koridor_list": ";K4;",
        "jumlah_koridor": 1,
        "is_transit": false
      },
      "geometry": {
        "type": "Point",
        "coordinates": [
          110.31456497411523,
          -7.069858354549743
        ]
      }
    },
    {
      "type": "Feature",
      "properties": {
        "OBJECTID": 207,
        "No": 207,
        "Nama_Halte": "Jatisari B",
        "Alias": "Halte Jatisari",
        "Jenis_Shel": "Portable",
        "Latitude__": -7.071717,
        "Longitude": 110.3096554,
        "SymbolID": null,
        "halte_id": 206,
        "nama_halte": "Jatisari B",
        "koridor_list": "",
        "jumlah_koridor": 0,
        "is_transit": false
      },
      "geometry": {
        "type": "Point",
        "coordinates": [
          110.31304592296979,
          -7.073359203799376
        ]
      }
    },
    {
      "type": "Feature",
      "properties": {
        "OBJECTID": 208,
        "No": 208,
        "Nama_Halte": "Lapangan B",
        "Alias": " ",
        "Jenis_Shel": "Portable",
        "Latitude__": -7.0778904,
        "Longitude": 110.3092927,
        "SymbolID": null,
        "halte_id": 207,
        "nama_halte": "Lapangan B",
        "koridor_list": "",
        "jumlah_koridor": 0,
        "is_transit": false
      },
      "geometry": {
        "type": "Point",
        "coordinates": [
          110.3106132851804,
          -7.078640292091301
        ]
      }
    },
    {
      "type": "Feature",
      "properties": {
        "OBJECTID": 209,
        "No": 209,
        "Nama_Halte": "Terminal Cangkiran",
        "Alias": "Terminal Cangkiran",
        "Jenis_Shel": "Permanen",
        "Latitude__": -7.088293,
        "Longitude": 110.3084859,
        "SymbolID": null,
        "halte_id": 208,
        "nama_halte": "Terminal Cangkiran",
        "koridor_list": ";K4;K8;",
        "jumlah_koridor": 2,
        "is_transit": true
      },
      "geometry": {
        "type": "Point",
        "coordinates": [
          110.30843217567055,
          -7.08828944378596
        ]
      }
    },
    {
      "type": "Feature",
      "properties": {
        "OBJECTID": 210,
        "No": 210,
        "Nama_Halte": "Lapangan A",
        "Alias": "Halte Brt",
        "Jenis_Shel": "Permanen",
        "Latitude__": -7.07804,
        "Longitude": 110.3082369,
        "SymbolID": null,
        "halte_id": 209,
        "nama_halte": "Lapangan A",
        "koridor_list": "",
        "jumlah_koridor": 0,
        "is_transit": false
      },
      "geometry": {
        "type": "Point",
        "coordinates": [
          110.30917867567166,
          -7.078592152801813
        ]
      }
    },
    {
      "type": "Feature",
      "properties": {
        "OBJECTID": 211,
        "No": 211,
        "Nama_Halte": "Jatisari A",
        "Alias": " ",
        "Jenis_Shel": "Permanen",
        "Latitude__": -7.0707486,
        "Longitude": 110.3103289,
        "SymbolID": null,
        "halte_id": 210,
        "nama_halte": "Jatisari A",
        "koridor_list": "",
        "jumlah_koridor": 0,
        "is_transit": false
      },
      "geometry": {
        "type": "Point",
        "coordinates": [
          110.31209909866031,
          -7.072447220416443
        ]
      }
    },
    {
      "type": "Feature",
      "properties": {
        "OBJECTID": 212,
        "No": 212,
        "Nama_Halte": "Pasar Ace A",
        "Alias": "Halte Pasar Ace",
        "Jenis_Shel": "Portable",
        "Latitude__": -7.068085,
        "Longitude": 110.311545,
        "SymbolID": null,
        "halte_id": 211,
        "nama_halte": "Pasar Ace A",
        "koridor_list": ";K4;",
        "jumlah_koridor": 1,
        "is_transit": false
      },
      "geometry": {
        "type": "Point",
        "coordinates": [
          110.31367833692981,
          -7.069493736944864
        ]
      }
    },
    {
      "type": "Feature",
      "properties": {
        "OBJECTID": 213,
        "No": 213,
        "Nama_Halte": "SPBU Mijen 2",
        "Alias": "Halte SPBU Mijen 2",
        "Jenis_Shel": "Portable",
        "Latitude__": -7.063669,
        "Longitude": 110.3100706,
        "SymbolID": null,
        "halte_id": 212,
        "nama_halte": "SPBU Mijen 2",
        "koridor_list": "",
        "jumlah_koridor": 0,
        "is_transit": false
      },
      "geometry": {
        "type": "Point",
        "coordinates": [
          110.31484884174502,
          -7.066947646090401
        ]
      }
    },
    {
      "type": "Feature",
      "properties": {
        "OBJECTID": 214,
        "No": 214,
        "Nama_Halte": "Koramil Mijen 1",
        "Alias": " ",
        "Jenis_Shel": "Portable",
        "Latitude__": -7.060774,
        "Longitude": 110.311708,
        "SymbolID": null,
        "halte_id": 213,
        "nama_halte": "Koramil Mijen 1",
        "koridor_list": "",
        "jumlah_koridor": 0,
        "is_transit": false
      },
      "geometry": {
        "type": "Point",
        "coordinates": [
          110.31617834836551,
          -7.063839007042308
        ]
      }
    },
    {
      "type": "Feature",
      "properties": {
        "OBJECTID": 215,
        "No": 215,
        "Nama_Halte": "SMP 23 A",
        "Alias": "Halte SMP 23 I",
        "Jenis_Shel": "Permanen",
        "Latitude__": -7.0580154,
        "Longitude": 110.3134758,
        "SymbolID": null,
        "halte_id": 214,
        "nama_halte": "SMP 23 A",
        "koridor_list": "",
        "jumlah_koridor": 0,
        "is_transit": false
      },
      "geometry": {
        "type": "Point",
        "coordinates": [
          110.31767853488999,
          -7.060794535294023
        ]
      }
    },
    {
      "type": "Feature",
      "properties": {
        "OBJECTID": 216,
        "No": 216,
        "Nama_Halte": "Kec Mijen A",
        "Alias": "Halte Kecamatan Mijen",
        "Jenis_Shel": "Permanen",
        "Latitude__": -7.0528232,
        "Longitude": 110.3163463,
        "SymbolID": null,
        "halte_id": 215,
        "nama_halte": "Kec Mijen A",
        "koridor_list": "",
        "jumlah_koridor": 0,
        "is_transit": false
      },
      "geometry": {
        "type": "Point",
        "coordinates": [
          110.32022076714405,
          -7.054947132044983
        ]
      }
    },
    {
      "type": "Feature",
      "properties": {
        "OBJECTID": 217,
        "No": 217,
        "Nama_Halte": "Sabhara A",
        "Alias": "Halte Beranda Bali",
        "Jenis_Shel": "Permanen",
        "Latitude__": -7.0511177,
        "Longitude": 110.3181154,
        "SymbolID": null,
        "halte_id": 216,
        "nama_halte": "Sabhara A",
        "koridor_list": ";F1A;",
        "jumlah_koridor": 1,
        "is_transit": false
      },
      "geometry": {
        "type": "Point",
        "coordinates": [
          110.32163741034711,
          -7.052447320100396
        ]
      }
    },
    {
      "type": "Feature",
      "properties": {
        "OBJECTID": 218,
        "No": 218,
        "Nama_Halte": "Beranda Bali A",
        "Alias": " ",
        "Jenis_Shel": "Portable",
        "Latitude__": -7.043891,
        "Longitude": 110.32293,
        "SymbolID": null,
        "halte_id": 217,
        "nama_halte": "Beranda Bali A",
        "koridor_list": "",
        "jumlah_koridor": 0,
        "is_transit": false
      },
      "geometry": {
        "type": "Point",
        "coordinates": [
          110.3251381450093,
          -7.044946911793336
        ]
      }
    },
    {
      "type": "Feature",
      "properties": {
        "OBJECTID": 219,
        "No": 219,
        "Nama_Halte": "SPBU BSB A",
        "Alias": "Halte SPBU BSB",
        "Jenis_Shel": "Permanen",
        "Latitude__": -7.028067,
        "Longitude": 110.3338427,
        "SymbolID": null,
        "halte_id": 218,
        "nama_halte": "SPBU BSB A",
        "koridor_list": ";K4;F4B;",
        "jumlah_koridor": 2,
        "is_transit": true
      },
      "geometry": {
        "type": "Point",
        "coordinates": [
          110.33346642600839,
          -7.027946844895755
        ]
      }
    },
    {
      "type": "Feature",
      "properties": {
        "OBJECTID": 220,
        "No": 220,
        "Nama_Halte": "Galunggung 1",
        "Alias": " ",
        "Jenis_Shel": "Portable",
        "Latitude__": -7.02279,
        "Longitude": 110.335511,
        "SymbolID": null,
        "halte_id": 219,
        "nama_halte": "Galunggung 1",
        "koridor_list": ";K4;",
        "jumlah_koridor": 1,
        "is_transit": false
      },
      "geometry": {
        "type": "Point",
        "coordinates": [
          110.33583438509731,
          -7.022946916591167
        ]
      }
    },
    {
      "type": "Feature",
      "properties": {
        "OBJECTID": 221,
        "No": 221,
        "Nama_Halte": "Wates/Konveksi 1",
        "Alias": " ",
        "Jenis_Shel": "Portable",
        "Latitude__": -7.019529,
        "Longitude": 110.337082,
        "SymbolID": null,
        "halte_id": 220,
        "nama_halte": "Wates/Konveksi 1",
        "koridor_list": ";K4;",
        "jumlah_koridor": 1,
        "is_transit": false
      },
      "geometry": {
        "type": "Point",
        "coordinates": [
          110.33746303070743,
          -7.019447469743004
        ]
      }
    },
    {
      "type": "Feature",
      "properties": {
        "OBJECTID": 222,
        "No": 222,
        "Nama_Halte": "Lapas Kedungpane A",
        "Alias": "Halte Lapas Kedungpane",
        "Jenis_Shel": "Permanen",
        "Latitude__": -7.0144494,
        "Longitude": 110.3382017,
        "SymbolID": null,
        "halte_id": 221,
        "nama_halte": "Lapas Kedungpane A",
        "koridor_list": ";K4;",
        "jumlah_koridor": 1,
        "is_transit": false
      },
      "geometry": {
        "type": "Point",
        "coordinates": [
          110.33964863179371,
          -7.014947632789363
        ]
      }
    },
    {
      "type": "Feature",
      "properties": {
        "OBJECTID": 223,
        "No": 223,
        "Nama_Halte": "Lawas 1",
        "Alias": " ",
        "Jenis_Shel": "Portable",
        "Latitude__": -7.011654,
        "Longitude": 110.33767,
        "SymbolID": null,
        "halte_id": 222,
        "nama_halte": "Lawas 1",
        "koridor_list": "",
        "jumlah_koridor": 0,
        "is_transit": false
      },
      "geometry": {
        "type": "Point",
        "coordinates": [
          110.34086764563425,
          -7.011947420127226
        ]
      }
    },
    {
      "type": "Feature",
      "properties": {
        "OBJECTID": 224,
        "No": 224,
        "Nama_Halte": "Pandana A",
        "Alias": "Halte BRT",
        "Jenis_Shel": "Permanen",
        "Latitude__": -7.0038938,
        "Longitude": 110.3388087,
        "SymbolID": null,
        "halte_id": 223,
        "nama_halte": "Pandana A",
        "koridor_list": "",
        "jumlah_koridor": 0,
        "is_transit": false
      },
      "geometry": {
        "type": "Point",
        "coordinates": [
          110.34411954696276,
          -7.004947443190955
        ]
      }
    },
    {
      "type": "Feature",
      "properties": {
        "OBJECTID": 225,
        "No": 225,
        "Nama_Halte": "RS Permata Medika A",
        "Alias": "Halte BRT Permata Medika A",
        "Jenis_Shel": "Permanen",
        "Latitude__": -7.0003061,
        "Longitude": 110.3409293,
        "SymbolID": null,
        "halte_id": 224,
        "nama_halte": "RS Permata Medika A",
        "koridor_list": ";F1A;",
        "jumlah_koridor": 1,
        "is_transit": false
      },
      "geometry": {
        "type": "Point",
        "coordinates": [
          110.34593594046723,
          -7.001446969502085
        ]
      }
    },
    {
      "type": "Feature",
      "properties": {
        "OBJECTID": 226,
        "No": 226,
        "Nama_Halte": "Bringin B",
        "Alias": "Halte Bringin B",
        "Jenis_Shel": "Portable",
        "Latitude__": -6.998757,
        "Longitude": 110.3424745,
        "SymbolID": null,
        "halte_id": 225,
        "nama_halte": "Bringin B",
        "koridor_list": ";F1A;",
        "jumlah_koridor": 1,
        "is_transit": false
      },
      "geometry": {
        "type": "Point",
        "coordinates": [
          110.34665549100983,
          -6.999947267948532
        ]
      }
    },
    {
      "type": "Feature",
      "properties": {
        "OBJECTID": 227,
        "No": 227,
        "Nama_Halte": "Swalayan Ono 1",
        "Alias": "Halte Wahyu Utomo",
        "Jenis_Shel": "Portable",
        "Latitude__": -6.998043,
        "Longitude": 110.3445786,
        "SymbolID": null,
        "halte_id": 226,
        "nama_halte": "Swalayan Ono 1",
        "koridor_list": ";K4;F1A;",
        "jumlah_koridor": 2,
        "is_transit": true
      },
      "geometry": {
        "type": "Point",
        "coordinates": [
          110.34731934600478,
          -6.998946869820844
        ]
      }
    },
    {
      "type": "Feature",
      "properties": {
        "OBJECTID": 228,
        "No": 228,
        "Nama_Halte": "Wahyu Utomo A",
        "Alias": " ",
        "Jenis_Shel": "Portable",
        "Latitude__": -6.99654,
        "Longitude": 110.346868,
        "SymbolID": null,
        "halte_id": 227,
        "nama_halte": "Wahyu Utomo A",
        "koridor_list": ";K4;F1A;",
        "jumlah_koridor": 2,
        "is_transit": true
      },
      "geometry": {
        "type": "Point",
        "coordinates": [
          110.34825000063914,
          -6.9971636236337
        ]
      }
    },
    {
      "type": "Feature",
      "properties": {
        "OBJECTID": 229,
        "No": 229,
        "Nama_Halte": "SMP 16 B",
        "Alias": "Halte BRT SMPN 16 B",
        "Jenis_Shel": "Portable",
        "Latitude__": -6.9949457,
        "Longitude": 110.3486619,
        "SymbolID": null,
        "halte_id": 228,
        "nama_halte": "SMP 16 B",
        "koridor_list": ";K4;F1A;F1B;",
        "jumlah_koridor": 3,
        "is_transit": true
      },
      "geometry": {
        "type": "Point",
        "coordinates": [
          110.34934684360107,
          -6.994947039127316
        ]
      }
    },
    {
      "type": "Feature",
      "properties": {
        "OBJECTID": 230,
        "No": 230,
        "Nama_Halte": "Ngaliyan Square B",
        "Alias": "Halte Ngaliyan Square B",
        "Jenis_Shel": "Portable",
        "Latitude__": -6.992496,
        "Longitude": 110.3512628,
        "SymbolID": null,
        "halte_id": 229,
        "nama_halte": "Ngaliyan Square B",
        "koridor_list": ";K4;",
        "jumlah_koridor": 1,
        "is_transit": false
      },
      "geometry": {
        "type": "Point",
        "coordinates": [
          110.35067814685213,
          -6.992203488544909
        ]
      }
    },
    {
      "type": "Feature",
      "properties": {
        "OBJECTID": 231,
        "No": 231,
        "Nama_Halte": "Aneka Jaya A",
        "Alias": "Halte Aneka Jaya A",
        "Jenis_Shel": "Permanen",
        "Latitude__": -6.990026,
        "Longitude": 110.355573,
        "SymbolID": null,
        "halte_id": 230,
        "nama_halte": "Aneka Jaya A",
        "koridor_list": ";K4;",
        "jumlah_koridor": 1,
        "is_transit": false
      },
      "geometry": {
        "type": "Point",
        "coordinates": [
          110.3556781697235,
          -6.988384603373103
        ]
      }
    },
    {
      "type": "Feature",
      "properties": {
        "OBJECTID": 232,
        "No": 232,
        "Nama_Halte": "Pasar Jrakah A",
        "Alias": "Halte Pasar Jrakah",
        "Jenis_Shel": "Portable",
        "Latitude__": -6.987618,
        "Longitude": 110.3597487,
        "SymbolID": null,
        "halte_id": 231,
        "nama_halte": "Pasar Jrakah A",
        "koridor_list": ";K4;",
        "jumlah_koridor": 1,
        "is_transit": false
      },
      "geometry": {
        "type": "Point",
        "coordinates": [
          110.3596783676837,
          -6.987717655015011
        ]
      }
    },
    {
      "type": "Feature",
      "properties": {
        "OBJECTID": 233,
        "No": 233,
        "Nama_Halte": "PRPP A",
        "Alias": "Halte BRT PRPP",
        "Jenis_Shel": "Permanen",
        "Latitude__": -6.9623101,
        "Longitude": 110.3908791,
        "SymbolID": null,
        "halte_id": 232,
        "nama_halte": "PRPP A",
        "koridor_list": ";K5;",
        "jumlah_koridor": 1,
        "is_transit": false
      },
      "geometry": {
        "type": "Point",
        "coordinates": [
          110.39087865413173,
          -6.962310494736077
        ]
      }
    },
    {
      "type": "Feature",
      "properties": {
        "OBJECTID": 234,
        "No": 234,
        "Nama_Halte": "Marina",
        "Alias": "Halte BRT Marina",
        "Jenis_Shel": "Permanen",
        "Latitude__": -6.954634,
        "Longitude": 110.3923359,
        "SymbolID": null,
        "halte_id": 233,
        "nama_halte": "Marina",
        "koridor_list": ";K5;",
        "jumlah_koridor": 1,
        "is_transit": false
      },
      "geometry": {
        "type": "Point",
        "coordinates": [
          110.39233572152261,
          -6.954633862418302
        ]
      }
    },
    {
      "type": "Feature",
      "properties": {
        "OBJECTID": 235,
        "No": 235,
        "Nama_Halte": "Bunderan Anjasmoro B",
        "Alias": " ",
        "Jenis_Shel": "Permanen",
        "Latitude__": -6.967690385,
        "Longitude": 110.3908217,
        "SymbolID": null,
        "halte_id": 234,
        "nama_halte": "Bunderan Anjasmoro B",
        "koridor_list": ";K5;",
        "jumlah_koridor": 1,
        "is_transit": false
      },
      "geometry": {
        "type": "Point",
        "coordinates": [
          110.39117869143665,
          -6.967690036897512
        ]
      }
    },
    {
      "type": "Feature",
      "properties": {
        "OBJECTID": 236,
        "No": 236,
        "Nama_Halte": "Stikes Tlogorejo",
        "Alias": " ",
        "Jenis_Shel": "Portable",
        "Latitude__": -6.971539318,
        "Longitude": 110.3906613,
        "SymbolID": null,
        "halte_id": 235,
        "nama_halte": "Stikes Tlogorejo",
        "koridor_list": ";K5;",
        "jumlah_koridor": 1,
        "is_transit": false
      },
      "geometry": {
        "type": "Point",
        "coordinates": [
          110.39117869143665,
          -6.971496607511525
        ]
      }
    },
    {
      "type": "Feature",
      "properties": {
        "OBJECTID": 237,
        "No": 237,
        "Nama_Halte": "SMA Kesatrian 2",
        "Alias": "Halte Pamularsih 2",
        "Jenis_Shel": "Permanen",
        "Latitude__": -6.9865212,
        "Longitude": 110.385758,
        "SymbolID": null,
        "halte_id": 236,
        "nama_halte": "SMA Kesatrian 2",
        "koridor_list": ";K5;F1B;",
        "jumlah_koridor": 2,
        "is_transit": true
      },
      "geometry": {
        "type": "Point",
        "coordinates": [
          110.38567830695199,
          -6.98595487382455
        ]
      }
    },
    {
      "type": "Feature",
      "properties": {
        "OBJECTID": 238,
        "No": 238,
        "Nama_Halte": "Pamularsih B",
        "Alias": " ",
        "Jenis_Shel": "Portable",
        "Latitude__": -6.989401183,
        "Longitude": 110.3948047,
        "SymbolID": null,
        "halte_id": 237,
        "nama_halte": "Pamularsih B",
        "koridor_list": ";K5;F1B;",
        "jumlah_koridor": 2,
        "is_transit": true
      },
      "geometry": {
        "type": "Point",
        "coordinates": [
          110.39468301935999,
          -6.99044696573689
        ]
      }
    },
    {
      "type": "Feature",
      "properties": {
        "OBJECTID": 239,
        "No": 239,
        "Nama_Halte": "Kaligarang B",
        "Alias": "Halte Kaligarang",
        "Jenis_Shel": "Portable",
        "Latitude__": -6.9948377,
        "Longitude": 110.4046108,
        "SymbolID": null,
        "halte_id": 238,
        "nama_halte": "Kaligarang B",
        "koridor_list": ";K5;",
        "jumlah_koridor": 1,
        "is_transit": false
      },
      "geometry": {
        "type": "Point",
        "coordinates": [
          110.40466330216655,
          -6.995447242745041
        ]
      }
    },
    {
      "type": "Feature",
      "properties": {
        "OBJECTID": 240,
        "No": 240,
        "Nama_Halte": "Wonderia B",
        "Alias": "Halte BRT Sriwijaya 1",
        "Jenis_Shel": "Permanen",
        "Latitude__": -7.0007289,
        "Longitude": 110.4238991,
        "SymbolID": null,
        "halte_id": 239,
        "nama_halte": "Wonderia B",
        "koridor_list": ";K5;",
        "jumlah_koridor": 1,
        "is_transit": false
      },
      "geometry": {
        "type": "Point",
        "coordinates": [
          110.42370848450518,
          -7.00094766393154
        ]
      }
    },
    {
      "type": "Feature",
      "properties": {
        "OBJECTID": 241,
        "No": 241,
        "Nama_Halte": "PDAM Kedungmundu A",
        "Alias": "Halte PDAM A",
        "Jenis_Shel": "Portable",
        "Latitude__": -7.015853,
        "Longitude": 110.4536582,
        "SymbolID": null,
        "halte_id": 240,
        "nama_halte": "PDAM Kedungmundu A",
        "koridor_list": "",
        "jumlah_koridor": 0,
        "is_transit": false
      },
      "geometry": {
        "type": "Point",
        "coordinates": [
          110.45317861571603,
          -7.017459237261457
        ]
      }
    },
    {
      "type": "Feature",
      "properties": {
        "OBJECTID": 242,
        "No": 242,
        "Nama_Halte": "Unimus B",
        "Alias": "Halte Unimus",
        "Jenis_Shel": "Portable",
        "Latitude__": -7.0237191,
        "Longitude": 110.4585819,
        "SymbolID": null,
        "halte_id": 241,
        "nama_halte": "Unimus B",
        "koridor_list": ";K5;",
        "jumlah_koridor": 1,
        "is_transit": false
      },
      "geometry": {
        "type": "Point",
        "coordinates": [
          110.46017828840988,
          -7.020513800793958
        ]
      }
    },
    {
      "type": "Feature",
      "properties": {
        "OBJECTID": 243,
        "No": 243,
        "Nama_Halte": "SMA N 15 B",
        "Alias": " ",
        "Jenis_Shel": "Portable",
        "Latitude__": -7.022739134,
        "Longitude": 110.4633754,
        "SymbolID": null,
        "halte_id": 242,
        "nama_halte": "SMA N 15 B",
        "koridor_list": ";K5;F3;",
        "jumlah_koridor": 2,
        "is_transit": true
      },
      "geometry": {
        "type": "Point",
        "coordinates": [
          110.46367812475678,
          -7.022046424503639
        ]
      }
    },
    {
      "type": "Feature",
      "properties": {
        "OBJECTID": 244,
        "No": 244,
        "Nama_Halte": "Kini Jaya II",
        "Alias": "Superindo Kedung Mundu",
        "Jenis_Shel": "Portable",
        "Latitude__": -7.024574667,
        "Longitude": 110.4667179,
        "SymbolID": null,
        "halte_id": 243,
        "nama_halte": "Kini Jaya II",
        "koridor_list": ";K5;F2A;F2B;F3;",
        "jumlah_koridor": 4,
        "is_transit": true
      },
      "geometry": {
        "type": "Point",
        "coordinates": [
          110.46817868433023,
          -7.023966877800366
        ]
      }
    },
    {
      "type": "Feature",
      "properties": {
        "OBJECTID": 245,
        "No": 245,
        "Nama_Halte": "RSUD Ketileng",
        "Alias": " ",
        "Jenis_Shel": "Permanen",
        "Latitude__": -7.032743436,
        "Longitude": 110.4674947,
        "SymbolID": null,
        "halte_id": 244,
        "nama_halte": "RSUD Ketileng",
        "koridor_list": ";K5;F3;",
        "jumlah_koridor": 2,
        "is_transit": true
      },
      "geometry": {
        "type": "Point",
        "coordinates": [
          110.46900603270691,
          -7.032447447627321
        ]
      }
    },
    {
      "type": "Feature",
      "properties": {
        "OBJECTID": 246,
        "No": 246,
        "Nama_Halte": "Harmoni B",
        "Alias": "Halte Harmoni 3",
        "Jenis_Shel": "Portable",
        "Latitude__": -7.0385411,
        "Longitude": 110.4682171,
        "SymbolID": null,
        "halte_id": 245,
        "nama_halte": "Harmoni B",
        "koridor_list": "",
        "jumlah_koridor": 0,
        "is_transit": false
      },
      "geometry": {
        "type": "Point",
        "coordinates": [
          110.46931145990351,
          -7.038447589062952
        ]
      }
    },
    {
      "type": "Feature",
      "properties": {
        "OBJECTID": 247,
        "No": 247,
        "Nama_Halte": "Balai Bahasa B",
        "Alias": "Halte Harmoni Residence",
        "Jenis_Shel": "Portable",
        "Latitude__": -7.042445,
        "Longitude": 110.4668807,
        "SymbolID": null,
        "halte_id": 246,
        "nama_halte": "Balai Bahasa B",
        "koridor_list": "",
        "jumlah_koridor": 0,
        "is_transit": false
      },
      "geometry": {
        "type": "Point",
        "coordinates": [
          110.46954592019269,
          -7.042447045899541
        ]
      }
    },
    {
      "type": "Feature",
      "properties": {
        "OBJECTID": 248,
        "No": 248,
        "Nama_Halte": "Dadapan",
        "Alias": "Halte Bukit Sendang Mulyo",
        "Jenis_Shel": "Portable",
        "Latitude__": -7.0481541,
        "Longitude": 110.4704098,
        "SymbolID": null,
        "halte_id": 247,
        "nama_halte": "Dadapan",
        "koridor_list": "",
        "jumlah_koridor": 0,
        "is_transit": false
      },
      "geometry": {
        "type": "Point",
        "coordinates": [
          110.46989805978404,
          -7.048447058009391
        ]
      }
    },
    {
      "type": "Feature",
      "properties": {
        "OBJECTID": 249,
        "No": 249,
        "Nama_Halte": "Pasar Meteseh A",
        "Alias": "Halte Pasar Meteseh",
        "Jenis_Shel": "Portable",
        "Latitude__": -7.056983,
        "Longitude": 110.4701248,
        "SymbolID": null,
        "halte_id": 248,
        "nama_halte": "Pasar Meteseh A",
        "koridor_list": "",
        "jumlah_koridor": 0,
        "is_transit": false
      },
      "geometry": {
        "type": "Point",
        "coordinates": [
          110.47024391116842,
          -7.05694768509058
        ]
      }
    },
    {
      "type": "Feature",
      "properties": {
        "OBJECTID": 250,
        "No": 250,
        "Nama_Halte": "Dinar Elok B",
        "Alias": " ",
        "Jenis_Shel": "Portable",
        "Latitude__": -7.060192887,
        "Longitude": 110.4696896,
        "SymbolID": null,
        "halte_id": 249,
        "nama_halte": "Dinar Elok B",
        "koridor_list": ";K5;",
        "jumlah_koridor": 1,
        "is_transit": false
      },
      "geometry": {
        "type": "Point",
        "coordinates": [
          110.47017833415269,
          -7.060418320995693
        ]
      }
    },
    {
      "type": "Feature",
      "properties": {
        "OBJECTID": 251,
        "No": 251,
        "Nama_Halte": "Dinar Asri A",
        "Alias": " ",
        "Jenis_Shel": "Portable",
        "Latitude__": -7.060574236,
        "Longitude": 110.4681325,
        "SymbolID": null,
        "halte_id": 250,
        "nama_halte": "Dinar Asri A",
        "koridor_list": ";K5;",
        "jumlah_koridor": 1,
        "is_transit": false
      },
      "geometry": {
        "type": "Point",
        "coordinates": [
          110.46838260189975,
          -7.061281295519752
        ]
      }
    },
    {
      "type": "Feature",
      "properties": {
        "OBJECTID": 252,
        "No": 252,
        "Nama_Halte": "Dinar Andah B",
        "Alias": " ",
        "Jenis_Shel": "Portable",
        "Latitude__": -7.06296793,
        "Longitude": 110.4644779,
        "SymbolID": null,
        "halte_id": 251,
        "nama_halte": "Dinar Andah B",
        "koridor_list": ";K5;",
        "jumlah_koridor": 1,
        "is_transit": false
      },
      "geometry": {
        "type": "Point",
        "coordinates": [
          110.46469232271258,
          -7.062947509337589
        ]
      }
    },
    {
      "type": "Feature",
      "properties": {
        "OBJECTID": 253,
        "No": 253,
        "Nama_Halte": "Bukit",
        "Alias": " ",
        "Jenis_Shel": "Permanen",
        "Latitude__": -7.067499926,
        "Longitude": 110.4587793,
        "SymbolID": null,
        "halte_id": 252,
        "nama_halte": "Bukit",
        "koridor_list": ";K5;",
        "jumlah_koridor": 1,
        "is_transit": false
      },
      "geometry": {
        "type": "Point",
        "coordinates": [
          110.45871493281203,
          -7.067446880696941
        ]
      }
    },
    {
      "type": "Feature",
      "properties": {
        "OBJECTID": 254,
        "No": 254,
        "Nama_Halte": "Victoria Residence",
        "Alias": " ",
        "Jenis_Shel": "Permanen",
        "Latitude__": -7.062584744,
        "Longitude": 110.4619175,
        "SymbolID": null,
        "halte_id": 253,
        "nama_halte": "Victoria Residence",
        "koridor_list": ";K5;",
        "jumlah_koridor": 1,
        "is_transit": false
      },
      "geometry": {
        "type": "Point",
        "coordinates": [
          110.46191742679991,
          -7.062584669279635
        ]
      }
    },
    {
      "type": "Feature",
      "properties": {
        "OBJECTID": 255,
        "No": 255,
        "Nama_Halte": "Dinar Andah A",
        "Alias": " ",
        "Jenis_Shel": "Portable",
        "Latitude__": -7.062873154,
        "Longitude": 110.4656689,
        "SymbolID": null,
        "halte_id": 254,
        "nama_halte": "Dinar Andah A",
        "koridor_list": ";K5;",
        "jumlah_koridor": 1,
        "is_transit": false
      },
      "geometry": {
        "type": "Point",
        "coordinates": [
          110.46417848637006,
          -7.061824219782642
        ]
      }
    },
    {
      "type": "Feature",
      "properties": {
        "OBJECTID": 256,
        "No": 256,
        "Nama_Halte": "Dinar Elok A",
        "Alias": " ",
        "Jenis_Shel": "Portable",
        "Latitude__": -7.060085794,
        "Longitude": 110.4697713,
        "SymbolID": null,
        "halte_id": 255,
        "nama_halte": "Dinar Elok A",
        "koridor_list": ";K5;",
        "jumlah_koridor": 1,
        "is_transit": false
      },
      "geometry": {
        "type": "Point",
        "coordinates": [
          110.46917222103447,
          -7.059447472731873
        ]
      }
    },
    {
      "type": "Feature",
      "properties": {
        "OBJECTID": 257,
        "No": 257,
        "Nama_Halte": "Pasar Meteseh B",
        "Alias": "Halte BRT Taman Meteseh",
        "Jenis_Shel": "Portable",
        "Latitude__": -7.0564535,
        "Longitude": 110.4713854,
        "SymbolID": null,
        "halte_id": 256,
        "nama_halte": "Pasar Meteseh B",
        "koridor_list": ";K5;",
        "jumlah_koridor": 1,
        "is_transit": false
      },
      "geometry": {
        "type": "Point",
        "coordinates": [
          110.46911562717156,
          -7.056447547639751
        ]
      }
    },
    {
      "type": "Feature",
      "properties": {
        "OBJECTID": 258,
        "No": 258,
        "Nama_Halte": "Perum Mulia Asri A",
        "Alias": " ",
        "Jenis_Shel": "Portable",
        "Latitude__": -7.050963693,
        "Longitude": 110.4716344,
        "SymbolID": null,
        "halte_id": 257,
        "nama_halte": "Perum Mulia Asri A",
        "koridor_list": ";K5;",
        "jumlah_koridor": 1,
        "is_transit": false
      },
      "geometry": {
        "type": "Point",
        "coordinates": [
          110.46885062416276,
          -7.050946891543621
        ]
      }
    },
    {
      "type": "Feature",
      "properties": {
        "OBJECTID": 259,
        "No": 259,
        "Nama_Halte": "Balai Bahasa A",
        "Alias": "Halte BRT Gendong Raya",
        "Jenis_Shel": "Portable",
        "Latitude__": -7.0424572,
        "Longitude": 110.4670756,
        "SymbolID": null,
        "halte_id": 258,
        "nama_halte": "Balai Bahasa A",
        "koridor_list": "",
        "jumlah_koridor": 0,
        "is_transit": false
      },
      "geometry": {
        "type": "Point",
        "coordinates": [
          110.46841763619581,
          -7.042447045899541
        ]
      }
    },
    {
      "type": "Feature",
      "properties": {
        "OBJECTID": 260,
        "No": 260,
        "Nama_Halte": "Harmoni A",
        "Alias": "Halte Harmoni 2",
        "Jenis_Shel": "Portable",
        "Latitude__": -7.039643,
        "Longitude": 110.4668276,
        "SymbolID": null,
        "halte_id": 259,
        "nama_halte": "Harmoni A",
        "koridor_list": ";K5;",
        "jumlah_koridor": 1,
        "is_transit": false
      },
      "geometry": {
        "type": "Point",
        "coordinates": [
          110.46839787325956,
          -7.03894685439438
        ]
      }
    },
    {
      "type": "Feature",
      "properties": {
        "OBJECTID": 261,
        "No": 261,
        "Nama_Halte": "RSUD Wongsonegoro B",
        "Alias": " ",
        "Jenis_Shel": "Permanen",
        "Latitude__": -7.032931868,
        "Longitude": 110.4673749,
        "SymbolID": null,
        "halte_id": 260,
        "nama_halte": "RSUD Wongsonegoro B",
        "koridor_list": "",
        "jumlah_koridor": 0,
        "is_transit": false
      },
      "geometry": {
        "type": "Point",
        "coordinates": [
          110.46781756158602,
          -7.032947610967837
        ]
      }
    },
    {
      "type": "Feature",
      "properties": {
        "OBJECTID": 262,
        "No": 262,
        "Nama_Halte": "SMA N 15 A",
        "Alias": "Halte SMA 15",
        "Jenis_Shel": "Portable",
        "Latitude__": -7.0231105,
        "Longitude": 110.4636854,
        "SymbolID": null,
        "halte_id": 261,
        "nama_halte": "SMA N 15 A",
        "koridor_list": "",
        "jumlah_koridor": 0,
        "is_transit": false
      },
      "geometry": {
        "type": "Point",
        "coordinates": [
          110.46317866145883,
          -7.022995953238947
        ]
      }
    },
    {
      "type": "Feature",
      "properties": {
        "OBJECTID": 263,
        "No": 263,
        "Nama_Halte": "Unimus A",
        "Alias": " ",
        "Jenis_Shel": "Portable",
        "Latitude__": -7.023219142,
        "Longitude": 110.4624837,
        "SymbolID": null,
        "halte_id": 262,
        "nama_halte": "Unimus A",
        "koridor_list": "",
        "jumlah_koridor": 0,
        "is_transit": false
      },
      "geometry": {
        "type": "Point",
        "coordinates": [
          110.45967882511188,
          -7.021477597910367
        ]
      }
    },
    {
      "type": "Feature",
      "properties": {
        "OBJECTID": 264,
        "No": 264,
        "Nama_Halte": "PDAM Kedungmundu B",
        "Alias": "Halte PDAM B",
        "Jenis_Shel": "Portable",
        "Latitude__": -7.015453,
        "Longitude": 110.4528718,
        "SymbolID": null,
        "halte_id": 263,
        "nama_halte": "PDAM Kedungmundu B",
        "koridor_list": "",
        "jumlah_koridor": 0,
        "is_transit": false
      },
      "geometry": {
        "type": "Point",
        "coordinates": [
          110.4521787908048,
          -7.018365087732443
        ]
      }
    },
    {
      "type": "Feature",
      "properties": {
        "OBJECTID": 265,
        "No": 265,
        "Nama_Halte": "Asrama TNI Mrican A",
        "Alias": "Halte Asrama TNI AD A",
        "Jenis_Shel": "Portable",
        "Latitude__": -7.0118426,
        "Longitude": 110.4415837,
        "SymbolID": null,
        "halte_id": 264,
        "nama_halte": "Asrama TNI Mrican A",
        "koridor_list": ";K5;",
        "jumlah_koridor": 1,
        "is_transit": false
      },
      "geometry": {
        "type": "Point",
        "coordinates": [
          110.44017819692421,
          -7.012962947468456
        ]
      }
    },
    {
      "type": "Feature",
      "properties": {
        "OBJECTID": 266,
        "No": 266,
        "Nama_Halte": "Sriwijaya",
        "Alias": "Halte BRT Sriwijaya",
        "Jenis_Shel": "Permanen",
        "Latitude__": -7.004812,
        "Longitude": 110.4314191,
        "SymbolID": null,
        "halte_id": 265,
        "nama_halte": "Sriwijaya",
        "koridor_list": ";K5;",
        "jumlah_koridor": 1,
        "is_transit": false
      },
      "geometry": {
        "type": "Point",
        "coordinates": [
          110.42517812831002,
          -7.003469151597786
        ]
      }
    },
    {
      "type": "Feature",
      "properties": {
        "OBJECTID": 267,
        "No": 267,
        "Nama_Halte": "SMA Theresiana",
        "Alias": "Halte Akfar Theresiana",
        "Jenis_Shel": "Permanen",
        "Latitude__": -6.9810927,
        "Longitude": 110.4210743,
        "SymbolID": null,
        "halte_id": 266,
        "nama_halte": "SMA Theresiana",
        "koridor_list": ";K3A;K4;K5;",
        "jumlah_koridor": 3,
        "is_transit": true
      },
      "geometry": {
        "type": "Point",
        "coordinates": [
          110.42017810543858,
          -6.98115511776583
        ]
      }
    },
    {
      "type": "Feature",
      "properties": {
        "OBJECTID": 268,
        "No": 268,
        "Nama_Halte": "Kaligarang A",
        "Alias": "Halte Kaligarang 2",
        "Jenis_Shel": "Portable",
        "Latitude__": -6.9961457,
        "Longitude": 110.4048456,
        "SymbolID": null,
        "halte_id": 267,
        "nama_halte": "Kaligarang A",
        "koridor_list": ";K5;",
        "jumlah_koridor": 1,
        "is_transit": false
      },
      "geometry": {
        "type": "Point",
        "coordinates": [
          110.40467857352641,
          -6.996126662843508
        ]
      }
    },
    {
      "type": "Feature",
      "properties": {
        "OBJECTID": 269,
        "No": 269,
        "Nama_Halte": "Sam Poo Kong A",
        "Alias": "Halte Klenteng Sam Poo Kong",
        "Jenis_Shel": "Portable",
        "Latitude__": -6.9942933,
        "Longitude": 110.3984271,
        "SymbolID": null,
        "halte_id": 268,
        "nama_halte": "Sam Poo Kong A",
        "koridor_list": ";K5;",
        "jumlah_koridor": 1,
        "is_transit": false
      },
      "geometry": {
        "type": "Point",
        "coordinates": [
          110.39867872574375,
          -6.993179827047018
        ]
      }
    },
    {
      "type": "Feature",
      "properties": {
        "OBJECTID": 270,
        "No": 270,
        "Nama_Halte": "Pamularsih A",
        "Alias": "Halte Pamularsih",
        "Jenis_Shel": "Permanen",
        "Latitude__": -6.9885738,
        "Longitude": 110.3916338,
        "SymbolID": null,
        "halte_id": 269,
        "nama_halte": "Pamularsih A",
        "koridor_list": ";K5;F1B;",
        "jumlah_koridor": 2,
        "is_transit": true
      },
      "geometry": {
        "type": "Point",
        "coordinates": [
          110.3916781547346,
          -6.989540169398411
        ]
      }
    },
    {
      "type": "Feature",
      "properties": {
        "OBJECTID": 271,
        "No": 271,
        "Nama_Halte": "Gapensi A",
        "Alias": " ",
        "Jenis_Shel": "Portable",
        "Latitude__": -6.974758822,
        "Longitude": 110.3904745,
        "SymbolID": null,
        "halte_id": 270,
        "nama_halte": "Gapensi A",
        "koridor_list": ";K5;",
        "jumlah_koridor": 1,
        "is_transit": false
      },
      "geometry": {
        "type": "Point",
        "coordinates": [
          110.39035313969052,
          -6.97444714659408
        ]
      }
    },
    {
      "type": "Feature",
      "properties": {
        "OBJECTID": 272,
        "No": 272,
        "Nama_Halte": "Bundaran Anjasmoro A",
        "Alias": " ",
        "Jenis_Shel": "Portable",
        "Latitude__": -6.968521413,
        "Longitude": 110.3903993,
        "SymbolID": null,
        "halte_id": 271,
        "nama_halte": "Bundaran Anjasmoro A",
        "koridor_list": ";K5;",
        "jumlah_koridor": 1,
        "is_transit": false
      },
      "geometry": {
        "type": "Point",
        "coordinates": [
          110.39037829251849,
          -6.968447073431693
        ]
      }
    },
    {
      "type": "Feature",
      "properties": {
        "OBJECTID": 273,
        "No": 273,
        "Nama_Halte": "PRPP B",
        "Alias": "PRPP B",
        "Jenis_Shel": "Portable",
        "Latitude__": -6.9626886,
        "Longitude": 110.389902,
        "SymbolID": null,
        "halte_id": 272,
        "nama_halte": "PRPP B",
        "koridor_list": ";K5;",
        "jumlah_koridor": 1,
        "is_transit": false
      },
      "geometry": {
        "type": "Point",
        "coordinates": [
          110.3903378683307,
          -6.962947161820876
        ]
      }
    },
    {
      "type": "Feature",
      "properties": {
        "OBJECTID": 274,
        "No": 274,
        "Nama_Halte": "Bandara Ahmad Yani",
        "Alias": "Shelter Bandara BRT Trans Semarang",
        "Jenis_Shel": "Permanen",
        "Latitude__": -6.9665857,
        "Longitude": 110.3756174,
        "SymbolID": null,
        "halte_id": 273,
        "nama_halte": "Bandara Ahmad Yani",
        "koridor_list": "",
        "jumlah_koridor": 0,
        "is_transit": false
      },
      "geometry": {
        "type": "Point",
        "coordinates": [
          110.37517879791118,
          -6.964918684245723
        ]
      }
    },
    {
      "type": "Feature",
      "properties": {
        "OBJECTID": 275,
        "No": 275,
        "Nama_Halte": "Kini Jaya I",
        "Alias": " ",
        "Jenis_Shel": "Portable",
        "Latitude__": -7.024568,
        "Longitude": 110.4664444,
        "SymbolID": null,
        "halte_id": 274,
        "nama_halte": "Kini Jaya I",
        "koridor_list": ";K5;F2B;F3;",
        "jumlah_koridor": 3,
        "is_transit": true
      },
      "geometry": {
        "type": "Point",
        "coordinates": [
          110.46767832271696,
          -7.024738979815405
        ]
      }
    },
    {
      "type": "Feature",
      "properties": {
        "OBJECTID": 276,
        "No": 276,
        "Nama_Halte": "Sekere Unnes",
        "Alias": "Halte BRT FT UNNES",
        "Jenis_Shel": "Permanen",
        "Latitude__": -7.0513687,
        "Longitude": 110.4007529,
        "SymbolID": null,
        "halte_id": 275,
        "nama_halte": "Sekere Unnes",
        "koridor_list": ";K6;",
        "jumlah_koridor": 1,
        "is_transit": false
      },
      "geometry": {
        "type": "Point",
        "coordinates": [
          110.40075293573481,
          -7.051368581106183
        ]
      }
    },
    {
      "type": "Feature",
      "properties": {
        "OBJECTID": 277,
        "No": 277,
        "Nama_Halte": "BNI UNNES A",
        "Alias": "Halte BRT Unnes II",
        "Jenis_Shel": "Permanen",
        "Latitude__": -7.048999,
        "Longitude": 110.3952474,
        "SymbolID": null,
        "halte_id": 276,
        "nama_halte": "BNI UNNES A",
        "koridor_list": ";K6;F4A;",
        "jumlah_koridor": 2,
        "is_transit": true
      },
      "geometry": {
        "type": "Point",
        "coordinates": [
          110.39530465353661,
          -7.049062210879146
        ]
      }
    },
    {
      "type": "Feature",
      "properties": {
        "OBJECTID": 278,
        "No": 278,
        "Nama_Halte": "SD Sekaran 1A",
        "Alias": " ",
        "Jenis_Shel": "Portable",
        "Latitude__": -7.051265559,
        "Longitude": 110.3954008,
        "SymbolID": null,
        "halte_id": 277,
        "nama_halte": "SD Sekaran 1A",
        "koridor_list": ";K6;F4A;",
        "jumlah_koridor": 2,
        "is_transit": true
      },
      "geometry": {
        "type": "Point",
        "coordinates": [
          110.39517888939685,
          -7.051265164673926
        ]
      }
    },
    {
      "type": "Feature",
      "properties": {
        "OBJECTID": 279,
        "No": 279,
        "Nama_Halte": "MI Sekaran",
        "Alias": "Halte BRT Sekaran",
        "Jenis_Shel": "Portable",
        "Latitude__": -7.0552445,
        "Longitude": 110.394777,
        "SymbolID": null,
        "halte_id": 278,
        "nama_halte": "MI Sekaran",
        "koridor_list": ";K6;F4A;",
        "jumlah_koridor": 2,
        "is_transit": true
      },
      "geometry": {
        "type": "Point",
        "coordinates": [
          110.3947773424648,
          -7.055244897618153
        ]
      }
    },
    {
      "type": "Feature",
      "properties": {
        "OBJECTID": 280,
        "No": 280,
        "Nama_Halte": "Sekere/Garasi UNNES",
        "Alias": " ",
        "Jenis_Shel": "Portable",
        "Latitude__": -7.055578235,
        "Longitude": 110.3919315,
        "SymbolID": null,
        "halte_id": 279,
        "nama_halte": "Sekere/Garasi UNNES",
        "koridor_list": ";K6;F4A;",
        "jumlah_koridor": 2,
        "is_transit": true
      },
      "geometry": {
        "type": "Point",
        "coordinates": [
          110.39132242188211,
          -7.05594740964851
        ]
      }
    },
    {
      "type": "Feature",
      "properties": {
        "OBJECTID": 281,
        "No": 281,
        "Nama_Halte": "Rektor UNNES A",
        "Alias": "Halte trans semarang",
        "Jenis_Shel": "Portable",
        "Latitude__": -7.0481642,
        "Longitude": 110.3893691,
        "SymbolID": null,
        "halte_id": 280,
        "nama_halte": "Rektor UNNES A",
        "koridor_list": ";K6;F4A;",
        "jumlah_koridor": 2,
        "is_transit": true
      },
      "geometry": {
        "type": "Point",
        "coordinates": [
          110.3906783298234,
          -7.048258945881815
        ]
      }
    },
    {
      "type": "Feature",
      "properties": {
        "OBJECTID": 282,
        "No": 282,
        "Nama_Halte": "Akbid B",
        "Alias": " ",
        "Jenis_Shel": "Portable",
        "Latitude__": -7.039116968,
        "Longitude": 110.3911213,
        "SymbolID": null,
        "halte_id": 281,
        "nama_halte": "Akbid B",
        "koridor_list": ";K6;",
        "jumlah_koridor": 1,
        "is_transit": false
      },
      "geometry": {
        "type": "Point",
        "coordinates": [
          110.38967850491217,
          -7.039269593483476
        ]
      }
    },
    {
      "type": "Feature",
      "properties": {
        "OBJECTID": 283,
        "No": 283,
        "Nama_Halte": "Taman Puri Sartika B",
        "Alias": " ",
        "Jenis_Shel": "Portable",
        "Latitude__": -7.031129872,
        "Longitude": 110.3892635,
        "SymbolID": null,
        "halte_id": 282,
        "nama_halte": "Taman Puri Sartika B",
        "koridor_list": ";K6;",
        "jumlah_koridor": 1,
        "is_transit": false
      },
      "geometry": {
        "type": "Point",
        "coordinates": [
          110.38892122512765,
          -7.031158254073902
        ]
      }
    },
    {
      "type": "Feature",
      "properties": {
        "OBJECTID": 284,
        "No": 284,
        "Nama_Halte": "Delik Sari B",
        "Alias": " ",
        "Jenis_Shel": "Portable",
        "Latitude__": -7.025508635,
        "Longitude": 110.3887809,
        "SymbolID": null,
        "halte_id": 283,
        "nama_halte": "Delik Sari B",
        "koridor_list": ";K6;",
        "jumlah_koridor": 1,
        "is_transit": false
      },
      "geometry": {
        "type": "Point",
        "coordinates": [
          110.38831486231086,
          -7.025446887464734
        ]
      }
    },
    {
      "type": "Feature",
      "properties": {
        "OBJECTID": 285,
        "No": 285,
        "Nama_Halte": "Sukorejo 2",
        "Alias": " ",
        "Jenis_Shel": "Portable",
        "Latitude__": -7.02128588,
        "Longitude": 110.3887593,
        "SymbolID": null,
        "halte_id": 284,
        "nama_halte": "Sukorejo 2",
        "koridor_list": ";K6;",
        "jumlah_koridor": 1,
        "is_transit": false
      },
      "geometry": {
        "type": "Point",
        "coordinates": [
          110.38804536772564,
          -7.021285908541198
        ]
      }
    },
    {
      "type": "Feature",
      "properties": {
        "OBJECTID": 286,
        "No": 286,
        "Nama_Halte": "Polimarin B",
        "Alias": " ",
        "Jenis_Shel": "Portable",
        "Latitude__": -7.018991116,
        "Longitude": 110.3950893,
        "SymbolID": null,
        "halte_id": 285,
        "nama_halte": "Polimarin B",
        "koridor_list": ";K6;",
        "jumlah_koridor": 1,
        "is_transit": false
      },
      "geometry": {
        "type": "Point",
        "coordinates": [
          110.39501988759153,
          -7.018858133556873
        ]
      }
    },
    {
      "type": "Feature",
      "properties": {
        "OBJECTID": 287,
        "No": 287,
        "Nama_Halte": "IKIP Veteran B",
        "Alias": " ",
        "Jenis_Shel": "Portable",
        "Latitude__": -7.020985173,
        "Longitude": 110.3977309,
        "SymbolID": null,
        "halte_id": 286,
        "nama_halte": "IKIP Veteran B",
        "koridor_list": ";K6;",
        "jumlah_koridor": 1,
        "is_transit": false
      },
      "geometry": {
        "type": "Point",
        "coordinates": [
          110.39817836413052,
          -7.020214229775631
        ]
      }
    },
    {
      "type": "Feature",
      "properties": {
        "OBJECTID": 288,
        "No": 288,
        "Nama_Halte": "UNIKA B",
        "Alias": " ",
        "Jenis_Shel": "Portable",
        "Latitude__": -7.024464804,
        "Longitude": 110.4032974,
        "SymbolID": null,
        "halte_id": 287,
        "nama_halte": "UNIKA B",
        "koridor_list": ";K6;",
        "jumlah_koridor": 1,
        "is_transit": false
      },
      "geometry": {
        "type": "Point",
        "coordinates": [
          110.4034972889278,
          -7.022946916591167
        ]
      }
    },
    {
      "type": "Feature",
      "properties": {
        "OBJECTID": 289,
        "No": 289,
        "Nama_Halte": "Jatidiri B",
        "Alias": " ",
        "Jenis_Shel": "Portable",
        "Latitude__": -7.025238696,
        "Longitude": 110.4116859,
        "SymbolID": null,
        "halte_id": 288,
        "nama_halte": "Jatidiri B",
        "koridor_list": ";K6;",
        "jumlah_koridor": 1,
        "is_transit": false
      },
      "geometry": {
        "type": "Point",
        "coordinates": [
          110.40848383706992,
          -7.02240751312435
        ]
      }
    },
    {
      "type": "Feature",
      "properties": {
        "OBJECTID": 290,
        "No": 290,
        "Nama_Halte": "Semeru B",
        "Alias": " ",
        "Jenis_Shel": "Portable",
        "Latitude__": -7.020480613,
        "Longitude": 110.4190179,
        "SymbolID": null,
        "halte_id": 289,
        "nama_halte": "Semeru B",
        "koridor_list": ";K6;",
        "jumlah_koridor": 1,
        "is_transit": false
      },
      "geometry": {
        "type": "Point",
        "coordinates": [
          110.41153092251365,
          -7.021937652074076
        ]
      }
    },
    {
      "type": "Feature",
      "properties": {
        "OBJECTID": 291,
        "No": 291,
        "Nama_Halte": "Sisingamangaraja",
        "Alias": " ",
        "Jenis_Shel": "Portable",
        "Latitude__": -7.015865885,
        "Longitude": 110.4255606,
        "SymbolID": null,
        "halte_id": 290,
        "nama_halte": "Sisingamangaraja",
        "koridor_list": ";K6;",
        "jumlah_koridor": 1,
        "is_transit": false
      },
      "geometry": {
        "type": "Point",
        "coordinates": [
          110.4186788172294,
          -7.014325302004234
        ]
      }
    },
    {
      "type": "Feature",
      "properties": {
        "OBJECTID": 292,
        "No": 292,
        "Nama_Halte": "Pasar Sisingamangaraja",
        "Alias": " ",
        "Jenis_Shel": "Permanen",
        "Latitude__": -7.016100459,
        "Longitude": 110.4273205,
        "SymbolID": null,
        "halte_id": 291,
        "nama_halte": "Pasar Sisingamangaraja",
        "koridor_list": ";K6;",
        "jumlah_koridor": 1,
        "is_transit": false
      },
      "geometry": {
        "type": "Point",
        "coordinates": [
          110.42067846705184,
          -7.014327976780169
        ]
      }
    },
    {
      "type": "Feature",
      "properties": {
        "OBJECTID": 293,
        "No": 293,
        "Nama_Halte": "Kelurahan Sumur Broto",
        "Alias": " ",
        "Jenis_Shel": "Portable",
        "Latitude__": -7.050235499,
        "Longitude": 110.4232773,
        "SymbolID": null,
        "halte_id": 292,
        "nama_halte": "Kelurahan Sumur Broto",
        "koridor_list": "",
        "jumlah_koridor": 0,
        "is_transit": false
      },
      "geometry": {
        "type": "Point",
        "coordinates": [
          110.42267811687431,
          -7.050787309135481
        ]
      }
    },
    {
      "type": "Feature",
      "properties": {
        "OBJECTID": 294,
        "No": 294,
        "Nama_Halte": "Kecamatan Banyumanik 2",
        "Alias": " ",
        "Jenis_Shel": "Portable",
        "Latitude__": -7.052447557,
        "Longitude": 110.4284447,
        "SymbolID": null,
        "halte_id": 293,
        "nama_halte": "Kecamatan Banyumanik 2",
        "koridor_list": ";K6;",
        "jumlah_koridor": 1,
        "is_transit": false
      },
      "geometry": {
        "type": "Point",
        "coordinates": [
          110.42817850135897,
          -7.052680897964915
        ]
      }
    },
    {
      "type": "Feature",
      "properties": {
        "OBJECTID": 295,
        "No": 295,
        "Nama_Halte": "BNI Undip",
        "Alias": "Halte BRT BNI Polines",
        "Jenis_Shel": "Portable",
        "Latitude__": -7.0526834,
        "Longitude": 110.4326404,
        "SymbolID": null,
        "halte_id": 294,
        "nama_halte": "BNI Undip",
        "koridor_list": "",
        "jumlah_koridor": 0,
        "is_transit": false
      },
      "geometry": {
        "type": "Point",
        "coordinates": [
          110.43191728957147,
          -7.051947177788187
        ]
      }
    },
    {
      "type": "Feature",
      "properties": {
        "OBJECTID": 296,
        "No": 296,
        "Nama_Halte": "Fakultas Psikologi",
        "Alias": "Halte BRT Undip 1",
        "Jenis_Shel": "Portable",
        "Latitude__": -7.0471646,
        "Longitude": 110.4381407,
        "SymbolID": null,
        "halte_id": 295,
        "nama_halte": "Fakultas Psikologi",
        "koridor_list": ";K6;",
        "jumlah_koridor": 1,
        "is_transit": false
      },
      "geometry": {
        "type": "Point",
        "coordinates": [
          110.43817854710178,
          -7.046603377560829
        ]
      }
    },
    {
      "type": "Feature",
      "properties": {
        "OBJECTID": 297,
        "No": 297,
        "Nama_Halte": "Fakultas Ekonomi",
        "Alias": "Halte FEB Undip",
        "Jenis_Shel": "Portable",
        "Latitude__": -7.045895,
        "Longitude": 110.4411276,
        "SymbolID": null,
        "halte_id": 296,
        "nama_halte": "Fakultas Ekonomi",
        "koridor_list": ";K6;",
        "jumlah_koridor": 1,
        "is_transit": false
      },
      "geometry": {
        "type": "Point",
        "coordinates": [
          110.44117892015075,
          -7.046694313615629
        ]
      }
    },
    {
      "type": "Feature",
      "properties": {
        "OBJECTID": 298,
        "No": 298,
        "Nama_Halte": "RSNDP",
        "Alias": "Halte BRT RSN Diponegoro",
        "Jenis_Shel": "Permanen",
        "Latitude__": -7.0471279,
        "Longitude": 110.4441793,
        "SymbolID": null,
        "halte_id": 297,
        "nama_halte": "RSNDP",
        "koridor_list": ";K6;",
        "jumlah_koridor": 1,
        "is_transit": false
      },
      "geometry": {
        "type": "Point",
        "coordinates": [
          110.4441783948844,
          -7.04672819174914
        ]
      }
    },
    {
      "type": "Feature",
      "properties": {
        "OBJECTID": 299,
        "No": 299,
        "Nama_Halte": "Keperawatan Undip",
        "Alias": " ",
        "Jenis_Shel": "Portable",
        "Latitude__": -7.050483239,
        "Longitude": 110.4445263,
        "SymbolID": null,
        "halte_id": 298,
        "nama_halte": "Keperawatan Undip",
        "koridor_list": ";K6;",
        "jumlah_koridor": 1,
        "is_transit": false
      },
      "geometry": {
        "type": "Point",
        "coordinates": [
          110.44452604289935,
          -7.050483300038208
        ]
      }
    },
    {
      "type": "Feature",
      "properties": {
        "OBJECTID": 300,
        "No": 300,
        "Nama_Halte": "Rusun Undip",
        "Alias": "BRT Stadion Undip",
        "Jenis_Shel": "Permanen",
        "Latitude__": -7.054533023,
        "Longitude": 110.4441298,
        "SymbolID": null,
        "halte_id": 299,
        "nama_halte": "Rusun Undip",
        "koridor_list": ";K6;",
        "jumlah_koridor": 1,
        "is_transit": false
      },
      "geometry": {
        "type": "Point",
        "coordinates": [
          110.4441783948844,
          -7.054690375947894
        ]
      }
    },
    {
      "type": "Feature",
      "properties": {
        "OBJECTID": 301,
        "No": 301,
        "Nama_Halte": "Masjid Hijau",
        "Alias": " ",
        "Jenis_Shel": "Portable",
        "Latitude__": -7.056241356,
        "Longitude": 110.4399028,
        "SymbolID": null,
        "halte_id": 300,
        "nama_halte": "Masjid Hijau",
        "koridor_list": ";K6;",
        "jumlah_koridor": 1,
        "is_transit": false
      },
      "geometry": {
        "type": "Point",
        "coordinates": [
          110.44017819692421,
          -7.056740854695144
        ]
      }
    },
    {
      "type": "Feature",
      "properties": {
        "OBJECTID": 302,
        "No": 302,
        "Nama_Halte": "Perumda",
        "Alias": "Halte BRT Perumda",
        "Jenis_Shel": "Portable",
        "Latitude__": -7.055041,
        "Longitude": 110.4342059,
        "SymbolID": null,
        "halte_id": 301,
        "nama_halte": "Perumda",
        "koridor_list": ";K6;F3;",
        "jumlah_koridor": 2,
        "is_transit": true
      },
      "geometry": {
        "type": "Point",
        "coordinates": [
          110.43417834914159,
          -7.055269859992804
        ]
      }
    },
    {
      "type": "Feature",
      "properties": {
        "OBJECTID": 303,
        "No": 303,
        "Nama_Halte": "Kecamatan Banyumanik 1",
        "Alias": "Halte BRT Banyumanik 1",
        "Jenis_Shel": "Portable",
        "Latitude__": -7.052608,
        "Longitude": 110.4280496,
        "SymbolID": null,
        "halte_id": 302,
        "nama_halte": "Kecamatan Banyumanik 1",
        "koridor_list": ";K6;",
        "jumlah_koridor": 1,
        "is_transit": false
      },
      "geometry": {
        "type": "Point",
        "coordinates": [
          110.42817850135897,
          -7.053407484843705
        ]
      }
    },
    {
      "type": "Feature",
      "properties": {
        "OBJECTID": 304,
        "No": 304,
        "Nama_Halte": "TK PGRI 33",
        "Alias": "TK PGRI 33 Sumur Boto",
        "Jenis_Shel": "Portable",
        "Latitude__": -7.051351,
        "Longitude": 110.4254086,
        "SymbolID": null,
        "halte_id": 303,
        "nama_halte": "TK PGRI 33",
        "koridor_list": ";K6;",
        "jumlah_koridor": 1,
        "is_transit": false
      },
      "geometry": {
        "type": "Point",
        "coordinates": [
          110.42567848992327,
          -7.052736172098817
        ]
      }
    },
    {
      "type": "Feature",
      "properties": {
        "OBJECTID": 305,
        "No": 305,
        "Nama_Halte": "SMP 27",
        "Alias": "Halte BRT SMP 27",
        "Jenis_Shel": "Portable",
        "Latitude__": -7.0506329,
        "Longitude": 110.4235776,
        "SymbolID": null,
        "halte_id": 304,
        "nama_halte": "SMP 27",
        "koridor_list": ";K6;",
        "jumlah_koridor": 1,
        "is_transit": false
      },
      "geometry": {
        "type": "Point",
        "coordinates": [
          110.4234919905217,
          -7.051947177788187
        ]
      }
    },
    {
      "type": "Feature",
      "properties": {
        "OBJECTID": 306,
        "No": 306,
        "Nama_Halte": "Tengger A",
        "Alias": " ",
        "Jenis_Shel": "Portable",
        "Latitude__": -7.020570337,
        "Longitude": 110.4158763,
        "SymbolID": null,
        "halte_id": 305,
        "nama_halte": "Tengger A",
        "koridor_list": ";K6;",
        "jumlah_koridor": 1,
        "is_transit": false
      },
      "geometry": {
        "type": "Point",
        "coordinates": [
          110.41417825765596,
          -7.021985797250978
        ]
      }
    },
    {
      "type": "Feature",
      "properties": {
        "OBJECTID": 307,
        "No": 307,
        "Nama_Halte": "Jatidiri A",
        "Alias": " ",
        "Jenis_Shel": "Portable",
        "Latitude__": -7.025489971,
        "Longitude": 110.411553,
        "SymbolID": null,
        "halte_id": 306,
        "nama_halte": "Jatidiri A",
        "koridor_list": ";K6;",
        "jumlah_koridor": 1,
        "is_transit": false
      },
      "geometry": {
        "type": "Point",
        "coordinates": [
          110.40843532804459,
          -7.023029833101674
        ]
      }
    },
    {
      "type": "Feature",
      "properties": {
        "OBJECTID": 308,
        "No": 308,
        "Nama_Halte": "UNIKA A",
        "Alias": " ",
        "Jenis_Shel": "Permanen",
        "Latitude__": -7.026521491,
        "Longitude": 110.405402,
        "SymbolID": null,
        "halte_id": 307,
        "nama_halte": "UNIKA A",
        "koridor_list": ";K6;",
        "jumlah_koridor": 1,
        "is_transit": false
      },
      "geometry": {
        "type": "Point",
        "coordinates": [
          110.40317838700193,
          -7.023689598357373
        ]
      }
    },
    {
      "type": "Feature",
      "properties": {
        "OBJECTID": 309,
        "No": 309,
        "Nama_Halte": "IKIP Veteran A",
        "Alias": "Halte BRT Ivet",
        "Jenis_Shel": "Portable",
        "Latitude__": -7.020978,
        "Longitude": 110.3969897,
        "SymbolID": null,
        "halte_id": 308,
        "nama_halte": "IKIP Veteran A",
        "koridor_list": ";K6;",
        "jumlah_koridor": 1,
        "is_transit": false
      },
      "geometry": {
        "type": "Point",
        "coordinates": [
          110.39717853921927,
          -7.020537873456693
        ]
      }
    },
    {
      "type": "Feature",
      "properties": {
        "OBJECTID": 310,
        "No": 310,
        "Nama_Halte": "Polimarin A",
        "Alias": " ",
        "Jenis_Shel": "Portable",
        "Latitude__": -7.019068119,
        "Longitude": 110.3950075,
        "SymbolID": null,
        "halte_id": 309,
        "nama_halte": "Polimarin A",
        "koridor_list": ";K6;",
        "jumlah_koridor": 1,
        "is_transit": false
      },
      "geometry": {
        "type": "Point",
        "coordinates": [
          110.3949947347636,
          -7.019278069100273
        ]
      }
    },
    {
      "type": "Feature",
      "properties": {
        "OBJECTID": 311,
        "No": 311,
        "Nama_Halte": "SKJ",
        "Alias": "halte BRT sampangan timur",
        "Jenis_Shel": "Portable",
        "Latitude__": -7.0213525,
        "Longitude": 110.3886267,
        "SymbolID": null,
        "halte_id": 310,
        "nama_halte": "SKJ",
        "koridor_list": ";K6;",
        "jumlah_koridor": 1,
        "is_transit": false
      },
      "geometry": {
        "type": "Point",
        "coordinates": [
          110.38867868000094,
          -7.021243112764266
        ]
      }
    },
    {
      "type": "Feature",
      "properties": {
        "OBJECTID": 312,
        "No": 312,
        "Nama_Halte": "Taman Puri Sartika A",
        "Alias": " ",
        "Jenis_Shel": "Portable",
        "Latitude__": -7.031060128,
        "Longitude": 110.3894485,
        "SymbolID": null,
        "halte_id": 311,
        "nama_halte": "Taman Puri Sartika A",
        "koridor_list": ";K6;",
        "jumlah_koridor": 1,
        "is_transit": false
      },
      "geometry": {
        "type": "Point",
        "coordinates": [
          110.38967850491217,
          -7.031117242325399
        ]
      }
    },
    {
      "type": "Feature",
      "properties": {
        "OBJECTID": 313,
        "No": 313,
        "Nama_Halte": "Transkil A",
        "Alias": " ",
        "Jenis_Shel": "Portable",
        "Latitude__": -7.03419988,
        "Longitude": 110.3912491,
        "SymbolID": null,
        "halte_id": 312,
        "nama_halte": "Transkil A",
        "koridor_list": ";K6;",
        "jumlah_koridor": 1,
        "is_transit": false
      },
      "geometry": {
        "type": "Point",
        "coordinates": [
          110.39017886652543,
          -7.034923295474112
        ]
      }
    },
    {
      "type": "Feature",
      "properties": {
        "OBJECTID": 314,
        "No": 314,
        "Nama_Halte": "Akbid A",
        "Alias": " ",
        "Jenis_Shel": "Portable",
        "Latitude__": -7.03972458,
        "Longitude": 110.3914873,
        "SymbolID": null,
        "halte_id": 313,
        "nama_halte": "Akbid A",
        "koridor_list": ";K6;",
        "jumlah_koridor": 1,
        "is_transit": false
      },
      "geometry": {
        "type": "Point",
        "coordinates": [
          110.3906666517247,
          -7.039447010732439
        ]
      }
    },
    {
      "type": "Feature",
      "properties": {
        "OBJECTID": 315,
        "No": 315,
        "Nama_Halte": "Gang Marga Satwa A",
        "Alias": " ",
        "Jenis_Shel": "Portable",
        "Latitude__": -7.045481448,
        "Longitude": 110.3925985,
        "SymbolID": null,
        "halte_id": 314,
        "nama_halte": "Gang Marga Satwa A",
        "koridor_list": ";K6;F4A;",
        "jumlah_koridor": 2,
        "is_transit": true
      },
      "geometry": {
        "type": "Point",
        "coordinates": [
          110.39259892790082,
          -7.045481831418064
        ]
      }
    },
    {
      "type": "Feature",
      "properties": {
        "OBJECTID": 316,
        "No": 316,
        "Nama_Halte": "Lapangan Banaran A",
        "Alias": " ",
        "Jenis_Shel": "Portable",
        "Latitude__": -7.04700643,
        "Longitude": 110.3948736,
        "SymbolID": null,
        "halte_id": 315,
        "nama_halte": "Lapangan Banaran A",
        "koridor_list": ";K6;F4A;",
        "jumlah_koridor": 2,
        "is_transit": true
      },
      "geometry": {
        "type": "Point",
        "coordinates": [
          110.39487346220024,
          -7.047006348962169
        ]
      }
    },
    {
      "type": "Feature",
      "properties": {
        "OBJECTID": 317,
        "No": 317,
        "Nama_Halte": "BNI UNNES B",
        "Alias": "Halte BRT Unnes I",
        "Jenis_Shel": "Portable",
        "Latitude__": -7.048826,
        "Longitude": 110.3953333,
        "SymbolID": null,
        "halte_id": 316,
        "nama_halte": "BNI UNNES B",
        "koridor_list": ";K6;F4A;",
        "jumlah_koridor": 2,
        "is_transit": true
      },
      "geometry": {
        "type": "Point",
        "coordinates": [
          110.39534777267023,
          -7.048781380322522
        ]
      }
    },
    {
      "type": "Feature",
      "properties": {
        "OBJECTID": 318,
        "No": 318,
        "Nama_Halte": "Indogrosir",
        "Alias": " ",
        "Jenis_Shel": "Portable",
        "Latitude__": -6.955583646,
        "Longitude": 110.4663095,
        "SymbolID": null,
        "halte_id": 317,
        "nama_halte": "Indogrosir",
        "koridor_list": ";K7;",
        "jumlah_koridor": 1,
        "is_transit": false
      },
      "geometry": {
        "type": "Point",
        "coordinates": [
          110.4661781361925,
          -6.954793477726075
        ]
      }
    },
    {
      "type": "Feature",
      "properties": {
        "OBJECTID": 319,
        "No": 319,
        "Nama_Halte": "Kawasan Industri",
        "Alias": " ",
        "Jenis_Shel": "Portable",
        "Latitude__": -6.953911591,
        "Longitude": 110.4740116,
        "SymbolID": null,
        "halte_id": 318,
        "nama_halte": "Kawasan Industri",
        "koridor_list": ";K7;",
        "jumlah_koridor": 1,
        "is_transit": false
      },
      "geometry": {
        "type": "Point",
        "coordinates": [
          110.47361169516859,
          -6.952947643759234
        ]
      }
    },
    {
      "type": "Feature",
      "properties": {
        "OBJECTID": 320,
        "No": 320,
        "Nama_Halte": "Ponpes Robbi Rodliya",
        "Alias": " ",
        "Jenis_Shel": "Portable",
        "Latitude__": -6.951793007,
        "Longitude": 110.4793238,
        "SymbolID": null,
        "halte_id": 319,
        "nama_halte": "Ponpes Robbi Rodliya",
        "koridor_list": ";K7;",
        "jumlah_koridor": 1,
        "is_transit": false
      },
      "geometry": {
        "type": "Point",
        "coordinates": [
          110.47917855498426,
          -6.951536066320084
        ]
      }
    },
    {
      "type": "Feature",
      "properties": {
        "OBJECTID": 321,
        "No": 321,
        "Nama_Halte": "Pasar Genuk A",
        "Alias": "Halte Wolter Monginsidi 1",
        "Jenis_Shel": "Portable",
        "Latitude__": -6.9520942,
        "Longitude": 110.4808638,
        "SymbolID": null,
        "halte_id": 320,
        "nama_halte": "Pasar Genuk A",
        "koridor_list": ";K7;",
        "jumlah_koridor": 1,
        "is_transit": false
      },
      "geometry": {
        "type": "Point",
        "coordinates": [
          110.4809877619665,
          -6.95223695116295
        ]
      }
    },
    {
      "type": "Feature",
      "properties": {
        "OBJECTID": 322,
        "No": 322,
        "Nama_Halte": "Gedung Biru A",
        "Alias": " ",
        "Jenis_Shel": "Portable",
        "Latitude__": -6.965091151,
        "Longitude": 110.4791645,
        "SymbolID": null,
        "halte_id": 321,
        "nama_halte": "Gedung Biru A",
        "koridor_list": ";K7;",
        "jumlah_koridor": 1,
        "is_transit": false
      },
      "geometry": {
        "type": "Point",
        "coordinates": [
          110.47967891659755,
          -6.964825057180947
        ]
      }
    },
    {
      "type": "Feature",
      "properties": {
        "OBJECTID": 323,
        "No": 323,
        "Nama_Halte": "Sambung A",
        "Alias": "Halte Sembungrejo",
        "Jenis_Shel": "Portable",
        "Latitude__": -6.9729748,
        "Longitude": 110.4816854,
        "SymbolID": null,
        "halte_id": 322,
        "nama_halte": "Sambung A",
        "koridor_list": ";K7;",
        "jumlah_koridor": 1,
        "is_transit": false
      },
      "geometry": {
        "type": "Point",
        "coordinates": [
          110.48135247797184,
          -6.972947358424722
        ]
      }
    },
    {
      "type": "Feature",
      "properties": {
        "OBJECTID": 324,
        "No": 324,
        "Nama_Halte": "Sedayu Tugu A",
        "Alias": "Halte Sedayu Tugu",
        "Jenis_Shel": "Permanen",
        "Latitude__": -6.97769,
        "Longitude": 110.4805864,
        "SymbolID": null,
        "halte_id": 323,
        "nama_halte": "Sedayu Tugu A",
        "koridor_list": ";K7;",
        "jumlah_koridor": 1,
        "is_transit": false
      },
      "geometry": {
        "type": "Point",
        "coordinates": [
          110.48071018254369,
          -6.977946930864591
        ]
      }
    },
    {
      "type": "Feature",
      "properties": {
        "OBJECTID": 325,
        "No": 325,
        "Nama_Halte": "Banget Ayu A",
        "Alias": " ",
        "Jenis_Shel": "Portable",
        "Latitude__": -6.982722287,
        "Longitude": 110.477934,
        "SymbolID": null,
        "halte_id": 324,
        "nama_halte": "Banget Ayu A",
        "koridor_list": ";K7;F2A;F2B;",
        "jumlah_koridor": 3,
        "is_transit": true
      },
      "geometry": {
        "type": "Point",
        "coordinates": [
          110.47793438831576,
          -6.98272264522343
        ]
      }
    },
    {
      "type": "Feature",
      "properties": {
        "OBJECTID": 326,
        "No": 326,
        "Nama_Halte": "Aneka Jaya 1",
        "Alias": "Aneka Jaya",
        "Jenis_Shel": "Portable",
        "Latitude__": -6.9948284,
        "Longitude": 110.4727264,
        "SymbolID": null,
        "halte_id": 325,
        "nama_halte": "Aneka Jaya 1",
        "koridor_list": ";K7;F2B;",
        "jumlah_koridor": 2,
        "is_transit": true
      },
      "geometry": {
        "type": "Point",
        "coordinates": [
          110.47272595629846,
          -6.994828452451314
        ]
      }
    },
    {
      "type": "Feature",
      "properties": {
        "OBJECTID": 327,
        "No": 327,
        "Nama_Halte": "Tlogomulyo A",
        "Alias": "SMK ST Fransiskus",
        "Jenis_Shel": "Portable",
        "Latitude__": -7.00104,
        "Longitude": 110.4712444,
        "SymbolID": null,
        "halte_id": 326,
        "nama_halte": "Tlogomulyo A",
        "koridor_list": ";K7;",
        "jumlah_koridor": 1,
        "is_transit": false
      },
      "geometry": {
        "type": "Point",
        "coordinates": [
          110.47167852067716,
          -7.000821054219803
        ]
      }
    },
    {
      "type": "Feature",
      "properties": {
        "OBJECTID": 328,
        "No": 328,
        "Nama_Halte": "Poltekes A",
        "Alias": "Ganesha",
        "Jenis_Shel": "Portable",
        "Latitude__": -7.00312,
        "Longitude": 110.4703146,
        "SymbolID": null,
        "halte_id": 327,
        "nama_halte": "Poltekes A",
        "koridor_list": ";K7;",
        "jumlah_koridor": 1,
        "is_transit": false
      },
      "geometry": {
        "type": "Point",
        "coordinates": [
          110.47117815906391,
          -7.003329168375358
        ]
      }
    },
    {
      "type": "Feature",
      "properties": {
        "OBJECTID": 329,
        "No": 329,
        "Nama_Halte": "Palebon A",
        "Alias": " ",
        "Jenis_Shel": "Portable",
        "Latitude__": -7.004738194,
        "Longitude": 110.469562,
        "SymbolID": null,
        "halte_id": 328,
        "nama_halte": "Palebon A",
        "koridor_list": ";K7;F2A;",
        "jumlah_koridor": 2,
        "is_transit": true
      },
      "geometry": {
        "type": "Point",
        "coordinates": [
          110.46936176555944,
          -7.004947443190955
        ]
      }
    },
    {
      "type": "Feature",
      "properties": {
        "OBJECTID": 330,
        "No": 330,
        "Nama_Halte": "SMP Kesatrian",
        "Alias": "SMP Kesatrian",
        "Jenis_Shel": "Portable",
        "Latitude__": -6.99769,
        "Longitude": 110.4628946,
        "SymbolID": null,
        "halte_id": 329,
        "nama_halte": "SMP Kesatrian",
        "koridor_list": ";K7;",
        "jumlah_koridor": 1,
        "is_transit": false
      },
      "geometry": {
        "type": "Point",
        "coordinates": [
          110.46355146230175,
          -6.997947361172057
        ]
      }
    },
    {
      "type": "Feature",
      "properties": {
        "OBJECTID": 331,
        "No": 331,
        "Nama_Halte": "AMNI A",
        "Alias": "Sekolah Tinggi Maritim Dan Transport Amni",
        "Jenis_Shel": "Portable",
        "Latitude__": -6.996075628,
        "Longitude": 110.4620234,
        "SymbolID": null,
        "halte_id": 330,
        "nama_halte": "AMNI A",
        "koridor_list": ";K7;",
        "jumlah_koridor": 1,
        "is_transit": false
      },
      "geometry": {
        "type": "Point",
        "coordinates": [
          110.46215907361136,
          -6.995947445826902
        ]
      }
    },
    {
      "type": "Feature",
      "properties": {
        "OBJECTID": 332,
        "No": 332,
        "Nama_Halte": "Supriyadi A",
        "Alias": " ",
        "Jenis_Shel": "Portable",
        "Latitude__": -6.992557169,
        "Longitude": 110.4591211,
        "SymbolID": null,
        "halte_id": 331,
        "nama_halte": "Supriyadi A",
        "koridor_list": ";K7;",
        "jumlah_koridor": 1,
        "is_transit": false
      },
      "geometry": {
        "type": "Point",
        "coordinates": [
          110.45917846349865,
          -6.992457604241899
        ]
      }
    },
    {
      "type": "Feature",
      "properties": {
        "OBJECTID": 333,
        "No": 333,
        "Nama_Halte": "Tambakboyo A",
        "Alias": "Tambakboyo",
        "Jenis_Shel": "Portable",
        "Latitude__": -6.9849984,
        "Longitude": 110.4553141,
        "SymbolID": null,
        "halte_id": 332,
        "nama_halte": "Tambakboyo A",
        "koridor_list": "",
        "jumlah_koridor": 0,
        "is_transit": false
      },
      "geometry": {
        "type": "Point",
        "coordinates": [
          110.45367807901397,
          -6.985893350233548
        ]
      }
    },
    {
      "type": "Feature",
      "properties": {
        "OBJECTID": 334,
        "No": 334,
        "Nama_Halte": "USM A",
        "Alias": "Halte BRT USM",
        "Jenis_Shel": "Permanen",
        "Latitude__": -6.98132,
        "Longitude": 110.4514836,
        "SymbolID": null,
        "halte_id": 333,
        "nama_halte": "USM A",
        "koridor_list": ";K7;",
        "jumlah_koridor": 1,
        "is_transit": false
      },
      "geometry": {
        "type": "Point",
        "coordinates": [
          110.45072172341396,
          -6.98194690703565
        ]
      }
    },
    {
      "type": "Feature",
      "properties": {
        "OBJECTID": 335,
        "No": 335,
        "Nama_Halte": "Gajah A",
        "Alias": "Halte Gajah",
        "Jenis_Shel": "Portable",
        "Latitude__": -6.9772048,
        "Longitude": 110.4471096,
        "SymbolID": null,
        "halte_id": 334,
        "nama_halte": "Gajah A",
        "koridor_list": ";K7;",
        "jumlah_koridor": 1,
        "is_transit": false
      },
      "geometry": {
        "type": "Point",
        "coordinates": [
          110.44714732689842,
          -6.977447600186427
        ]
      }
    },
    {
      "type": "Feature",
      "properties": {
        "OBJECTID": 336,
        "No": 336,
        "Nama_Halte": "Relokasi Pasar Johar A",
        "Alias": "Halte BRT Relokasi Johar",
        "Jenis_Shel": "Portable",
        "Latitude__": -6.9817601,
        "Longitude": 110.4446204,
        "SymbolID": null,
        "halte_id": 335,
        "nama_halte": "Relokasi Pasar Johar A",
        "koridor_list": ";K7;",
        "jumlah_koridor": 1,
        "is_transit": false
      },
      "geometry": {
        "type": "Point",
        "coordinates": [
          110.44471558742433,
          -6.981447580625159
        ]
      }
    },
    {
      "type": "Feature",
      "properties": {
        "OBJECTID": 337,
        "No": 337,
        "Nama_Halte": "Pasar Yaik",
        "Alias": "Pasar Yaik",
        "Jenis_Shel": "Portable",
        "Latitude__": -6.97835,
        "Longitude": 110.4449762,
        "SymbolID": null,
        "halte_id": 336,
        "nama_halte": "Pasar Yaik",
        "koridor_list": ";K7;",
        "jumlah_koridor": 1,
        "is_transit": false
      },
      "geometry": {
        "type": "Point",
        "coordinates": [
          110.44517821979565,
          -6.978397219680146
        ]
      }
    },
    {
      "type": "Feature",
      "properties": {
        "OBJECTID": 338,
        "No": 338,
        "Nama_Halte": "Pandansari A",
        "Alias": " ",
        "Jenis_Shel": "Portable",
        "Latitude__": -6.974517839,
        "Longitude": 110.4442323,
        "SymbolID": null,
        "halte_id": 337,
        "nama_halte": "Pandansari A",
        "koridor_list": ";K7;",
        "jumlah_koridor": 1,
        "is_transit": false
      },
      "geometry": {
        "type": "Point",
        "coordinates": [
          110.4441783948844,
          -6.975032080511799
        ]
      }
    },
    {
      "type": "Feature",
      "properties": {
        "OBJECTID": 339,
        "No": 339,
        "Nama_Halte": "Pantiwiloso A",
        "Alias": " ",
        "Jenis_Shel": "Portable",
        "Latitude__": -6.971069964,
        "Longitude": 110.4405168,
        "SymbolID": null,
        "halte_id": 338,
        "nama_halte": "Pantiwiloso A",
        "koridor_list": ";K7;",
        "jumlah_koridor": 1,
        "is_transit": false
      },
      "geometry": {
        "type": "Point",
        "coordinates": [
          110.43967873362627,
          -6.972940225056908
        ]
      }
    },
    {
      "type": "Feature",
      "properties": {
        "OBJECTID": 340,
        "No": 340,
        "Nama_Halte": "Tlogosari A",
        "Alias": "Tlogosari",
        "Jenis_Shel": "Portable",
        "Latitude__": -6.9873738,
        "Longitude": 110.4551232,
        "SymbolID": null,
        "halte_id": 339,
        "nama_halte": "Tlogosari A",
        "koridor_list": ";K7;",
        "jumlah_koridor": 1,
        "is_transit": false
      },
      "geometry": {
        "type": "Point",
        "coordinates": [
          110.4556786271517,
          -6.987862101130506
        ]
      }
    },
    {
      "type": "Feature",
      "properties": {
        "OBJECTID": 341,
        "No": 341,
        "Nama_Halte": "Tlogosari Kulon A",
        "Alias": " ",
        "Jenis_Shel": "Portable",
        "Latitude__": -6.989950668,
        "Longitude": 110.4569978,
        "SymbolID": null,
        "halte_id": 340,
        "nama_halte": "Tlogosari Kulon A",
        "koridor_list": ";K7;F2A;F2B;",
        "jumlah_koridor": 3,
        "is_transit": true
      },
      "geometry": {
        "type": "Point",
        "coordinates": [
          110.4567718768525,
          -6.989140714799194
        ]
      }
    },
    {
      "type": "Feature",
      "properties": {
        "OBJECTID": 342,
        "No": 342,
        "Nama_Halte": "Abimanyu A",
        "Alias": "Halte Hotel Bali A",
        "Jenis_Shel": "Permanen",
        "Latitude__": -6.9763675,
        "Longitude": 110.4124637,
        "SymbolID": null,
        "halte_id": 341,
        "nama_halte": "Abimanyu A",
        "koridor_list": ";K3A;K7;",
        "jumlah_koridor": 2,
        "is_transit": true
      },
      "geometry": {
        "type": "Point",
        "coordinates": [
          110.41217860783351,
          -6.976995527130954
        ]
      }
    },
    {
      "type": "Feature",
      "properties": {
        "OBJECTID": 343,
        "No": 343,
        "Nama_Halte": "Widoharjo B",
        "Alias": " ",
        "Jenis_Shel": "Portable",
        "Latitude__": -6.969612956,
        "Longitude": 110.4344885,
        "SymbolID": null,
        "halte_id": 342,
        "nama_halte": "Widoharjo B",
        "koridor_list": ";K7;",
        "jumlah_koridor": 1,
        "is_transit": false
      },
      "geometry": {
        "type": "Point",
        "coordinates": [
          110.43517817405284,
          -6.970198328761652
        ]
      }
    },
    {
      "type": "Feature",
      "properties": {
        "OBJECTID": 344,
        "No": 344,
        "Nama_Halte": "Pantiwiloso B",
        "Alias": " ",
        "Jenis_Shel": "Portable",
        "Latitude__": -6.970678958,
        "Longitude": 110.4397538,
        "SymbolID": null,
        "halte_id": 343,
        "nama_halte": "Pantiwiloso B",
        "koridor_list": ";K7;",
        "jumlah_koridor": 1,
        "is_transit": false
      },
      "geometry": {
        "type": "Point",
        "coordinates": [
          110.43929694963052,
          -6.971946902528966
        ]
      }
    },
    {
      "type": "Feature",
      "properties": {
        "OBJECTID": 345,
        "No": 345,
        "Nama_Halte": "Pandansari B",
        "Alias": " ",
        "Jenis_Shel": "Portable",
        "Latitude__": -6.974835648,
        "Longitude": 110.4450226,
        "SymbolID": null,
        "halte_id": 344,
        "nama_halte": "Pandansari B",
        "koridor_list": ";K7;",
        "jumlah_koridor": 1,
        "is_transit": false
      },
      "geometry": {
        "type": "Point",
        "coordinates": [
          110.44502281125149,
          -6.974835913730571
        ]
      }
    },
    {
      "type": "Feature",
      "properties": {
        "OBJECTID": 346,
        "No": 346,
        "Nama_Halte": "Relokasi Pasar Johar B",
        "Alias": " ",
        "Jenis_Shel": "Portable",
        "Latitude__": -6.976384266,
        "Longitude": 110.4472068,
        "SymbolID": null,
        "halte_id": 345,
        "nama_halte": "Relokasi Pasar Johar B",
        "koridor_list": ";K7;",
        "jumlah_koridor": 1,
        "is_transit": false
      },
      "geometry": {
        "type": "Point",
        "coordinates": [
          110.44747790692298,
          -6.976947377312353
        ]
      }
    },
    {
      "type": "Feature",
      "properties": {
        "OBJECTID": 347,
        "No": 347,
        "Nama_Halte": "Gajah B",
        "Alias": "Gajah",
        "Jenis_Shel": "Portable",
        "Latitude__": -6.97818,
        "Longitude": 110.4494607,
        "SymbolID": null,
        "halte_id": 346,
        "nama_halte": "Gajah B",
        "koridor_list": ";K7;",
        "jumlah_koridor": 1,
        "is_transit": false
      },
      "geometry": {
        "type": "Point",
        "coordinates": [
          110.448767887671,
          -6.97844715267065
        ]
      }
    },
    {
      "type": "Feature",
      "properties": {
        "OBJECTID": 348,
        "No": 348,
        "Nama_Halte": "USM B",
        "Alias": "Halte USM",
        "Jenis_Shel": "Portable",
        "Latitude__": -6.9798207,
        "Longitude": 110.4518226,
        "SymbolID": null,
        "halte_id": 347,
        "nama_halte": "USM B",
        "koridor_list": ";K7;",
        "jumlah_koridor": 1,
        "is_transit": false
      },
      "geometry": {
        "type": "Point",
        "coordinates": [
          110.45095708201838,
          -6.980947362026046
        ]
      }
    },
    {
      "type": "Feature",
      "properties": {
        "OBJECTID": 349,
        "No": 349,
        "Nama_Halte": "Tambakboyo B",
        "Alias": "Halte Tambakboyo",
        "Jenis_Shel": "Portable",
        "Latitude__": -6.9847304,
        "Longitude": 110.454135,
        "SymbolID": null,
        "halte_id": 348,
        "nama_halte": "Tambakboyo B",
        "koridor_list": ";K7;",
        "jumlah_koridor": 1,
        "is_transit": false
      },
      "geometry": {
        "type": "Point",
        "coordinates": [
          110.45417844062722,
          -6.984980303525532
        ]
      }
    },
    {
      "type": "Feature",
      "properties": {
        "OBJECTID": 350,
        "No": 350,
        "Nama_Halte": "Tlogosari B",
        "Alias": "Halte Tlogosari",
        "Jenis_Shel": "Portable",
        "Latitude__": -6.988332,
        "Longitude": 110.4558156,
        "SymbolID": null,
        "halte_id": 349,
        "nama_halte": "Tlogosari B",
        "koridor_list": ";K7;",
        "jumlah_koridor": 1,
        "is_transit": false
      },
      "geometry": {
        "type": "Point",
        "coordinates": [
          110.45600112233872,
          -6.987289666262591
        ]
      }
    },
    {
      "type": "Feature",
      "properties": {
        "OBJECTID": 351,
        "No": 351,
        "Nama_Halte": "Tlogosari Kulon B",
        "Alias": " ",
        "Jenis_Shel": "Portable",
        "Latitude__": -6.989328864,
        "Longitude": 110.456806,
        "SymbolID": null,
        "halte_id": 350,
        "nama_halte": "Tlogosari Kulon B",
        "koridor_list": ";K7;F2A;F2B;",
        "jumlah_koridor": 3,
        "is_transit": true
      },
      "geometry": {
        "type": "Point",
        "coordinates": [
          110.45717881367618,
          -6.988872331048585
        ]
      }
    },
    {
      "type": "Feature",
      "properties": {
        "OBJECTID": 352,
        "No": 352,
        "Nama_Halte": "Supriyadi B",
        "Alias": " ",
        "Jenis_Shel": "Portable",
        "Latitude__": -6.992380248,
        "Longitude": 110.4592173,
        "SymbolID": null,
        "halte_id": 351,
        "nama_halte": "Supriyadi B",
        "koridor_list": ";K7;",
        "jumlah_koridor": 1,
        "is_transit": false
      },
      "geometry": {
        "type": "Point",
        "coordinates": [
          110.45967882511188,
          -6.99196631376966
        ]
      }
    },
    {
      "type": "Feature",
      "properties": {
        "OBJECTID": 353,
        "No": 353,
        "Nama_Halte": "AMNI B",
        "Alias": "AMNI",
        "Jenis_Shel": "Portable",
        "Latitude__": -6.9959196,
        "Longitude": 110.4620437,
        "SymbolID": null,
        "halte_id": 352,
        "nama_halte": "AMNI B",
        "koridor_list": ";K7;",
        "jumlah_koridor": 1,
        "is_transit": false
      },
      "geometry": {
        "type": "Point",
        "coordinates": [
          110.4626145194604,
          -6.995447242745041
        ]
      }
    },
    {
      "type": "Feature",
      "properties": {
        "OBJECTID": 354,
        "No": 354,
        "Nama_Halte": "Palebon B",
        "Alias": " ",
        "Jenis_Shel": "Portable",
        "Latitude__": -7.003522126,
        "Longitude": 110.4688056,
        "SymbolID": null,
        "halte_id": 353,
        "nama_halte": "Palebon B",
        "koridor_list": ";K7;F2A;F2B;",
        "jumlah_koridor": 3,
        "is_transit": true
      },
      "geometry": {
        "type": "Point",
        "coordinates": [
          110.46888386182826,
          -7.003329168375358
        ]
      }
    },
    {
      "type": "Feature",
      "properties": {
        "OBJECTID": 355,
        "No": 355,
        "Nama_Halte": "Tlogomulyo B",
        "Alias": " ",
        "Jenis_Shel": "Portable",
        "Latitude__": -7.000982529,
        "Longitude": 110.4720032,
        "SymbolID": null,
        "halte_id": 354,
        "nama_halte": "Tlogomulyo B",
        "koridor_list": ";K7;",
        "jumlah_koridor": 1,
        "is_transit": false
      },
      "geometry": {
        "type": "Point",
        "coordinates": [
          110.47103981851015,
          -7.000640055769401
        ]
      }
    },
    {
      "type": "Feature",
      "properties": {
        "OBJECTID": 356,
        "No": 356,
        "Nama_Halte": "Jaten B",
        "Alias": "Halte Jaten",
        "Jenis_Shel": "Portable",
        "Latitude__": -6.9976091,
        "Longitude": 110.4722367,
        "SymbolID": null,
        "halte_id": 355,
        "nama_halte": "Jaten B",
        "koridor_list": ";K7;",
        "jumlah_koridor": 1,
        "is_transit": false
      },
      "geometry": {
        "type": "Point",
        "coordinates": [
          110.47151592561073,
          -6.997447160232913
        ]
      }
    },
    {
      "type": "Feature",
      "properties": {
        "OBJECTID": 357,
        "No": 357,
        "Nama_Halte": "Aneka Jaya 2",
        "Alias": "Halte Tlogosari Wetan",
        "Jenis_Shel": "Portable",
        "Latitude__": -6.9947702,
        "Longitude": 110.4726136,
        "SymbolID": null,
        "halte_id": 356,
        "nama_halte": "Aneka Jaya 2",
        "koridor_list": ";K7;F2A;",
        "jumlah_koridor": 2,
        "is_transit": true
      },
      "geometry": {
        "type": "Point",
        "coordinates": [
          110.4720998305454,
          -6.994693816414262
        ]
      }
    },
    {
      "type": "Feature",
      "properties": {
        "OBJECTID": 358,
        "No": 358,
        "Nama_Halte": "Banget Ayu B",
        "Alias": " ",
        "Jenis_Shel": "Portable",
        "Latitude__": -6.982188168,
        "Longitude": 110.4785794,
        "SymbolID": null,
        "halte_id": 357,
        "nama_halte": "Banget Ayu B",
        "koridor_list": ";K7;F2A;F2B;",
        "jumlah_koridor": 3,
        "is_transit": true
      },
      "geometry": {
        "type": "Point",
        "coordinates": [
          110.47817873007307,
          -6.981766792927601
        ]
      }
    },
    {
      "type": "Feature",
      "properties": {
        "OBJECTID": 359,
        "No": 359,
        "Nama_Halte": "Sedayu Sawo B",
        "Alias": "Halte Sedayu Sawo",
        "Jenis_Shel": "Portable",
        "Latitude__": -6.980909416,
        "Longitude": 110.4799443,
        "SymbolID": null,
        "halte_id": 358,
        "nama_halte": "Sedayu Sawo B",
        "koridor_list": ";K7;",
        "jumlah_koridor": 1,
        "is_transit": false
      },
      "geometry": {
        "type": "Point",
        "coordinates": [
          110.47967891659755,
          -6.980923287320629
        ]
      }
    },
    {
      "type": "Feature",
      "properties": {
        "OBJECTID": 360,
        "No": 360,
        "Nama_Halte": "Sedayu Tugu B",
        "Alias": "Sedayu Tugu",
        "Jenis_Shel": "Portable",
        "Latitude__": -6.9772049,
        "Longitude": 110.4804692,
        "SymbolID": null,
        "halte_id": 359,
        "nama_halte": "Sedayu Tugu B",
        "koridor_list": ";K7;",
        "jumlah_koridor": 1,
        "is_transit": false
      },
      "geometry": {
        "type": "Point",
        "coordinates": [
          110.48017837989549,
          -6.977192584670358
        ]
      }
    },
    {
      "type": "Feature",
      "properties": {
        "OBJECTID": 361,
        "No": 361,
        "Nama_Halte": "Sambung B",
        "Alias": "Halte Jl. W. Monginsidi",
        "Jenis_Shel": "Portable",
        "Latitude__": -6.9726052,
        "Longitude": 110.4817407,
        "SymbolID": null,
        "halte_id": 360,
        "nama_halte": "Sambung B",
        "koridor_list": "",
        "jumlah_koridor": 0,
        "is_transit": false
      },
      "geometry": {
        "type": "Point",
        "coordinates": [
          110.48017837989549,
          -6.972928633334014
        ]
      }
    },
    {
      "type": "Feature",
      "properties": {
        "OBJECTID": 362,
        "No": 362,
        "Nama_Halte": "Gedung Biru B",
        "Alias": " ",
        "Jenis_Shel": "Portable",
        "Latitude__": -6.964899689,
        "Longitude": 110.4789301,
        "SymbolID": null,
        "halte_id": 361,
        "nama_halte": "Gedung Biru B",
        "koridor_list": ";K7;",
        "jumlah_koridor": 1,
        "is_transit": false
      },
      "geometry": {
        "type": "Point",
        "coordinates": [
          110.47892972165057,
          -6.96489995883425
        ]
      }
    },
    {
      "type": "Feature",
      "properties": {
        "OBJECTID": 363,
        "No": 363,
        "Nama_Halte": "Pasar Banjardowo",
        "Alias": " ",
        "Jenis_Shel": "Portable",
        "Latitude__": -6.95554932,
        "Longitude": 110.4801821,
        "SymbolID": null,
        "halte_id": 362,
        "nama_halte": "Pasar Banjardowo",
        "koridor_list": ";K7;",
        "jumlah_koridor": 1,
        "is_transit": false
      },
      "geometry": {
        "type": "Point",
        "coordinates": [
          110.47971844247003,
          -6.955447097386952
        ]
      }
    },
    {
      "type": "Feature",
      "properties": {
        "OBJECTID": 364,
        "No": 364,
        "Nama_Halte": "Pasar Genuk B",
        "Alias": " ",
        "Jenis_Shel": "Portable",
        "Latitude__": -6.952180807,
        "Longitude": 110.4807161,
        "SymbolID": null,
        "halte_id": 363,
        "nama_halte": "Pasar Genuk B",
        "koridor_list": ";K7;",
        "jumlah_koridor": 1,
        "is_transit": false
      },
      "geometry": {
        "type": "Point",
        "coordinates": [
          110.48017837989549,
          -6.952311854824767
        ]
      }
    },
    {
      "type": "Feature",
      "properties": {
        "OBJECTID": 365,
        "No": 365,
        "Nama_Halte": "Polsek",
        "Alias": " ",
        "Jenis_Shel": "Portable",
        "Latitude__": -6.953102885,
        "Longitude": 110.4765691,
        "SymbolID": null,
        "halte_id": 364,
        "nama_halte": "Polsek",
        "koridor_list": ";K7;",
        "jumlah_koridor": 1,
        "is_transit": false
      },
      "geometry": {
        "type": "Point",
        "coordinates": [
          110.47649798217647,
          -6.952947643759234
        ]
      }
    },
    {
      "type": "Feature",
      "properties": {
        "OBJECTID": 366,
        "No": 366,
        "Nama_Halte": "Kejari B",
        "Alias": "Kejari B",
        "Jenis_Shel": "Permanen",
        "Latitude__": -6.9865287,
        "Longitude": 110.3834307,
        "SymbolID": null,
        "halte_id": 365,
        "nama_halte": "Kejari B",
        "koridor_list": ";K8;",
        "jumlah_koridor": 1,
        "is_transit": false
      },
      "geometry": {
        "type": "Point",
        "coordinates": [
          110.38325914389185,
          -6.986447062261242
        ]
      }
    },
    {
      "type": "Feature",
      "properties": {
        "OBJECTID": 367,
        "No": 367,
        "Nama_Halte": "PTUN B",
        "Alias": "PTUN B",
        "Jenis_Shel": "Permanen",
        "Latitude__": -6.9922466,
        "Longitude": 110.3806931,
        "SymbolID": null,
        "halte_id": 366,
        "nama_halte": "PTUN B",
        "koridor_list": ";K8;",
        "jumlah_koridor": 1,
        "is_transit": false
      },
      "geometry": {
        "type": "Point",
        "coordinates": [
          110.38154964990616,
          -6.992446904636398
        ]
      }
    },
    {
      "type": "Feature",
      "properties": {
        "OBJECTID": 368,
        "No": 368,
        "Nama_Halte": "Kembang Arum B",
        "Alias": "Kembang Arum B",
        "Jenis_Shel": "Permanen",
        "Latitude__": -6.9984459,
        "Longitude": 110.3796312,
        "SymbolID": null,
        "halte_id": 367,
        "nama_halte": "Kembang Arum B",
        "koridor_list": ";K8;",
        "jumlah_koridor": 1,
        "is_transit": false
      },
      "geometry": {
        "type": "Point",
        "coordinates": [
          110.37978805363402,
          -6.99844756157518
        ]
      }
    },
    {
      "type": "Feature",
      "properties": {
        "OBJECTID": 369,
        "No": 369,
        "Nama_Halte": "Prambanan B",
        "Alias": "Prambanan B",
        "Jenis_Shel": "Permanen",
        "Latitude__": -7.0092352,
        "Longitude": 110.3776658,
        "SymbolID": null,
        "halte_id": 368,
        "nama_halte": "Prambanan B",
        "koridor_list": ";K8;",
        "jumlah_koridor": 1,
        "is_transit": false
      },
      "geometry": {
        "type": "Point",
        "coordinates": [
          110.37689458010385,
          -7.008947188142023
        ]
      }
    },
    {
      "type": "Feature",
      "properties": {
        "OBJECTID": 370,
        "No": 370,
        "Nama_Halte": "Pasadena B",
        "Alias": "Pasadena B",
        "Jenis_Shel": "Permanen",
        "Latitude__": -7.0122355,
        "Longitude": 110.3779391,
        "SymbolID": null,
        "halte_id": 369,
        "nama_halte": "Pasadena B",
        "koridor_list": ";K8;",
        "jumlah_koridor": 1,
        "is_transit": false
      },
      "geometry": {
        "type": "Point",
        "coordinates": [
          110.37616874135428,
          -7.011447234205126
        ]
      }
    },
    {
      "type": "Feature",
      "properties": {
        "OBJECTID": 371,
        "No": 371,
        "Nama_Halte": "Banbam Kerep B",
        "Alias": "Banbam Kerep B",
        "Jenis_Shel": "Permanen",
        "Latitude__": -7.0131792,
        "Longitude": 110.3761421,
        "SymbolID": null,
        "halte_id": 370,
        "nama_halte": "Banbam Kerep B",
        "koridor_list": ";K8;",
        "jumlah_koridor": 1,
        "is_transit": false
      },
      "geometry": {
        "type": "Point",
        "coordinates": [
          110.3756423285978,
          -7.013447083077348
        ]
      }
    },
    {
      "type": "Feature",
      "properties": {
        "OBJECTID": 372,
        "No": 372,
        "Nama_Halte": "Kali Alang B",
        "Alias": "Kali Alang B",
        "Jenis_Shel": "Permanen",
        "Latitude__": -7.0224063,
        "Longitude": 110.3737693,
        "SymbolID": null,
        "halte_id": 371,
        "nama_halte": "Kali Alang B",
        "koridor_list": ";K8;",
        "jumlah_koridor": 1,
        "is_transit": false
      },
      "geometry": {
        "type": "Point",
        "coordinates": [
          110.37317824977346,
          -7.022020568764503
        ]
      }
    },
    {
      "type": "Feature",
      "properties": {
        "OBJECTID": 373,
        "No": 373,
        "Nama_Halte": "BMP B",
        "Alias": "BMP B",
        "Jenis_Shel": "Permanen",
        "Latitude__": -7.0246528,
        "Longitude": 110.3711697,
        "SymbolID": null,
        "halte_id": 372,
        "nama_halte": "BMP B",
        "koridor_list": ";K8;",
        "jumlah_koridor": 1,
        "is_transit": false
      },
      "geometry": {
        "type": "Point",
        "coordinates": [
          110.37217842486223,
          -7.025024282776019
        ]
      }
    },
    {
      "type": "Feature",
      "properties": {
        "OBJECTID": 374,
        "No": 374,
        "Nama_Halte": "Kel Sadeng B",
        "Alias": "Sadeng B",
        "Jenis_Shel": "Permanen",
        "Latitude__": -7.0395231,
        "Longitude": 110.3654284,
        "SymbolID": null,
        "halte_id": 373,
        "nama_halte": "Kel Sadeng B",
        "koridor_list": ";K8;",
        "jumlah_koridor": 1,
        "is_transit": false
      },
      "geometry": {
        "type": "Point",
        "coordinates": [
          110.36528565168717,
          -7.039447010732439
        ]
      }
    },
    {
      "type": "Feature",
      "properties": {
        "OBJECTID": 375,
        "No": 375,
        "Nama_Halte": "Gua Kreo B",
        "Alias": "Gua Kreo B",
        "Jenis_Shel": "Permanen",
        "Latitude__": -7.0424255,
        "Longitude": 110.3612182,
        "SymbolID": null,
        "halte_id": 374,
        "nama_halte": "Gua Kreo B",
        "koridor_list": ";K8;",
        "jumlah_koridor": 1,
        "is_transit": false
      },
      "geometry": {
        "type": "Point",
        "coordinates": [
          110.3612180800807,
          -7.042425648986346
        ]
      }
    },
    {
      "type": "Feature",
      "properties": {
        "OBJECTID": 376,
        "No": 376,
        "Nama_Halte": "Kuwasen B",
        "Alias": "Kuwasen B",
        "Jenis_Shel": "Permanen",
        "Latitude__": -7.0488341,
        "Longitude": 110.3598069,
        "SymbolID": null,
        "halte_id": 375,
        "nama_halte": "Kuwasen B",
        "koridor_list": ";K8;",
        "jumlah_koridor": 1,
        "is_transit": false
      },
      "geometry": {
        "type": "Point",
        "coordinates": [
          110.36017872929695,
          -7.048620014116152
        ]
      }
    },
    {
      "type": "Feature",
      "properties": {
        "OBJECTID": 377,
        "No": 377,
        "Nama_Halte": "Wisata Kandri B",
        "Alias": "Wisata Kandri B",
        "Jenis_Shel": "Permanen",
        "Latitude__": -7.0522931,
        "Longitude": 110.3591706,
        "SymbolID": null,
        "halte_id": 376,
        "nama_halte": "Wisata Kandri B",
        "koridor_list": ";K8;",
        "jumlah_koridor": 1,
        "is_transit": false
      },
      "geometry": {
        "type": "Point",
        "coordinates": [
          110.36039881654156,
          -7.052447320100396
        ]
      }
    },
    {
      "type": "Feature",
      "properties": {
        "OBJECTID": 378,
        "No": 378,
        "Nama_Halte": "Unwahas B",
        "Alias": "Unwahas B",
        "Jenis_Shel": "Permanen",
        "Latitude__": -7.0601763,
        "Longitude": 110.3606946,
        "SymbolID": null,
        "halte_id": 377,
        "nama_halte": "Unwahas B",
        "koridor_list": ";K8;",
        "jumlah_koridor": 1,
        "is_transit": false
      },
      "geometry": {
        "type": "Point",
        "coordinates": [
          110.36085156744478,
          -7.059947606940417
        ]
      }
    },
    {
      "type": "Feature",
      "properties": {
        "OBJECTID": 379,
        "No": 379,
        "Nama_Halte": "Kandri B",
        "Alias": "Kandri B",
        "Jenis_Shel": "Permanen",
        "Latitude__": -7.063110249,
        "Longitude": 110.3587135,
        "SymbolID": null,
        "halte_id": 378,
        "nama_halte": "Kandri B",
        "koridor_list": ";K8;",
        "jumlah_koridor": 1,
        "is_transit": false
      },
      "geometry": {
        "type": "Point",
        "coordinates": [
          110.36097373832341,
          -7.062947509337589
        ]
      }
    },
    {
      "type": "Feature",
      "properties": {
        "OBJECTID": 380,
        "No": 380,
        "Nama_Halte": "Kp Getas B",
        "Alias": "Getas B",
        "Jenis_Shel": "Permanen",
        "Latitude__": -7.067730775,
        "Longitude": 110.3590403,
        "SymbolID": null,
        "halte_id": 379,
        "nama_halte": "Kp Getas B",
        "koridor_list": "",
        "jumlah_koridor": 0,
        "is_transit": false
      },
      "geometry": {
        "type": "Point",
        "coordinates": [
          110.3613249795995,
          -7.067446880696941
        ]
      }
    },
    {
      "type": "Feature",
      "properties": {
        "OBJECTID": 381,
        "No": 381,
        "Nama_Halte": "Jedung B",
        "Alias": "Jedung B",
        "Jenis_Shel": "Permanen",
        "Latitude__": -7.0738594,
        "Longitude": 110.359112,
        "SymbolID": null,
        "halte_id": 380,
        "nama_halte": "Jedung B",
        "koridor_list": ";K8;F4A;",
        "jumlah_koridor": 2,
        "is_transit": true
      },
      "geometry": {
        "type": "Point",
        "coordinates": [
          110.361291741934,
          -7.073599902925531
        ]
      }
    },
    {
      "type": "Feature",
      "properties": {
        "OBJECTID": 382,
        "No": 382,
        "Nama_Halte": "Kp Ngrembel B",
        "Alias": "Ngerembel B",
        "Jenis_Shel": "Permanen",
        "Latitude__": -7.0793423,
        "Longitude": 110.3600566,
        "SymbolID": null,
        "halte_id": 381,
        "nama_halte": "Kp Ngrembel B",
        "koridor_list": ";K8;F4A;F4B;",
        "jumlah_koridor": 3,
        "is_transit": true
      },
      "geometry": {
        "type": "Point",
        "coordinates": [
          110.36166544109217,
          -7.078446843434514
        ]
      }
    },
    {
      "type": "Feature",
      "properties": {
        "OBJECTID": 383,
        "No": 383,
        "Nama_Halte": "Ponpes Askahbul Kahfi B",
        "Alias": " ",
        "Jenis_Shel": "Portable",
        "Latitude__": -7.094763855,
        "Longitude": 110.3353777,
        "SymbolID": null,
        "halte_id": 382,
        "nama_halte": "Ponpes Askahbul Kahfi B",
        "koridor_list": "",
        "jumlah_koridor": 0,
        "is_transit": false
      },
      "geometry": {
        "type": "Point",
        "coordinates": [
          110.33567807823789,
          -7.09464454430082
        ]
      }
    },
    {
      "type": "Feature",
      "properties": {
        "OBJECTID": 384,
        "No": 384,
        "Nama_Halte": "Polaman B",
        "Alias": "Polaman B",
        "Jenis_Shel": "Permanen",
        "Latitude__": -7.0940669,
        "Longitude": 110.3337435,
        "SymbolID": null,
        "halte_id": 383,
        "nama_halte": "Polaman B",
        "koridor_list": "",
        "jumlah_koridor": 0,
        "is_transit": false
      },
      "geometry": {
        "type": "Point",
        "coordinates": [
          110.33350595188088,
          -7.093947439787909
        ]
      }
    },
    {
      "type": "Feature",
      "properties": {
        "OBJECTID": 385,
        "No": 385,
        "Nama_Halte": "Kp Sebumi B",
        "Alias": "Sebumi B",
        "Jenis_Shel": "Permanen",
        "Latitude__": -7.0918955,
        "Longitude": 110.3276514,
        "SymbolID": null,
        "halte_id": 384,
        "nama_halte": "Kp Sebumi B",
        "koridor_list": ";K8;",
        "jumlah_koridor": 1,
        "is_transit": false
      },
      "geometry": {
        "type": "Point",
        "coordinates": [
          110.32765163117428,
          -7.091895343394452
        ]
      }
    },
    {
      "type": "Feature",
      "properties": {
        "OBJECTID": 386,
        "No": 386,
        "Nama_Halte": "Masjid Kuncen B",
        "Alias": "Halte Masjid Kuncen B",
        "Jenis_Shel": "Permanen",
        "Latitude__": -7.0933917,
        "Longitude": 110.3248165,
        "SymbolID": null,
        "halte_id": 385,
        "nama_halte": "Masjid Kuncen B",
        "koridor_list": ";K8;",
        "jumlah_koridor": 1,
        "is_transit": false
      },
      "geometry": {
        "type": "Point",
        "coordinates": [
          110.32417874428586,
          -7.090804216305936
        ]
      }
    },
    {
      "type": "Feature",
      "properties": {
        "OBJECTID": 387,
        "No": 387,
        "Nama_Halte": "Kel Bubakan B",
        "Alias": "Halte Bubakan B",
        "Jenis_Shel": "Permanen",
        "Latitude__": -7.0921832,
        "Longitude": 110.3197441,
        "SymbolID": null,
        "halte_id": 386,
        "nama_halte": "Kel Bubakan B",
        "koridor_list": ";K8;",
        "jumlah_koridor": 1,
        "is_transit": false
      },
      "geometry": {
        "type": "Point",
        "coordinates": [
          110.31998181527847,
          -7.089447435389598
        ]
      }
    },
    {
      "type": "Feature",
      "properties": {
        "OBJECTID": 388,
        "No": 388,
        "Nama_Halte": "Pertigaan Cangkiran A",
        "Alias": "Halte Pertigaan Cangkringan",
        "Jenis_Shel": "Portable",
        "Latitude__": -7.0863967,
        "Longitude": 110.3094746,
        "SymbolID": null,
        "halte_id": 387,
        "nama_halte": "Pertigaan Cangkiran A",
        "koridor_list": ";K4;",
        "jumlah_koridor": 1,
        "is_transit": false
      },
      "geometry": {
        "type": "Point",
        "coordinates": [
          110.30806476471935,
          -7.085623110253113
        ]
      }
    },
    {
      "type": "Feature",
      "properties": {
        "OBJECTID": 389,
        "No": 389,
        "Nama_Halte": "Pertigaan Cangkiran B",
        "Alias": "Halte Pertigaan Cangkiran B",
        "Jenis_Shel": "Portable",
        "Latitude__": -7.0860536,
        "Longitude": 110.3103126,
        "SymbolID": null,
        "halte_id": 388,
        "nama_halte": "Pertigaan Cangkiran B",
        "koridor_list": ";K8;",
        "jumlah_koridor": 1,
        "is_transit": false
      },
      "geometry": {
        "type": "Point",
        "coordinates": [
          110.30909872561135,
          -7.085718495904648
        ]
      }
    },
    {
      "type": "Feature",
      "properties": {
        "OBJECTID": 390,
        "No": 390,
        "Nama_Halte": "Kel Bubakan A",
        "Alias": "Halte Bubakan A",
        "Jenis_Shel": "Permanen",
        "Latitude__": -7.0916272,
        "Longitude": 110.3205753,
        "SymbolID": null,
        "halte_id": 389,
        "nama_halte": "Kel Bubakan A",
        "koridor_list": ";K8;",
        "jumlah_koridor": 1,
        "is_transit": false
      },
      "geometry": {
        "type": "Point",
        "coordinates": [
          110.32117837123691,
          -7.088980316724973
        ]
      }
    },
    {
      "type": "Feature",
      "properties": {
        "OBJECTID": 391,
        "No": 391,
        "Nama_Halte": "Masjid Kuncen A",
        "Alias": "Halte Masjid Kuncen A",
        "Jenis_Shel": "Permanen",
        "Latitude__": -7.0925563,
        "Longitude": 110.3266085,
        "SymbolID": null,
        "halte_id": 390,
        "nama_halte": "Masjid Kuncen A",
        "koridor_list": ";K8;",
        "jumlah_koridor": 1,
        "is_transit": false
      },
      "geometry": {
        "type": "Point",
        "coordinates": [
          110.32717821901956,
          -7.090871966102399
        ]
      }
    },
    {
      "type": "Feature",
      "properties": {
        "OBJECTID": 392,
        "No": 392,
        "Nama_Halte": "Kp Sebumi A",
        "Alias": "Halte Sebumi A",
        "Jenis_Shel": "Permanen",
        "Latitude__": -7.0919182,
        "Longitude": 110.3276885,
        "SymbolID": null,
        "halte_id": 391,
        "nama_halte": "Kp Sebumi A",
        "koridor_list": ";K8;",
        "jumlah_koridor": 1,
        "is_transit": false
      },
      "geometry": {
        "type": "Point",
        "coordinates": [
          110.32768846210095,
          -7.091918520902586
        ]
      }
    },
    {
      "type": "Feature",
      "properties": {
        "OBJECTID": 393,
        "No": 393,
        "Nama_Halte": "Polaman A",
        "Alias": "Polaman A",
        "Jenis_Shel": "Permanen",
        "Latitude__": -7.0936053,
        "Longitude": 110.3327019,
        "SymbolID": null,
        "halte_id": 392,
        "nama_halte": "Polaman A",
        "koridor_list": ";K8;",
        "jumlah_koridor": 1,
        "is_transit": false
      },
      "geometry": {
        "type": "Point",
        "coordinates": [
          110.33317806680218,
          -7.09281976848818
        ]
      }
    },
    {
      "type": "Feature",
      "properties": {
        "OBJECTID": 394,
        "No": 394,
        "Nama_Halte": "Ponpes Askhabul Kahfi A",
        "Alias": " ",
        "Jenis_Shel": "Portable",
        "Latitude__": -7.094812139,
        "Longitude": 110.3357551,
        "SymbolID": null,
        "halte_id": 393,
        "nama_halte": "Ponpes Askhabul Kahfi A",
        "koridor_list": ";K8;",
        "jumlah_koridor": 1,
        "is_transit": false
      },
      "geometry": {
        "type": "Point",
        "coordinates": [
          110.33641200182501,
          -7.093947439787909
        ]
      }
    },
    {
      "type": "Feature",
      "properties": {
        "OBJECTID": 395,
        "No": 395,
        "Nama_Halte": "Kp Ngrembel A",
        "Alias": "Ngerembel A",
        "Jenis_Shel": "Permanen",
        "Latitude__": -7.0797364,
        "Longitude": 110.3603693,
        "SymbolID": null,
        "halte_id": 394,
        "nama_halte": "Kp Ngrembel A",
        "koridor_list": ";K8;F4A;F4B;",
        "jumlah_koridor": 3,
        "is_transit": true
      },
      "geometry": {
        "type": "Point",
        "coordinates": [
          110.36096924674698,
          -7.079447070177165
        ]
      }
    },
    {
      "type": "Feature",
      "properties": {
        "OBJECTID": 396,
        "No": 396,
        "Nama_Halte": "Jedung A",
        "Alias": "Jedung A",
        "Jenis_Shel": "Permanen",
        "Latitude__": -7.0744323,
        "Longitude": 110.3596616,
        "SymbolID": null,
        "halte_id": 395,
        "nama_halte": "Jedung A",
        "koridor_list": ";K8;F4A;F4B;",
        "jumlah_koridor": 3,
        "is_transit": true
      },
      "geometry": {
        "type": "Point",
        "coordinates": [
          110.36077880390675,
          -7.074447697737226
        ]
      }
    },
    {
      "type": "Feature",
      "properties": {
        "OBJECTID": 397,
        "No": 397,
        "Nama_Halte": "Kp Getas A",
        "Alias": "Getas A",
        "Jenis_Shel": "Permanen",
        "Latitude__": -7.068136,
        "Longitude": 110.3583725,
        "SymbolID": null,
        "halte_id": 396,
        "nama_halte": "Kp Getas A",
        "koridor_list": ";K8;",
        "jumlah_koridor": 1,
        "is_transit": false
      },
      "geometry": {
        "type": "Point",
        "coordinates": [
          110.36039252833457,
          -7.067947006253074
        ]
      }
    },
    {
      "type": "Feature",
      "properties": {
        "OBJECTID": 398,
        "No": 398,
        "Nama_Halte": "Kandri A",
        "Alias": "Kandri A",
        "Jenis_Shel": "Permanen",
        "Latitude__": -7.0629139,
        "Longitude": 110.3574891,
        "SymbolID": null,
        "halte_id": 397,
        "nama_halte": "Kandri A",
        "koridor_list": ";K8;",
        "jumlah_koridor": 1,
        "is_transit": false
      },
      "geometry": {
        "type": "Point",
        "coordinates": [
          110.36025149283498,
          -7.062947509337589
        ]
      }
    },
    {
      "type": "Feature",
      "properties": {
        "OBJECTID": 399,
        "No": 399,
        "Nama_Halte": "Unwahas A",
        "Alias": "Unwahas A",
        "Jenis_Shel": "Permanen",
        "Latitude__": -7.060447,
        "Longitude": 110.3589226,
        "SymbolID": null,
        "halte_id": 398,
        "nama_halte": "Unwahas A",
        "koridor_list": ";K8;",
        "jumlah_koridor": 1,
        "is_transit": false
      },
      "geometry": {
        "type": "Point",
        "coordinates": [
          110.36009338934495,
          -7.06044684910489
        ]
      }
    },
    {
      "type": "Feature",
      "properties": {
        "OBJECTID": 400,
        "No": 400,
        "Nama_Halte": "Wisata Kandri A",
        "Alias": "Wisata Kandri A",
        "Jenis_Shel": "Permanen",
        "Latitude__": -7.052596,
        "Longitude": 110.357948,
        "SymbolID": null,
        "halte_id": 399,
        "nama_halte": "Wisata Kandri A",
        "koridor_list": ";K8;",
        "jumlah_koridor": 1,
        "is_transit": false
      },
      "geometry": {
        "type": "Point",
        "coordinates": [
          110.35969453735882,
          -7.052447320100396
        ]
      }
    },
    {
      "type": "Feature",
      "properties": {
        "OBJECTID": 401,
        "No": 401,
        "Nama_Halte": "Kuwasen A",
        "Alias": "Kuwasen A",
        "Jenis_Shel": "Portable",
        "Latitude__": -7.0474254,
        "Longitude": 110.3585755,
        "SymbolID": null,
        "halte_id": 400,
        "nama_halte": "Kuwasen A",
        "koridor_list": ";K8;",
        "jumlah_koridor": 1,
        "is_transit": false
      },
      "geometry": {
        "type": "Point",
        "coordinates": [
          110.35948882315877,
          -7.047447655736488
        ]
      }
    },
    {
      "type": "Feature",
      "properties": {
        "OBJECTID": 402,
        "No": 402,
        "Nama_Halte": "Gua Kreo A",
        "Alias": "Gua Kreo A",
        "Jenis_Shel": "Permanen",
        "Latitude__": -7.0431266,
        "Longitude": 110.3606076,
        "SymbolID": null,
        "halte_id": 401,
        "nama_halte": "Gua Kreo A",
        "koridor_list": ";K8;",
        "jumlah_koridor": 1,
        "is_transit": false
      },
      "geometry": {
        "type": "Point",
        "coordinates": [
          110.36017872929695,
          -7.042479141267435
        ]
      }
    },
    {
      "type": "Feature",
      "properties": {
        "OBJECTID": 403,
        "No": 403,
        "Nama_Halte": "Kel Sadeng A",
        "Alias": "Sadeng A",
        "Jenis_Shel": "Permanen",
        "Latitude__": -7.0393251,
        "Longitude": 110.364638,
        "SymbolID": null,
        "halte_id": 402,
        "nama_halte": "Kel Sadeng A",
        "koridor_list": ";K8;",
        "jumlah_koridor": 1,
        "is_transit": false
      },
      "geometry": {
        "type": "Point",
        "coordinates": [
          110.36467839055513,
          -7.039182222150015
        ]
      }
    },
    {
      "type": "Feature",
      "properties": {
        "OBJECTID": 404,
        "No": 404,
        "Nama_Halte": "BMP A",
        "Alias": "BMP A",
        "Jenis_Shel": "Permanen",
        "Latitude__": -7.0255258,
        "Longitude": 110.3713573,
        "SymbolID": null,
        "halte_id": 403,
        "nama_halte": "BMP A",
        "koridor_list": ";K8;",
        "jumlah_koridor": 1,
        "is_transit": false
      },
      "geometry": {
        "type": "Point",
        "coordinates": [
          110.37135736469256,
          -7.025526237247401
        ]
      }
    },
    {
      "type": "Feature",
      "properties": {
        "OBJECTID": 405,
        "No": 405,
        "Nama_Halte": "Kali Alang A",
        "Alias": "Kali Alang A",
        "Jenis_Shel": "Permanen",
        "Latitude__": -7.0217586,
        "Longitude": 110.3742034,
        "SymbolID": null,
        "halte_id": 404,
        "nama_halte": "Kali Alang A",
        "koridor_list": ";K8;",
        "jumlah_koridor": 1,
        "is_transit": false
      },
      "geometry": {
        "type": "Point",
        "coordinates": [
          110.37247127564486,
          -7.021447284247922
        ]
      }
    },
    {
      "type": "Feature",
      "properties": {
        "OBJECTID": 406,
        "No": 406,
        "Nama_Halte": "Banbam Kerep A",
        "Alias": "Banbam Kerep A",
        "Jenis_Shel": "Permanen",
        "Latitude__": -7.0133123,
        "Longitude": 110.3739684,
        "SymbolID": null,
        "halte_id": 405,
        "nama_halte": "Banbam Kerep A",
        "koridor_list": ";K8;",
        "jumlah_koridor": 1,
        "is_transit": false
      },
      "geometry": {
        "type": "Point",
        "coordinates": [
          110.37481587853641,
          -7.013447083077348
        ]
      }
    },
    {
      "type": "Feature",
      "properties": {
        "OBJECTID": 407,
        "No": 407,
        "Nama_Halte": "Pasadena A",
        "Alias": "Pasadena A",
        "Jenis_Shel": "Permanen",
        "Latitude__": -7.0117576,
        "Longitude": 110.3761785,
        "SymbolID": null,
        "halte_id": 406,
        "nama_halte": "Pasadena A",
        "koridor_list": ";K8;",
        "jumlah_koridor": 1,
        "is_transit": false
      },
      "geometry": {
        "type": "Point",
        "coordinates": [
          110.37541685146148,
          -7.011447234205126
        ]
      }
    },
    {
      "type": "Feature",
      "properties": {
        "OBJECTID": 408,
        "No": 408,
        "Nama_Halte": "Prambanan A",
        "Alias": "Prambanan A",
        "Jenis_Shel": "Permanen",
        "Latitude__": -7.0099154,
        "Longitude": 110.3790646,
        "SymbolID": null,
        "halte_id": 407,
        "nama_halte": "Prambanan A",
        "koridor_list": ";K8;",
        "jumlah_koridor": 1,
        "is_transit": false
      },
      "geometry": {
        "type": "Point",
        "coordinates": [
          110.37613280874291,
          -7.008947188142023
        ]
      }
    },
    {
      "type": "Feature",
      "properties": {
        "OBJECTID": 409,
        "No": 409,
        "Nama_Halte": "Kembang Arum A",
        "Alias": "Kembang Arum A",
        "Jenis_Shel": "Permanen",
        "Latitude__": -6.999638,
        "Longitude": 110.3799523,
        "SymbolID": null,
        "halte_id": 408,
        "nama_halte": "Kembang Arum A",
        "koridor_list": ";K8;",
        "jumlah_koridor": 1,
        "is_transit": false
      },
      "geometry": {
        "type": "Point",
        "coordinates": [
          110.37883853437872,
          -6.999447069152738
        ]
      }
    },
    {
      "type": "Feature",
      "properties": {
        "OBJECTID": 410,
        "No": 410,
        "Nama_Halte": "PTUN A",
        "Alias": "PTUN A",
        "Jenis_Shel": "Permanen",
        "Latitude__": -6.9929482,
        "Longitude": 110.3802046,
        "SymbolID": null,
        "halte_id": 409,
        "nama_halte": "PTUN A",
        "koridor_list": ";K8;",
        "jumlah_koridor": 1,
        "is_transit": false
      },
      "geometry": {
        "type": "Point",
        "coordinates": [
          110.38077530213124,
          -6.992947110931735
        ]
      }
    },
    {
      "type": "Feature",
      "properties": {
        "OBJECTID": 411,
        "No": 411,
        "Nama_Halte": "Kejari A",
        "Alias": "Kejari A",
        "Jenis_Shel": "Permanen",
        "Latitude__": -6.9862407,
        "Longitude": 110.3826641,
        "SymbolID": null,
        "halte_id": 410,
        "nama_halte": "Kejari A",
        "koridor_list": ";K8;",
        "jumlah_koridor": 1,
        "is_transit": false
      },
      "geometry": {
        "type": "Point",
        "coordinates": [
          110.38277315532315,
          -6.986312423809224
        ]
      }
    },
    {
      "type": "Feature",
      "properties": {
        "OBJECTID": 412,
        "No": 412,
        "Nama_Halte": "Augusta",
        "Alias": "Halte Augusta",
        "Jenis_Shel": "Portable",
        "Latitude__": -6.9863345,
        "Longitude": 110.4147977,
        "SymbolID": null,
        "halte_id": 411,
        "nama_halte": "Augusta",
        "koridor_list": ";K1;M;K3B;K4;K5;K8;",
        "jumlah_koridor": 6,
        "is_transit": true
      },
      "geometry": {
        "type": "Point",
        "coordinates": [
          110.41506938641781,
          -6.986311532163704
        ]
      }
    },
    {
      "type": "Feature",
      "properties": {
        "OBJECTID": 413,
        "No": 413,
        "Nama_Halte": "Ngaliyan",
        "Alias": " ",
        "Jenis_Shel": "Portable",
        "Latitude__": -6.997096428,
        "Longitude": 110.3479129,
        "SymbolID": null,
        "halte_id": 412,
        "nama_halte": "Ngaliyan",
        "koridor_list": ";F1A;F1B;",
        "jumlah_koridor": 2,
        "is_transit": true
      },
      "geometry": {
        "type": "Point",
        "coordinates": [
          110.35038260112363,
          -6.997947361172057
        ]
      }
    },
    {
      "type": "Feature",
      "properties": {
        "OBJECTID": 414,
        "No": 414,
        "Nama_Halte": "Taman Panembatan Senopati",
        "Alias": " ",
        "Jenis_Shel": "Portable",
        "Latitude__": -6.997014416,
        "Longitude": 110.349489,
        "SymbolID": null,
        "halte_id": 413,
        "nama_halte": "Taman Panembatan Senopati",
        "koridor_list": ";F1A;F1B;",
        "jumlah_koridor": 2,
        "is_transit": true
      },
      "geometry": {
        "type": "Point",
        "coordinates": [
          110.34967832194089,
          -6.996850663225147
        ]
      }
    },
    {
      "type": "Feature",
      "properties": {
        "OBJECTID": 415,
        "No": 415,
        "Nama_Halte": "Pertigaan Beringin 1",
        "Alias": " ",
        "Jenis_Shel": "Portable",
        "Latitude__": -6.997999281,
        "Longitude": 110.3419484,
        "SymbolID": null,
        "halte_id": 414,
        "nama_halte": "Pertigaan Beringin 1",
        "koridor_list": ";F1A;",
        "jumlah_koridor": 1,
        "is_transit": false
      },
      "geometry": {
        "type": "Point",
        "coordinates": [
          110.3416788243358,
          -6.999081504631342
        ]
      }
    },
    {
      "type": "Feature",
      "properties": {
        "OBJECTID": 416,
        "No": 416,
        "Nama_Halte": "Taman Beringin 3 A",
        "Alias": " ",
        "Jenis_Shel": "Portable",
        "Latitude__": -6.997383054,
        "Longitude": 110.3389013,
        "SymbolID": null,
        "halte_id": 415,
        "nama_halte": "Taman Beringin 3 A",
        "koridor_list": ";F1A;",
        "jumlah_koridor": 1,
        "is_transit": false
      },
      "geometry": {
        "type": "Point",
        "coordinates": [
          110.33891291157602,
          -6.997947361172057
        ]
      }
    },
    {
      "type": "Feature",
      "properties": {
        "OBJECTID": 417,
        "No": 417,
        "Nama_Halte": "Taman Beringin 2 A",
        "Alias": " ",
        "Jenis_Shel": "Portable",
        "Latitude__": -6.996797211,
        "Longitude": 110.3360401,
        "SymbolID": null,
        "halte_id": 416,
        "nama_halte": "Taman Beringin 2 A",
        "koridor_list": ";F1A;",
        "jumlah_koridor": 1,
        "is_transit": false
      },
      "geometry": {
        "type": "Point",
        "coordinates": [
          110.33608771000746,
          -6.996880086862242
        ]
      }
    },
    {
      "type": "Feature",
      "properties": {
        "OBJECTID": 418,
        "No": 418,
        "Nama_Halte": "Pertigaan Coveri 1",
        "Alias": " ",
        "Jenis_Shel": "Portable",
        "Latitude__": -6.996087856,
        "Longitude": 110.3346726,
        "SymbolID": null,
        "halte_id": 417,
        "nama_halte": "Pertigaan Coveri 1",
        "koridor_list": ";F1A;",
        "jumlah_koridor": 1,
        "is_transit": false
      },
      "geometry": {
        "type": "Point",
        "coordinates": [
          110.33448242059471,
          -6.996182835327094
        ]
      }
    },
    {
      "type": "Feature",
      "properties": {
        "OBJECTID": 419,
        "No": 419,
        "Nama_Halte": "MI Miftahul A 1",
        "Alias": " ",
        "Jenis_Shel": "Portable",
        "Latitude__": -6.99567467,
        "Longitude": 110.3321689,
        "SymbolID": null,
        "halte_id": 418,
        "nama_halte": "MI Miftahul A 1",
        "koridor_list": ";F1A;",
        "jumlah_koridor": 1,
        "is_transit": false
      },
      "geometry": {
        "type": "Point",
        "coordinates": [
          110.33207942720969,
          -6.995305473859653
        ]
      }
    },
    {
      "type": "Feature",
      "properties": {
        "OBJECTID": 420,
        "No": 420,
        "Nama_Halte": "SDN Tambak Aji 03 1",
        "Alias": " ",
        "Jenis_Shel": "Portable",
        "Latitude__": -6.993718678,
        "Longitude": 110.3284506,
        "SymbolID": null,
        "halte_id": 419,
        "nama_halte": "SDN Tambak Aji 03 1",
        "koridor_list": ";F1A;",
        "jumlah_koridor": 1,
        "is_transit": false
      },
      "geometry": {
        "type": "Point",
        "coordinates": [
          110.32843855536318,
          -6.993947521915469
        ]
      }
    },
    {
      "type": "Feature",
      "properties": {
        "OBJECTID": 421,
        "No": 421,
        "Nama_Halte": "Bukit Beringin Selatan 1",
        "Alias": " ",
        "Jenis_Shel": "Portable",
        "Latitude__": -6.99507664,
        "Longitude": 110.3249381,
        "SymbolID": null,
        "halte_id": 420,
        "nama_halte": "Bukit Beringin Selatan 1",
        "koridor_list": ";F1A;",
        "jumlah_koridor": 1,
        "is_transit": false
      },
      "geometry": {
        "type": "Point",
        "coordinates": [
          110.32433505114531,
          -6.994927423288259
        ]
      }
    },
    {
      "type": "Feature",
      "properties": {
        "OBJECTID": 422,
        "No": 422,
        "Nama_Halte": "Perum Griya Lestari 1",
        "Alias": " ",
        "Jenis_Shel": "Portable",
        "Latitude__": -6.998518366,
        "Longitude": 110.3210904,
        "SymbolID": null,
        "halte_id": 421,
        "nama_halte": "Perum Griya Lestari 1",
        "koridor_list": ";F1A;",
        "jumlah_koridor": 1,
        "is_transit": false
      },
      "geometry": {
        "type": "Point",
        "coordinates": [
          110.32109033633908,
          -6.998517999735042
        ]
      }
    },
    {
      "type": "Feature",
      "properties": {
        "OBJECTID": 423,
        "No": 423,
        "Nama_Halte": "Kp Gondoriyo 1",
        "Alias": " ",
        "Jenis_Shel": "Portable",
        "Latitude__": -7.003117323,
        "Longitude": 110.3191163,
        "SymbolID": null,
        "halte_id": 422,
        "nama_halte": "Kp Gondoriyo 1",
        "koridor_list": ";F1A;",
        "jumlah_koridor": 1,
        "is_transit": false
      },
      "geometry": {
        "type": "Point",
        "coordinates": [
          110.31912122923627,
          -7.003179377364686
        ]
      }
    },
    {
      "type": "Feature",
      "properties": {
        "OBJECTID": 424,
        "No": 424,
        "Nama_Halte": "SMP Texmaco 1",
        "Alias": " ",
        "Jenis_Shel": "Portable",
        "Latitude__": -7.003857213,
        "Longitude": 110.3168549,
        "SymbolID": null,
        "halte_id": 423,
        "nama_halte": "SMP Texmaco 1",
        "koridor_list": ";F1A;",
        "jumlah_koridor": 1,
        "is_transit": false
      },
      "geometry": {
        "type": "Point",
        "coordinates": [
          110.31680357580325,
          -7.003971129304747
        ]
      }
    },
    {
      "type": "Feature",
      "properties": {
        "OBJECTID": 425,
        "No": 425,
        "Nama_Halte": "Tugu Lilin 1",
        "Alias": " ",
        "Jenis_Shel": "Portable",
        "Latitude__": -6.999542271,
        "Longitude": 110.3012361,
        "SymbolID": null,
        "halte_id": 424,
        "nama_halte": "Tugu Lilin 1",
        "koridor_list": ";F1A;",
        "jumlah_koridor": 1,
        "is_transit": false
      },
      "geometry": {
        "type": "Point",
        "coordinates": [
          110.30208108661182,
          -6.999447069152738
        ]
      }
    },
    {
      "type": "Feature",
      "properties": {
        "OBJECTID": 426,
        "No": 426,
        "Nama_Halte": "SDN 02 Podorejo",
        "Alias": " ",
        "Jenis_Shel": "Portable",
        "Latitude__": -7.001029397,
        "Longitude": 110.2968302,
        "SymbolID": null,
        "halte_id": 425,
        "nama_halte": "SDN 02 Podorejo",
        "koridor_list": ";F1A;",
        "jumlah_koridor": 1,
        "is_transit": false
      },
      "geometry": {
        "type": "Point",
        "coordinates": [
          110.29683043377614,
          -7.001029692740518
        ]
      }
    },
    {
      "type": "Feature",
      "properties": {
        "OBJECTID": 427,
        "No": 427,
        "Nama_Halte": "Kp Podorejo",
        "Alias": " ",
        "Jenis_Shel": "Portable",
        "Latitude__": -7.00882642,
        "Longitude": 110.2934557,
        "SymbolID": null,
        "halte_id": 426,
        "nama_halte": "Kp Podorejo",
        "koridor_list": ";F1A;",
        "jumlah_koridor": 1,
        "is_transit": false
      },
      "geometry": {
        "type": "Point",
        "coordinates": [
          110.29381299273679,
          -7.008814339384629
        ]
      }
    },
    {
      "type": "Feature",
      "properties": {
        "OBJECTID": 428,
        "No": 428,
        "Nama_Halte": "Masjid Jami",
        "Alias": " ",
        "Jenis_Shel": "Portable",
        "Latitude__": -7.011972492,
        "Longitude": 110.2940821,
        "SymbolID": null,
        "halte_id": 427,
        "nama_halte": "Masjid Jami",
        "koridor_list": ";F1A;",
        "jumlah_koridor": 1,
        "is_transit": false
      },
      "geometry": {
        "type": "Point",
        "coordinates": [
          110.29367824544418,
          -7.011919780633981
        ]
      }
    },
    {
      "type": "Feature",
      "properties": {
        "OBJECTID": 429,
        "No": 429,
        "Nama_Halte": "Masjid Kapal",
        "Alias": " ",
        "Jenis_Shel": "Portable",
        "Latitude__": -7.01883268,
        "Longitude": 110.2934358,
        "SymbolID": null,
        "halte_id": 428,
        "nama_halte": "Masjid Kapal",
        "koridor_list": ";F1A;",
        "jumlah_koridor": 1,
        "is_transit": false
      },
      "geometry": {
        "type": "Point",
        "coordinates": [
          110.29367824544418,
          -7.018832277640521
        ]
      }
    },
    {
      "type": "Feature",
      "properties": {
        "OBJECTID": 430,
        "No": 430,
        "Nama_Halte": "SDN Wonoplembon 2",
        "Alias": " ",
        "Jenis_Shel": "Portable",
        "Latitude__": -7.022348265,
        "Longitude": 110.2949167,
        "SymbolID": null,
        "halte_id": 429,
        "nama_halte": "SDN Wonoplembon 2",
        "koridor_list": ";F1A;",
        "jumlah_koridor": 1,
        "is_transit": false
      },
      "geometry": {
        "type": "Point",
        "coordinates": [
          110.29438162631162,
          -7.022447634064903
        ]
      }
    },
    {
      "type": "Feature",
      "properties": {
        "OBJECTID": 431,
        "No": 431,
        "Nama_Halte": "Perum Pandawa",
        "Alias": " ",
        "Jenis_Shel": "Portable",
        "Latitude__": -7.036373789,
        "Longitude": 110.2974393,
        "SymbolID": null,
        "halte_id": 430,
        "nama_halte": "Perum Pandawa",
        "koridor_list": "",
        "jumlah_koridor": 0,
        "is_transit": false
      },
      "geometry": {
        "type": "Point",
        "coordinates": [
          110.29803417625686,
          -7.036446956168017
        ]
      }
    },
    {
      "type": "Feature",
      "properties": {
        "OBJECTID": 432,
        "No": 432,
        "Nama_Halte": "SDN Wonolopo 2",
        "Alias": " ",
        "Jenis_Shel": "Portable",
        "Latitude__": -7.038991716,
        "Longitude": 110.2986316,
        "SymbolID": null,
        "halte_id": 431,
        "nama_halte": "SDN Wonolopo 2",
        "koridor_list": "",
        "jumlah_koridor": 0,
        "is_transit": false
      },
      "geometry": {
        "type": "Point",
        "coordinates": [
          110.29863155592079,
          -7.038991431629993
        ]
      }
    },
    {
      "type": "Feature",
      "properties": {
        "OBJECTID": 433,
        "No": 433,
        "Nama_Halte": "Kp Kuripan",
        "Alias": " ",
        "Jenis_Shel": "Portable",
        "Latitude__": -7.039958519,
        "Longitude": 110.3029749,
        "SymbolID": null,
        "halte_id": 432,
        "nama_halte": "Kp Kuripan",
        "koridor_list": ";F1A;",
        "jumlah_koridor": 1,
        "is_transit": false
      },
      "geometry": {
        "type": "Point",
        "coordinates": [
          110.3021781046625,
          -7.041338862806306
        ]
      }
    },
    {
      "type": "Feature",
      "properties": {
        "OBJECTID": 434,
        "No": 434,
        "Nama_Halte": "Perum Graha Permata",
        "Alias": " ",
        "Jenis_Shel": "Portable",
        "Latitude__": -7.04700942,
        "Longitude": 110.3123399,
        "SymbolID": null,
        "halte_id": 433,
        "nama_halte": "Perum Graha Permata",
        "koridor_list": ";F1A;",
        "jumlah_koridor": 1,
        "is_transit": false
      },
      "geometry": {
        "type": "Point",
        "coordinates": [
          110.31060699697342,
          -7.046447359778177
        ]
      }
    },
    {
      "type": "Feature",
      "properties": {
        "OBJECTID": 435,
        "No": 435,
        "Nama_Halte": "SMAN 13",
        "Alias": " ",
        "Jenis_Shel": "Portable",
        "Latitude__": -7.049848668,
        "Longitude": 110.313843,
        "SymbolID": null,
        "halte_id": 434,
        "nama_halte": "SMAN 13",
        "koridor_list": ";F1A;",
        "jumlah_koridor": 1,
        "is_transit": false
      },
      "geometry": {
        "type": "Point",
        "coordinates": [
          110.31467816184103,
          -7.048849136281901
        ]
      }
    },
    {
      "type": "Feature",
      "properties": {
        "OBJECTID": 436,
        "No": 436,
        "Nama_Halte": "Yayasan Darus Karim",
        "Alias": " ",
        "Jenis_Shel": "Portable",
        "Latitude__": -7.035234411,
        "Longitude": 110.3151758,
        "SymbolID": null,
        "halte_id": 435,
        "nama_halte": "Yayasan Darus Karim",
        "koridor_list": ";F1A;",
        "jumlah_koridor": 1,
        "is_transit": false
      },
      "geometry": {
        "type": "Point",
        "coordinates": [
          110.31454071960255,
          -7.034905464424102
        ]
      }
    },
    {
      "type": "Feature",
      "properties": {
        "OBJECTID": 437,
        "No": 437,
        "Nama_Halte": "Kelurahan Ngadirgo",
        "Alias": " ",
        "Jenis_Shel": "Portable",
        "Latitude__": -7.030446601,
        "Longitude": 110.3141686,
        "SymbolID": null,
        "halte_id": 436,
        "nama_halte": "Kelurahan Ngadirgo",
        "koridor_list": ";F1A;",
        "jumlah_koridor": 1,
        "is_transit": false
      },
      "geometry": {
        "type": "Point",
        "coordinates": [
          110.31261922320984,
          -7.030405777068265
        ]
      }
    },
    {
      "type": "Feature",
      "properties": {
        "OBJECTID": 438,
        "No": 438,
        "Nama_Halte": "SDN Ngadirgo 2",
        "Alias": " ",
        "Jenis_Shel": "Portable",
        "Latitude__": -7.025576851,
        "Longitude": 110.3120474,
        "SymbolID": null,
        "halte_id": 437,
        "nama_halte": "SDN Ngadirgo 2",
        "koridor_list": ";F1A;",
        "jumlah_koridor": 1,
        "is_transit": false
      },
      "geometry": {
        "type": "Point",
        "coordinates": [
          110.31053603006595,
          -7.025930118515651
        ]
      }
    },
    {
      "type": "Feature",
      "properties": {
        "OBJECTID": 439,
        "No": 439,
        "Nama_Halte": "SD Pesantren",
        "Alias": " ",
        "Jenis_Shel": "Portable",
        "Latitude__": -7.02263594,
        "Longitude": 110.3105169,
        "SymbolID": null,
        "halte_id": 438,
        "nama_halte": "SD Pesantren",
        "koridor_list": "",
        "jumlah_koridor": 0,
        "is_transit": false
      },
      "geometry": {
        "type": "Point",
        "coordinates": [
          110.30900619913709,
          -7.022988820635982
        ]
      }
    },
    {
      "type": "Feature",
      "properties": {
        "OBJECTID": 440,
        "No": 440,
        "Nama_Halte": "SMK Bagimu Negeri",
        "Alias": " ",
        "Jenis_Shel": "Portable",
        "Latitude__": -7.019528646,
        "Longitude": 110.3090989,
        "SymbolID": null,
        "halte_id": 439,
        "nama_halte": "SMK Bagimu Negeri",
        "koridor_list": "",
        "jumlah_koridor": 0,
        "is_transit": false
      },
      "geometry": {
        "type": "Point",
        "coordinates": [
          110.30764345485107,
          -7.0195678333201
        ]
      }
    },
    {
      "type": "Feature",
      "properties": {
        "OBJECTID": 441,
        "No": 441,
        "Nama_Halte": "Yayasan Darus Sahid",
        "Alias": " ",
        "Jenis_Shel": "Portable",
        "Latitude__": -7.011293276,
        "Longitude": 110.3045398,
        "SymbolID": null,
        "halte_id": 440,
        "nama_halte": "Yayasan Darus Sahid",
        "koridor_list": ";F1A;",
        "jumlah_koridor": 1,
        "is_transit": false
      },
      "geometry": {
        "type": "Point",
        "coordinates": [
          110.30433046808324,
          -7.011447234205126
        ]
      }
    },
    {
      "type": "Feature",
      "properties": {
        "OBJECTID": 442,
        "No": 442,
        "Nama_Halte": "Perum Palir Sejahtera",
        "Alias": " ",
        "Jenis_Shel": "Portable",
        "Latitude__": -7.006633556,
        "Longitude": 110.305492,
        "SymbolID": null,
        "halte_id": 441,
        "nama_halte": "Perum Palir Sejahtera",
        "koridor_list": ";F1A;",
        "jumlah_koridor": 1,
        "is_transit": false
      },
      "geometry": {
        "type": "Point",
        "coordinates": [
          110.30517847771148,
          -7.006538072577992
        ]
      }
    },
    {
      "type": "Feature",
      "properties": {
        "OBJECTID": 443,
        "No": 443,
        "Nama_Halte": "Tugu Lilin 2",
        "Alias": " ",
        "Jenis_Shel": "Portable",
        "Latitude__": -6.999831363,
        "Longitude": 110.301887,
        "SymbolID": null,
        "halte_id": 442,
        "nama_halte": "Tugu Lilin 2",
        "koridor_list": ";F1A;",
        "jumlah_koridor": 1,
        "is_transit": false
      },
      "geometry": {
        "type": "Point",
        "coordinates": [
          110.30182147349471,
          -6.999947267948532
        ]
      }
    },
    {
      "type": "Feature",
      "properties": {
        "OBJECTID": 444,
        "No": 444,
        "Nama_Halte": "SMP Texmaco 2",
        "Alias": " ",
        "Jenis_Shel": "Portable",
        "Latitude__": -7.003724119,
        "Longitude": 110.3169084,
        "SymbolID": null,
        "halte_id": 443,
        "nama_halte": "SMP Texmaco 2",
        "koridor_list": ";F1A;",
        "jumlah_koridor": 1,
        "is_transit": false
      },
      "geometry": {
        "type": "Point",
        "coordinates": [
          110.3168574747203,
          -7.00383827912935
        ]
      }
    },
    {
      "type": "Feature",
      "properties": {
        "OBJECTID": 445,
        "No": 445,
        "Nama_Halte": "Kp Gondoriyo 2",
        "Alias": " ",
        "Jenis_Shel": "Portable",
        "Latitude__": -7.002712894,
        "Longitude": 110.3190852,
        "SymbolID": null,
        "halte_id": 444,
        "nama_halte": "Kp Gondoriyo 2",
        "koridor_list": ";F1A;",
        "jumlah_koridor": 1,
        "is_transit": false
      },
      "geometry": {
        "type": "Point",
        "coordinates": [
          110.31881580203967,
          -7.003116964429378
        ]
      }
    },
    {
      "type": "Feature",
      "properties": {
        "OBJECTID": 446,
        "No": 446,
        "Nama_Halte": "Perum Griya Lestari 2",
        "Alias": " ",
        "Jenis_Shel": "Portable",
        "Latitude__": -6.998228743,
        "Longitude": 110.3210658,
        "SymbolID": null,
        "halte_id": 445,
        "nama_halte": "Perum Griya Lestari 2",
        "koridor_list": ";F1A;",
        "jumlah_koridor": 1,
        "is_transit": false
      },
      "geometry": {
        "type": "Point",
        "coordinates": [
          110.32085407941935,
          -6.998125685797932
        ]
      }
    },
    {
      "type": "Feature",
      "properties": {
        "OBJECTID": 447,
        "No": 447,
        "Nama_Halte": "Bukit Beringin Selatan 2",
        "Alias": " ",
        "Jenis_Shel": "Portable",
        "Latitude__": -6.995091944,
        "Longitude": 110.3246936,
        "SymbolID": null,
        "halte_id": 446,
        "nama_halte": "Bukit Beringin Selatan 2",
        "koridor_list": ";F1A;",
        "jumlah_koridor": 1,
        "is_transit": false
      },
      "geometry": {
        "type": "Point",
        "coordinates": [
          110.32376731588576,
          -6.994798137055636
        ]
      }
    },
    {
      "type": "Feature",
      "properties": {
        "OBJECTID": 448,
        "No": 448,
        "Nama_Halte": "SDN Tambak Aji 03 2",
        "Alias": " ",
        "Jenis_Shel": "Portable",
        "Latitude__": -6.993591829,
        "Longitude": 110.3286176,
        "SymbolID": null,
        "halte_id": 447,
        "nama_halte": "SDN Tambak Aji 03 2",
        "koridor_list": ";F1A;",
        "jumlah_koridor": 1,
        "is_transit": false
      },
      "geometry": {
        "type": "Point",
        "coordinates": [
          110.32867840554404,
          -6.993502597865537
        ]
      }
    },
    {
      "type": "Feature",
      "properties": {
        "OBJECTID": 449,
        "No": 449,
        "Nama_Halte": "MI Miftahul A 2",
        "Alias": " ",
        "Jenis_Shel": "Portable",
        "Latitude__": -6.995568521,
        "Longitude": 110.3321021,
        "SymbolID": null,
        "halte_id": 448,
        "nama_halte": "MI Miftahul A 2",
        "koridor_list": ";F1A;",
        "jumlah_koridor": 1,
        "is_transit": false
      },
      "geometry": {
        "type": "Point",
        "coordinates": [
          110.33217824189094,
          -6.994899782786349
        ]
      }
    },
    {
      "type": "Feature",
      "properties": {
        "OBJECTID": 450,
        "No": 450,
        "Nama_Halte": "Pertigaan Coveri 2",
        "Alias": " ",
        "Jenis_Shel": "Portable",
        "Latitude__": -6.996331532,
        "Longitude": 110.3347819,
        "SymbolID": null,
        "halte_id": 449,
        "nama_halte": "Pertigaan Coveri 2",
        "koridor_list": ";F1A;",
        "jumlah_koridor": 1,
        "is_transit": false
      },
      "geometry": {
        "type": "Point",
        "coordinates": [
          110.33467825332666,
          -6.995860066361023
        ]
      }
    },
    {
      "type": "Feature",
      "properties": {
        "OBJECTID": 451,
        "No": 451,
        "Nama_Halte": "Taman Beringin 2 B",
        "Alias": " ",
        "Jenis_Shel": "Portable",
        "Latitude__": -6.996732582,
        "Longitude": 110.3362004,
        "SymbolID": null,
        "halte_id": 450,
        "nama_halte": "Taman Beringin 2 B",
        "koridor_list": ";F1A;",
        "jumlah_koridor": 1,
        "is_transit": false
      },
      "geometry": {
        "type": "Point",
        "coordinates": [
          110.33667880146439,
          -6.996607249429007
        ]
      }
    },
    {
      "type": "Feature",
      "properties": {
        "OBJECTID": 452,
        "No": 452,
        "Nama_Halte": "Taman Beringin 3 B",
        "Alias": " ",
        "Jenis_Shel": "Portable",
        "Latitude__": -6.997246729,
        "Longitude": 110.3390297,
        "SymbolID": null,
        "halte_id": 451,
        "nama_halte": "Taman Beringin 3 B",
        "koridor_list": ";F1A;",
        "jumlah_koridor": 1,
        "is_transit": false
      },
      "geometry": {
        "type": "Point",
        "coordinates": [
          110.33908898137169,
          -6.997639751032305
        ]
      }
    },
    {
      "type": "Feature",
      "properties": {
        "OBJECTID": 453,
        "No": 453,
        "Nama_Halte": "Pertigaan Beringin 2",
        "Alias": " ",
        "Jenis_Shel": "Portable",
        "Latitude__": -6.997888165,
        "Longitude": 110.3419746,
        "SymbolID": null,
        "halte_id": 452,
        "nama_halte": "Pertigaan Beringin 2",
        "koridor_list": ";F1A;",
        "jumlah_koridor": 1,
        "is_transit": false
      },
      "geometry": {
        "type": "Point",
        "coordinates": [
          110.34184411434808,
          -6.998685624680358
        ]
      }
    },
    {
      "type": "Feature",
      "properties": {
        "OBJECTID": 454,
        "No": 454,
        "Nama_Halte": "Honggowongso A",
        "Alias": " ",
        "Jenis_Shel": "Portable",
        "Latitude__": -6.997471765,
        "Longitude": 110.3589271,
        "SymbolID": null,
        "halte_id": 453,
        "nama_halte": "Honggowongso A",
        "koridor_list": ";F1B;",
        "jumlah_koridor": 1,
        "is_transit": false
      },
      "geometry": {
        "type": "Point",
        "coordinates": [
          110.3589273761062,
          -6.997472125711395
        ]
      }
    },
    {
      "type": "Feature",
      "properties": {
        "OBJECTID": 455,
        "No": 455,
        "Nama_Halte": "Klampisan A",
        "Alias": " ",
        "Jenis_Shel": "Portable",
        "Latitude__": -6.99883317,
        "Longitude": 110.3604666,
        "SymbolID": null,
        "halte_id": 454,
        "nama_halte": "Klampisan A",
        "koridor_list": ";F1B;",
        "jumlah_koridor": 1,
        "is_transit": false
      },
      "geometry": {
        "type": "Point",
        "coordinates": [
          110.36046619018788,
          -6.998832742268923
        ]
      }
    },
    {
      "type": "Feature",
      "properties": {
        "OBJECTID": 456,
        "No": 456,
        "Nama_Halte": "Srikaton A",
        "Alias": " ",
        "Jenis_Shel": "Portable",
        "Latitude__": -6.996696028,
        "Longitude": 110.3654255,
        "SymbolID": null,
        "halte_id": 455,
        "nama_halte": "Srikaton A",
        "koridor_list": ";F1B;",
        "jumlah_koridor": 1,
        "is_transit": false
      },
      "geometry": {
        "type": "Point",
        "coordinates": [
          110.3658399122175,
          -6.996946958757818
        ]
      }
    },
    {
      "type": "Feature",
      "properties": {
        "OBJECTID": 457,
        "No": 457,
        "Nama_Halte": "Sri Yatno A",
        "Alias": " ",
        "Jenis_Shel": "Portable",
        "Latitude__": -6.99575709,
        "Longitude": 110.3666642,
        "SymbolID": null,
        "halte_id": 456,
        "nama_halte": "Sri Yatno A",
        "koridor_list": ";F1B;",
        "jumlah_koridor": 1,
        "is_transit": false
      },
      "geometry": {
        "type": "Point",
        "coordinates": [
          110.36663312461336,
          -6.99568976551832
        ]
      }
    },
    {
      "type": "Feature",
      "properties": {
        "OBJECTID": 458,
        "No": 458,
        "Nama_Halte": "Kawasan Industri A",
        "Alias": " ",
        "Jenis_Shel": "Portable",
        "Latitude__": -6.992684976,
        "Longitude": 110.3678241,
        "SymbolID": null,
        "halte_id": 457,
        "nama_halte": "Kawasan Industri A",
        "koridor_list": ";F1B;",
        "jumlah_koridor": 1,
        "is_transit": false
      },
      "geometry": {
        "type": "Point",
        "coordinates": [
          110.36767876360409,
          -6.992817824150932
        ]
      }
    },
    {
      "type": "Feature",
      "properties": {
        "OBJECTID": 459,
        "No": 459,
        "Nama_Halte": "Sri Widodo A",
        "Alias": " ",
        "Jenis_Shel": "Portable",
        "Latitude__": -6.990056744,
        "Longitude": 110.3671441,
        "SymbolID": null,
        "halte_id": 458,
        "nama_halte": "Sri Widodo A",
        "koridor_list": ";F1B;",
        "jumlah_koridor": 1,
        "is_transit": false
      },
      "geometry": {
        "type": "Point",
        "coordinates": [
          110.3669825692589,
          -6.989947648403401
        ]
      }
    },
    {
      "type": "Feature",
      "properties": {
        "OBJECTID": 460,
        "No": 460,
        "Nama_Halte": "Damkar A",
        "Alias": " ",
        "Jenis_Shel": "Portable",
        "Latitude__": -6.978347228,
        "Longitude": 110.4009555,
        "SymbolID": null,
        "halte_id": 459,
        "nama_halte": "Damkar A",
        "koridor_list": ";F1B;",
        "jumlah_koridor": 1,
        "is_transit": false
      },
      "geometry": {
        "type": "Point",
        "coordinates": [
          110.40069813850246,
          -6.97844715267065
        ]
      }
    },
    {
      "type": "Feature",
      "properties": {
        "OBJECTID": 461,
        "No": 461,
        "Nama_Halte": "Ariloka A",
        "Alias": " ",
        "Jenis_Shel": "Portable",
        "Latitude__": -6.97293139,
        "Longitude": 110.4003503,
        "SymbolID": null,
        "halte_id": 460,
        "nama_halte": "Ariloka A",
        "koridor_list": ";F1B;",
        "jumlah_koridor": 1,
        "is_transit": false
      },
      "geometry": {
        "type": "Point",
        "coordinates": [
          110.40017891226825,
          -6.972949141766652
        ]
      }
    },
    {
      "type": "Feature",
      "properties": {
        "OBJECTID": 462,
        "No": 462,
        "Nama_Halte": "Ruko Madukoro A",
        "Alias": " ",
        "Jenis_Shel": "Portable",
        "Latitude__": -6.967216538,
        "Longitude": 110.3996535,
        "SymbolID": null,
        "halte_id": 461,
        "nama_halte": "Ruko Madukoro A",
        "koridor_list": ";F1B;",
        "jumlah_koridor": 1,
        "is_transit": false
      },
      "geometry": {
        "type": "Point",
        "coordinates": [
          110.39965339782702,
          -6.967216554062148
        ]
      }
    },
    {
      "type": "Feature",
      "properties": {
        "OBJECTID": 463,
        "No": 463,
        "Nama_Halte": "Madukoro A",
        "Alias": " ",
        "Jenis_Shel": "Portable",
        "Latitude__": -6.962201902,
        "Longitude": 110.3991624,
        "SymbolID": null,
        "halte_id": 462,
        "nama_halte": "Madukoro A",
        "koridor_list": ";F1B;",
        "jumlah_koridor": 1,
        "is_transit": false
      },
      "geometry": {
        "type": "Point",
        "coordinates": [
          110.39916201936661,
          -6.962201708397074
        ]
      }
    },
    {
      "type": "Feature",
      "properties": {
        "OBJECTID": 464,
        "No": 464,
        "Nama_Halte": "Bina Marga A",
        "Alias": " ",
        "Jenis_Shel": "Portable",
        "Latitude__": -6.961707854,
        "Longitude": 110.3985187,
        "SymbolID": null,
        "halte_id": 463,
        "nama_halte": "Bina Marga A",
        "koridor_list": ";F1B;",
        "jumlah_koridor": 1,
        "is_transit": false
      },
      "geometry": {
        "type": "Point",
        "coordinates": [
          110.39851882562317,
          -6.961827197856781
        ]
      }
    },
    {
      "type": "Feature",
      "properties": {
        "OBJECTID": 465,
        "No": 465,
        "Nama_Halte": "Bina Marga B",
        "Alias": " ",
        "Jenis_Shel": "Portable",
        "Latitude__": -6.961428497,
        "Longitude": 110.397677,
        "SymbolID": null,
        "halte_id": 464,
        "nama_halte": "Bina Marga B",
        "koridor_list": ";F1B;",
        "jumlah_koridor": 1,
        "is_transit": false
      },
      "geometry": {
        "type": "Point",
        "coordinates": [
          110.39767890083252,
          -6.961542747984754
        ]
      }
    },
    {
      "type": "Feature",
      "properties": {
        "OBJECTID": 466,
        "No": 466,
        "Nama_Halte": "Madukoro B",
        "Alias": " ",
        "Jenis_Shel": "Portable",
        "Latitude__": -6.962461722,
        "Longitude": 110.3994559,
        "SymbolID": null,
        "halte_id": 465,
        "nama_halte": "Madukoro B",
        "koridor_list": ";F1B;",
        "jumlah_koridor": 1,
        "is_transit": false
      },
      "geometry": {
        "type": "Point",
        "coordinates": [
          110.39945397183395,
          -6.962421956122835
        ]
      }
    },
    {
      "type": "Feature",
      "properties": {
        "OBJECTID": 467,
        "No": 467,
        "Nama_Halte": "Ruko Madukoro B",
        "Alias": " ",
        "Jenis_Shel": "Portable",
        "Latitude__": -6.96728273,
        "Longitude": 110.399886,
        "SymbolID": null,
        "halte_id": 466,
        "nama_halte": "Ruko Madukoro B",
        "koridor_list": ";F1B;",
        "jumlah_koridor": 1,
        "is_transit": false
      },
      "geometry": {
        "type": "Point",
        "coordinates": [
          110.39996241828477,
          -6.967282538516075
        ]
      }
    },
    {
      "type": "Feature",
      "properties": {
        "OBJECTID": 468,
        "No": 468,
        "Nama_Halte": "Ariloka B",
        "Alias": " ",
        "Jenis_Shel": "Portable",
        "Latitude__": -6.973003237,
        "Longitude": 110.4006309,
        "SymbolID": null,
        "halte_id": 467,
        "nama_halte": "Ariloka B",
        "koridor_list": ";F1B;",
        "jumlah_koridor": 1,
        "is_transit": false
      },
      "geometry": {
        "type": "Point",
        "coordinates": [
          110.40063076485615,
          -6.973003533692426
        ]
      }
    },
    {
      "type": "Feature",
      "properties": {
        "OBJECTID": 469,
        "No": 469,
        "Nama_Halte": "Damkar B",
        "Alias": " ",
        "Jenis_Shel": "Portable",
        "Latitude__": -6.978478349,
        "Longitude": 110.401238,
        "SymbolID": null,
        "halte_id": 468,
        "nama_halte": "Damkar B",
        "koridor_list": ";F1B;",
        "jumlah_koridor": 1,
        "is_transit": false
      },
      "geometry": {
        "type": "Point",
        "coordinates": [
          110.4011095669026,
          -6.97844715267065
        ]
      }
    },
    {
      "type": "Feature",
      "properties": {
        "OBJECTID": 470,
        "No": 470,
        "Nama_Halte": "Banjir Kanal Barat B",
        "Alias": " ",
        "Jenis_Shel": "Portable",
        "Latitude__": -6.982560295,
        "Longitude": 110.4016309,
        "SymbolID": null,
        "halte_id": 469,
        "nama_halte": "Banjir Kanal Barat B",
        "koridor_list": ";F1B;",
        "jumlah_koridor": 1,
        "is_transit": false
      },
      "geometry": {
        "type": "Point",
        "coordinates": [
          110.40140690926162,
          -6.982550556288195
        ]
      }
    },
    {
      "type": "Feature",
      "properties": {
        "OBJECTID": 471,
        "No": 471,
        "Nama_Halte": "Kaligarang",
        "Alias": " ",
        "Jenis_Shel": "Portable",
        "Latitude__": -6.990155961,
        "Longitude": 110.4020842,
        "SymbolID": null,
        "halte_id": 470,
        "nama_halte": "Kaligarang",
        "koridor_list": ";F1B;",
        "jumlah_koridor": 1,
        "is_transit": false
      },
      "geometry": {
        "type": "Point",
        "coordinates": [
          110.40177971010453,
          -6.990160749973477
        ]
      }
    },
    {
      "type": "Feature",
      "properties": {
        "OBJECTID": 472,
        "No": 472,
        "Nama_Halte": "Simongan",
        "Alias": " ",
        "Jenis_Shel": "Portable",
        "Latitude__": -6.992805473,
        "Longitude": 110.4002229,
        "SymbolID": null,
        "halte_id": 471,
        "nama_halte": "Simongan",
        "koridor_list": ";F1B;",
        "jumlah_koridor": 1,
        "is_transit": false
      },
      "geometry": {
        "type": "Point",
        "coordinates": [
          110.40017891226825,
          -6.992638605864587
        ]
      }
    },
    {
      "type": "Feature",
      "properties": {
        "OBJECTID": 473,
        "No": 473,
        "Nama_Halte": "Ksatrian 1",
        "Alias": "Halte Pamularsih",
        "Jenis_Shel": "Permanen",
        "Latitude__": -6.987457,
        "Longitude": 110.3857956,
        "SymbolID": null,
        "halte_id": 472,
        "nama_halte": "Ksatrian 1",
        "koridor_list": ";K5;F1B;",
        "jumlah_koridor": 2,
        "is_transit": true
      },
      "geometry": {
        "type": "Point",
        "coordinates": [
          110.38567830695199,
          -6.986486294650588
        ]
      }
    },
    {
      "type": "Feature",
      "properties": {
        "OBJECTID": 474,
        "No": 474,
        "Nama_Halte": "WR Supratman A",
        "Alias": "Omega Phone",
        "Jenis_Shel": "Permanen",
        "Latitude__": -6.9873463,
        "Longitude": 110.3854714,
        "SymbolID": null,
        "halte_id": 473,
        "nama_halte": "WR Supratman A",
        "koridor_list": ";F1B;",
        "jumlah_koridor": 1,
        "is_transit": false
      },
      "geometry": {
        "type": "Point",
        "coordinates": [
          110.38555703438863,
          -6.987447487160643
        ]
      }
    },
    {
      "type": "Feature",
      "properties": {
        "OBJECTID": 475,
        "No": 475,
        "Nama_Halte": "Mintojiwo A",
        "Alias": "SDN Kalibanteng Kidul 01",
        "Jenis_Shel": "Permanen",
        "Latitude__": -6.990298204,
        "Longitude": 110.3854241,
        "SymbolID": null,
        "halte_id": 474,
        "nama_halte": "Mintojiwo A",
        "koridor_list": ";F1B;",
        "jumlah_koridor": 1,
        "is_transit": false
      },
      "geometry": {
        "type": "Point",
        "coordinates": [
          110.38567830695199,
          -6.990298062230776
        ]
      }
    },
    {
      "type": "Feature",
      "properties": {
        "OBJECTID": 476,
        "No": 476,
        "Nama_Halte": "Asrama Brimob",
        "Alias": "Masjid At - Tawab",
        "Jenis_Shel": "Portable",
        "Latitude__": -6.9962559,
        "Longitude": 110.3896182,
        "SymbolID": null,
        "halte_id": 475,
        "nama_halte": "Asrama Brimob",
        "koridor_list": ";F1B;",
        "jumlah_koridor": 1,
        "is_transit": false
      },
      "geometry": {
        "type": "Point",
        "coordinates": [
          110.3897683364406,
          -6.996056224322784
        ]
      }
    },
    {
      "type": "Feature",
      "properties": {
        "OBJECTID": 477,
        "No": 477,
        "Nama_Halte": "SDN Manyaran A",
        "Alias": "SDN Manyaran 01",
        "Jenis_Shel": "Permanen",
        "Latitude__": -6.999194,
        "Longitude": 110.3885448,
        "SymbolID": null,
        "halte_id": 476,
        "nama_halte": "SDN Manyaran A",
        "koridor_list": ";F1B;",
        "jumlah_koridor": 1,
        "is_transit": false
      },
      "geometry": {
        "type": "Point",
        "coordinates": [
          110.38854483102362,
          -6.999193848880604
        ]
      }
    },
    {
      "type": "Feature",
      "properties": {
        "OBJECTID": 478,
        "No": 478,
        "Nama_Halte": "Data Center B",
        "Alias": " ",
        "Jenis_Shel": "Portable",
        "Latitude__": -6.997700003,
        "Longitude": 110.3828358,
        "SymbolID": null,
        "halte_id": 477,
        "nama_halte": "Data Center B",
        "koridor_list": ";F1B;",
        "jumlah_koridor": 1,
        "is_transit": false
      },
      "geometry": {
        "type": "Point",
        "coordinates": [
          110.38276417217031,
          -6.997947361172057
        ]
      }
    },
    {
      "type": "Feature",
      "properties": {
        "OBJECTID": 479,
        "No": 479,
        "Nama_Halte": "Simpang Muradi A",
        "Alias": "Halte Feeder Brt Muradi (Bisa Transit)",
        "Jenis_Shel": "Permanen",
        "Latitude__": -6.9961031,
        "Longitude": 110.3799121,
        "SymbolID": null,
        "halte_id": 478,
        "nama_halte": "Simpang Muradi A",
        "koridor_list": ";K8;F1B;",
        "jumlah_koridor": 2,
        "is_transit": true
      },
      "geometry": {
        "type": "Point",
        "coordinates": [
          110.37967845916937,
          -6.99613201260412
        ]
      }
    },
    {
      "type": "Feature",
      "properties": {
        "OBJECTID": 480,
        "No": 480,
        "Nama_Halte": "Wologoto A",
        "Alias": " ",
        "Jenis_Shel": "Permanen",
        "Latitude__": -6.992907786,
        "Longitude": 110.3776805,
        "SymbolID": null,
        "halte_id": 479,
        "nama_halte": "Wologoto A",
        "koridor_list": ";F1B;",
        "jumlah_koridor": 1,
        "is_transit": false
      },
      "geometry": {
        "type": "Point",
        "coordinates": [
          110.37842980092444,
          -6.992665354866918
        ]
      }
    },
    {
      "type": "Feature",
      "properties": {
        "OBJECTID": 481,
        "No": 481,
        "Nama_Halte": "Sri Widodo B",
        "Alias": " ",
        "Jenis_Shel": "Portable",
        "Latitude__": -6.989286696,
        "Longitude": 110.3671395,
        "SymbolID": null,
        "halte_id": 480,
        "nama_halte": "Sri Widodo B",
        "koridor_list": ";F1B;",
        "jumlah_koridor": 1,
        "is_transit": false
      },
      "geometry": {
        "type": "Point",
        "coordinates": [
          110.36713977443362,
          -6.989286943754578
        ]
      }
    },
    {
      "type": "Feature",
      "properties": {
        "OBJECTID": 482,
        "No": 482,
        "Nama_Halte": "Kawasan Industri B",
        "Alias": " ",
        "Jenis_Shel": "Portable",
        "Latitude__": -6.992784715,
        "Longitude": 110.36811,
        "SymbolID": null,
        "halte_id": 481,
        "nama_halte": "Kawasan Industri B",
        "koridor_list": ";F1B;",
        "jumlah_koridor": 1,
        "is_transit": false
      },
      "geometry": {
        "type": "Point",
        "coordinates": [
          110.36810995494046,
          -6.992784833725278
        ]
      }
    },
    {
      "type": "Feature",
      "properties": {
        "OBJECTID": 483,
        "No": 483,
        "Nama_Halte": "Sri Yatno B",
        "Alias": " ",
        "Jenis_Shel": "Portable",
        "Latitude__": -6.99569807,
        "Longitude": 110.3666916,
        "SymbolID": null,
        "halte_id": 482,
        "nama_halte": "Sri Yatno B",
        "koridor_list": ";F1B;",
        "jumlah_koridor": 1,
        "is_transit": false
      },
      "geometry": {
        "type": "Point",
        "coordinates": [
          110.36685950006498,
          -6.995808351975586
        ]
      }
    },
    {
      "type": "Feature",
      "properties": {
        "OBJECTID": 484,
        "No": 484,
        "Nama_Halte": "Klampisan B",
        "Alias": " ",
        "Jenis_Shel": "Portable",
        "Latitude__": -6.99870891,
        "Longitude": 110.3602818,
        "SymbolID": null,
        "halte_id": 483,
        "nama_halte": "Klampisan B",
        "koridor_list": ";F1B;",
        "jumlah_koridor": 1,
        "is_transit": false
      },
      "geometry": {
        "type": "Point",
        "coordinates": [
          110.36005296515718,
          -6.998794402538183
        ]
      }
    },
    {
      "type": "Feature",
      "properties": {
        "OBJECTID": 485,
        "No": 485,
        "Nama_Halte": "Honggowongso B",
        "Alias": " ",
        "Jenis_Shel": "Portable",
        "Latitude__": -6.997611436,
        "Longitude": 110.3588103,
        "SymbolID": null,
        "halte_id": 484,
        "nama_halte": "Honggowongso B",
        "koridor_list": ";F1B;",
        "jumlah_koridor": 1,
        "is_transit": false
      },
      "geometry": {
        "type": "Point",
        "coordinates": [
          110.35878184903015,
          -6.997711080937837
        ]
      }
    },
    {
      "type": "Feature",
      "properties": {
        "OBJECTID": 486,
        "No": 486,
        "Nama_Halte": "Kampung Semarang A",
        "Alias": "Halte Kampung Semarang A",
        "Jenis_Shel": "Permanen",
        "Latitude__": -6.958684,
        "Longitude": 110.4456445,
        "SymbolID": null,
        "halte_id": 485,
        "nama_halte": "Kampung Semarang A",
        "koridor_list": ";K2;F2A;",
        "jumlah_koridor": 2,
        "is_transit": true
      },
      "geometry": {
        "type": "Point",
        "coordinates": [
          110.44466797671426,
          -6.960414755415409
        ]
      }
    },
    {
      "type": "Feature",
      "properties": {
        "OBJECTID": 487,
        "No": 487,
        "Nama_Halte": "Kali Gawe 1",
        "Alias": "Halte Kaligawe",
        "Jenis_Shel": "Portable",
        "Latitude__": -6.9601291,
        "Longitude": 110.4431149,
        "SymbolID": null,
        "halte_id": 486,
        "nama_halte": "Kali Gawe 1",
        "koridor_list": ";K2;F2A;F2B;",
        "jumlah_koridor": 3,
        "is_transit": true
      },
      "geometry": {
        "type": "Point",
        "coordinates": [
          110.44234852665066,
          -6.960865061074558
        ]
      }
    },
    {
      "type": "Feature",
      "properties": {
        "OBJECTID": 488,
        "No": 488,
        "Nama_Halte": "Pasar Waru 1",
        "Alias": " ",
        "Jenis_Shel": "Portable",
        "Latitude__": -6.965616,
        "Longitude": 110.44473,
        "SymbolID": null,
        "halte_id": 487,
        "nama_halte": "Pasar Waru 1",
        "koridor_list": ";F2A;F2B;",
        "jumlah_koridor": 2,
        "is_transit": true
      },
      "geometry": {
        "type": "Point",
        "coordinates": [
          110.44496801401917,
          -6.965580314970737
        ]
      }
    },
    {
      "type": "Feature",
      "properties": {
        "OBJECTID": 489,
        "No": 489,
        "Nama_Halte": "SMP Muhammadiyah A",
        "Alias": " ",
        "Jenis_Shel": "Portable",
        "Latitude__": -6.973104818,
        "Longitude": 110.4470522,
        "SymbolID": null,
        "halte_id": 488,
        "nama_halte": "SMP Muhammadiyah A",
        "koridor_list": ";F2A;F2B;",
        "jumlah_koridor": 2,
        "is_transit": true
      },
      "geometry": {
        "type": "Point",
        "coordinates": [
          110.44705210547832,
          -6.972947358424722
        ]
      }
    },
    {
      "type": "Feature",
      "properties": {
        "OBJECTID": 490,
        "No": 490,
        "Nama_Halte": "Plewan A",
        "Alias": " ",
        "Jenis_Shel": "Permanen",
        "Latitude__": -6.980583993,
        "Longitude": 110.4490831,
        "SymbolID": null,
        "halte_id": 489,
        "nama_halte": "Plewan A",
        "koridor_list": ";F2A;F2B;",
        "jumlah_koridor": 2,
        "is_transit": true
      },
      "geometry": {
        "type": "Point",
        "coordinates": [
          110.44827291594943,
          -6.980645090634782
        ]
      }
    },
    {
      "type": "Feature",
      "properties": {
        "OBJECTID": 491,
        "No": 491,
        "Nama_Halte": "Ksatrian Gajah B",
        "Alias": " ",
        "Jenis_Shel": "Portable",
        "Latitude__": -6.982916282,
        "Longitude": 110.4486723,
        "SymbolID": null,
        "halte_id": 490,
        "nama_halte": "Ksatrian Gajah B",
        "koridor_list": ";F2A;F2B;",
        "jumlah_koridor": 2,
        "is_transit": true
      },
      "geometry": {
        "type": "Point",
        "coordinates": [
          110.44787047070214,
          -6.982947341561694
        ]
      }
    },
    {
      "type": "Feature",
      "properties": {
        "OBJECTID": 492,
        "No": 492,
        "Nama_Halte": "MAJT A",
        "Alias": " ",
        "Jenis_Shel": "Permanen",
        "Latitude__": -6.985870961,
        "Longitude": 110.4442014,
        "SymbolID": null,
        "halte_id": 491,
        "nama_halte": "MAJT A",
        "koridor_list": ";F2A;F2B;",
        "jumlah_koridor": 2,
        "is_transit": true
      },
      "geometry": {
        "type": "Point",
        "coordinates": [
          110.44420175108182,
          -6.985871059075385
        ]
      }
    },
    {
      "type": "Feature",
      "properties": {
        "OBJECTID": 493,
        "No": 493,
        "Nama_Halte": "Sompok A",
        "Alias": " ",
        "Jenis_Shel": "Permanen",
        "Latitude__": -7.003454837,
        "Longitude": 110.4366872,
        "SymbolID": null,
        "halte_id": 492,
        "nama_halte": "Sompok A",
        "koridor_list": ";F2A;F2B;",
        "jumlah_koridor": 2,
        "is_transit": true
      },
      "geometry": {
        "type": "Point",
        "coordinates": [
          110.43737724986836,
          -7.00244736226942
        ]
      }
    },
    {
      "type": "Feature",
      "properties": {
        "OBJECTID": 494,
        "No": 494,
        "Nama_Halte": "Lampersari (BPKB) A",
        "Alias": " ",
        "Jenis_Shel": "Portable",
        "Latitude__": -7.006230349,
        "Longitude": 110.438535,
        "SymbolID": null,
        "halte_id": 493,
        "nama_halte": "Lampersari (BPKB) A",
        "koridor_list": ";F2A;F2B;",
        "jumlah_koridor": 2,
        "is_transit": true
      },
      "geometry": {
        "type": "Point",
        "coordinates": [
          110.43819292014632,
          -7.005946936841856
        ]
      }
    },
    {
      "type": "Feature",
      "properties": {
        "OBJECTID": 495,
        "No": 495,
        "Nama_Halte": "Kedondong A",
        "Alias": " ",
        "Jenis_Shel": "Permanen",
        "Latitude__": -7.00483446,
        "Longitude": 110.4433553,
        "SymbolID": null,
        "halte_id": 494,
        "nama_halte": "Kedondong A",
        "koridor_list": ";F2A;F2B;",
        "jumlah_koridor": 2,
        "is_transit": true
      },
      "geometry": {
        "type": "Point",
        "coordinates": [
          110.44328367286145,
          -7.004811026852984
        ]
      }
    },
    {
      "type": "Feature",
      "properties": {
        "OBJECTID": 496,
        "No": 496,
        "Nama_Halte": "Aspol Kabluk A",
        "Alias": " ",
        "Jenis_Shel": "Portable",
        "Latitude__": -6.997065063,
        "Longitude": 110.4461236,
        "SymbolID": null,
        "halte_id": 495,
        "nama_halte": "Aspol Kabluk A",
        "koridor_list": ";F2A;F2B;",
        "jumlah_koridor": 2,
        "is_transit": true
      },
      "geometry": {
        "type": "Point",
        "coordinates": [
          110.44558785156522,
          -6.996946958757818
        ]
      }
    },
    {
      "type": "Feature",
      "properties": {
        "OBJECTID": 497,
        "No": 497,
        "Nama_Halte": "PGRI Medoho A",
        "Alias": " ",
        "Jenis_Shel": "Portable",
        "Latitude__": -6.989787401,
        "Longitude": 110.4514451,
        "SymbolID": null,
        "halte_id": 496,
        "nama_halte": "PGRI Medoho A",
        "koridor_list": ";F2A;F2B;",
        "jumlah_koridor": 2,
        "is_transit": true
      },
      "geometry": {
        "type": "Point",
        "coordinates": [
          110.45146912173033,
          -6.989447438896861
        ]
      }
    },
    {
      "type": "Feature",
      "properties": {
        "OBJECTID": 498,
        "No": 498,
        "Nama_Halte": "SD N Kalicari A",
        "Alias": " ",
        "Jenis_Shel": "Portable",
        "Latitude__": -6.991645,
        "Longitude": 110.4577097,
        "SymbolID": null,
        "halte_id": 497,
        "nama_halte": "SD N Kalicari A",
        "koridor_list": ";F2A;F2B;",
        "jumlah_koridor": 2,
        "is_transit": true
      },
      "geometry": {
        "type": "Point",
        "coordinates": [
          110.45808431548258,
          -6.991674749125344
        ]
      }
    },
    {
      "type": "Feature",
      "properties": {
        "OBJECTID": 499,
        "No": 499,
        "Nama_Halte": "SMPN 15 B",
        "Alias": " ",
        "Jenis_Shel": "Portable",
        "Latitude__": -6.995159671,
        "Longitude": 110.4570098,
        "SymbolID": null,
        "halte_id": 498,
        "nama_halte": "SMPN 15 B",
        "koridor_list": ";F2A;F2B;",
        "jumlah_koridor": 2,
        "is_transit": true
      },
      "geometry": {
        "type": "Point",
        "coordinates": [
          110.45727134015044,
          -6.99523681847203
        ]
      }
    },
    {
      "type": "Feature",
      "properties": {
        "OBJECTID": 500,
        "No": 500,
        "Nama_Halte": "SMK Tarcisius A",
        "Alias": " ",
        "Jenis_Shel": "Portable",
        "Latitude__": -7.004707379,
        "Longitude": 110.4547907,
        "SymbolID": null,
        "halte_id": 499,
        "nama_halte": "SMK Tarcisius A",
        "koridor_list": ";K1;F2A;F2B;",
        "jumlah_koridor": 3,
        "is_transit": true
      },
      "geometry": {
        "type": "Point",
        "coordinates": [
          110.45589781608105,
          -7.003739310182176
        ]
      }
    },
    {
      "type": "Feature",
      "properties": {
        "OBJECTID": 501,
        "No": 501,
        "Nama_Halte": "ADA Majapahit A",
        "Alias": "Halte BRT Kauman",
        "Jenis_Shel": "Permanen",
        "Latitude__": -7.007283,
        "Longitude": 110.4592968,
        "SymbolID": null,
        "halte_id": 500,
        "nama_halte": "ADA Majapahit A",
        "koridor_list": ";K1;F2A;F2B;",
        "jumlah_koridor": 3,
        "is_transit": true
      },
      "geometry": {
        "type": "Point",
        "coordinates": [
          110.46017828840988,
          -7.0054886500993
        ]
      }
    },
    {
      "type": "Feature",
      "properties": {
        "OBJECTID": 502,
        "No": 502,
        "Nama_Halte": "Masehi Gemah A",
        "Alias": " ",
        "Jenis_Shel": "Portable",
        "Latitude__": -7.011521497,
        "Longitude": 110.4667611,
        "SymbolID": null,
        "halte_id": 501,
        "nama_halte": "Masehi Gemah A",
        "koridor_list": ";F2A;F2B;",
        "jumlah_koridor": 2,
        "is_transit": true
      },
      "geometry": {
        "type": "Point",
        "coordinates": [
          110.4667611428119,
          -7.011521236790706
        ]
      }
    },
    {
      "type": "Feature",
      "properties": {
        "OBJECTID": 503,
        "No": 503,
        "Nama_Halte": "Amposari A",
        "Alias": " ",
        "Jenis_Shel": "Portable",
        "Latitude__": -7.01882877,
        "Longitude": 110.465732,
        "SymbolID": null,
        "halte_id": 502,
        "nama_halte": "Amposari A",
        "koridor_list": ";F2A;F2B;",
        "jumlah_koridor": 2,
        "is_transit": true
      },
      "geometry": {
        "type": "Point",
        "coordinates": [
          110.46598140514529,
          -7.018778782636654
        ]
      }
    },
    {
      "type": "Feature",
      "properties": {
        "OBJECTID": 504,
        "No": 504,
        "Nama_Halte": "Gemah Sari A",
        "Alias": " ",
        "Jenis_Shel": "Portable",
        "Latitude__": -7.021128,
        "Longitude": 110.4662133,
        "SymbolID": null,
        "halte_id": 503,
        "nama_halte": "Gemah Sari A",
        "koridor_list": ";F2A;F2B;",
        "jumlah_koridor": 2,
        "is_transit": true
      },
      "geometry": {
        "type": "Point",
        "coordinates": [
          110.4662131704886,
          -7.021128099094251
        ]
      }
    },
    {
      "type": "Feature",
      "properties": {
        "OBJECTID": 505,
        "No": 505,
        "Nama_Halte": "SMPN 29 A",
        "Alias": " ",
        "Jenis_Shel": "Portable",
        "Latitude__": -7.023001802,
        "Longitude": 110.4645899,
        "SymbolID": null,
        "halte_id": 504,
        "nama_halte": "SMPN 29 A",
        "koridor_list": ";K5;F2A;F2B;F3;",
        "jumlah_koridor": 4,
        "is_transit": true
      },
      "geometry": {
        "type": "Point",
        "coordinates": [
          110.46517831128126,
          -7.022728480551874
        ]
      }
    },
    {
      "type": "Feature",
      "properties": {
        "OBJECTID": 506,
        "No": 506,
        "Nama_Halte": "Sinar Waluyo A",
        "Alias": " ",
        "Jenis_Shel": "Portable",
        "Latitude__": -7.023426259,
        "Longitude": 110.4685239,
        "SymbolID": null,
        "halte_id": 505,
        "nama_halte": "Sinar Waluyo A",
        "koridor_list": ";F2A;F2B;",
        "jumlah_koridor": 2,
        "is_transit": true
      },
      "geometry": {
        "type": "Point",
        "coordinates": [
          110.46852363739934,
          -7.023426583941952
        ]
      }
    },
    {
      "type": "Feature",
      "properties": {
        "OBJECTID": 507,
        "No": 507,
        "Nama_Halte": "Tegal Kangkung A",
        "Alias": " ",
        "Jenis_Shel": "Portable",
        "Latitude__": -7.022287318,
        "Longitude": 110.4691233,
        "SymbolID": null,
        "halte_id": 506,
        "nama_halte": "Tegal Kangkung A",
        "koridor_list": ";F2A;F2B;",
        "jumlah_koridor": 2,
        "is_transit": true
      },
      "geometry": {
        "type": "Point",
        "coordinates": [
          110.46912371200914,
          -7.022287150281925
        ]
      }
    },
    {
      "type": "Feature",
      "properties": {
        "OBJECTID": 508,
        "No": 508,
        "Nama_Halte": "Pasar Pedurungan A",
        "Alias": " ",
        "Jenis_Shel": "Portable",
        "Latitude__": -7.016628024,
        "Longitude": 110.4720082,
        "SymbolID": null,
        "halte_id": 507,
        "nama_halte": "Pasar Pedurungan A",
        "koridor_list": ";F2A;F2B;",
        "jumlah_koridor": 2,
        "is_transit": true
      },
      "geometry": {
        "type": "Point",
        "coordinates": [
          110.47178003030427,
          -7.016447286077784
        ]
      }
    },
    {
      "type": "Feature",
      "properties": {
        "OBJECTID": 509,
        "No": 509,
        "Nama_Halte": "Syuhada  A",
        "Alias": " ",
        "Jenis_Shel": "Portable",
        "Latitude__": -6.988495456,
        "Longitude": 110.466594,
        "SymbolID": null,
        "halte_id": 508,
        "nama_halte": "Syuhada  A",
        "koridor_list": ";F2A;F2B;",
        "jumlah_koridor": 2,
        "is_transit": true
      },
      "geometry": {
        "type": "Point",
        "coordinates": [
          110.46553045087266,
          -6.995568504147411
        ]
      }
    },
    {
      "type": "Feature",
      "properties": {
        "OBJECTID": 510,
        "No": 510,
        "Nama_Halte": "Bugen A",
        "Alias": " ",
        "Jenis_Shel": "Portable",
        "Latitude__": -6.978568054,
        "Longitude": 110.4693082,
        "SymbolID": null,
        "halte_id": 509,
        "nama_halte": "Bugen A",
        "koridor_list": ";F2A;F2B;",
        "jumlah_koridor": 2,
        "is_transit": true
      },
      "geometry": {
        "type": "Point",
        "coordinates": [
          110.46917850924146,
          -6.978725350663014
        ]
      }
    },
    {
      "type": "Feature",
      "properties": {
        "OBJECTID": 511,
        "No": 511,
        "Nama_Halte": "Krawon A",
        "Alias": " ",
        "Jenis_Shel": "Portable",
        "Latitude__": -6.976022829,
        "Longitude": 110.4672515,
        "SymbolID": null,
        "halte_id": 510,
        "nama_halte": "Krawon A",
        "koridor_list": ";F2A;F2B;",
        "jumlah_koridor": 2,
        "is_transit": true
      },
      "geometry": {
        "type": "Point",
        "coordinates": [
          110.46680875352193,
          -6.976447153903804
        ]
      }
    },
    {
      "type": "Feature",
      "properties": {
        "OBJECTID": 512,
        "No": 512,
        "Nama_Halte": "Bugen Palemon B",
        "Alias": " ",
        "Jenis_Shel": "Portable",
        "Latitude__": -6.97372692,
        "Longitude": 110.4681096,
        "SymbolID": null,
        "halte_id": 511,
        "nama_halte": "Bugen Palemon B",
        "koridor_list": ";F2A;F2B;",
        "jumlah_koridor": 2,
        "is_transit": true
      },
      "geometry": {
        "type": "Point",
        "coordinates": [
          110.46661022584416,
          -6.973946920514861
        ]
      }
    },
    {
      "type": "Feature",
      "properties": {
        "OBJECTID": 513,
        "No": 513,
        "Nama_Halte": "Widuri Baru B",
        "Alias": " ",
        "Jenis_Shel": "Portable",
        "Latitude__": -6.971688664,
        "Longitude": 110.4686469,
        "SymbolID": null,
        "halte_id": 512,
        "nama_halte": "Widuri Baru B",
        "koridor_list": ";F2A;F2B;",
        "jumlah_koridor": 2,
        "is_transit": true
      },
      "geometry": {
        "type": "Point",
        "coordinates": [
          110.46641978300394,
          -6.971946902528966
        ]
      }
    },
    {
      "type": "Feature",
      "properties": {
        "OBJECTID": 514,
        "No": 514,
        "Nama_Halte": "Kel Gebangsari B",
        "Alias": " ",
        "Jenis_Shel": "Portable",
        "Latitude__": -6.969816287,
        "Longitude": 110.4672899,
        "SymbolID": null,
        "halte_id": 513,
        "nama_halte": "Kel Gebangsari B",
        "koridor_list": ";F2A;F2B;",
        "jumlah_koridor": 2,
        "is_transit": true
      },
      "geometry": {
        "type": "Point",
        "coordinates": [
          110.46630479864756,
          -6.969946876005598
        ]
      }
    },
    {
      "type": "Feature",
      "properties": {
        "OBJECTID": 515,
        "No": 515,
        "Nama_Halte": "Simpang Padi Raya B",
        "Alias": " ",
        "Jenis_Shel": "Portable",
        "Latitude__": -6.967624535,
        "Longitude": 110.4658581,
        "SymbolID": null,
        "halte_id": 514,
        "nama_halte": "Simpang Padi Raya B",
        "koridor_list": ";F2A;F2B;",
        "jumlah_koridor": 2,
        "is_transit": true
      },
      "geometry": {
        "type": "Point",
        "coordinates": [
          110.4661781361925,
          -6.967739079348419
        ]
      }
    },
    {
      "type": "Feature",
      "properties": {
        "OBJECTID": 516,
        "No": 516,
        "Nama_Halte": "Pasar Genuk Indah B",
        "Alias": " ",
        "Jenis_Shel": "Portable",
        "Latitude__": -6.965322575,
        "Longitude": 110.4658359,
        "SymbolID": null,
        "halte_id": 515,
        "nama_halte": "Pasar Genuk Indah B",
        "koridor_list": ";F2A;",
        "jumlah_koridor": 1,
        "is_transit": false
      },
      "geometry": {
        "type": "Point",
        "coordinates": [
          110.46583587806926,
          -6.965322617939501
        ]
      }
    },
    {
      "type": "Feature",
      "properties": {
        "OBJECTID": 517,
        "No": 517,
        "Nama_Halte": "SMA 10 B",
        "Alias": " ",
        "Jenis_Shel": "Portable",
        "Latitude__": -6.962795,
        "Longitude": 110.465984,
        "SymbolID": null,
        "halte_id": 516,
        "nama_halte": "SMA 10 B",
        "koridor_list": ";F2A;F2B;",
        "jumlah_koridor": 2,
        "is_transit": true
      },
      "geometry": {
        "type": "Point",
        "coordinates": [
          110.46587450562646,
          -6.962800032949465
        ]
      }
    },
    {
      "type": "Feature",
      "properties": {
        "OBJECTID": 518,
        "No": 518,
        "Nama_Halte": "Pertigaan Syuhada A",
        "Alias": " ",
        "Jenis_Shel": "Portable",
        "Latitude__": -6.984406,
        "Longitude": 110.466515,
        "SymbolID": null,
        "halte_id": 517,
        "nama_halte": "Pertigaan Syuhada A",
        "koridor_list": ";F2A;F2B;",
        "jumlah_koridor": 2,
        "is_transit": true
      },
      "geometry": {
        "type": "Point",
        "coordinates": [
          110.46646469876815,
          -6.994821319417203
        ]
      }
    },
    {
      "type": "Feature",
      "properties": {
        "OBJECTID": 519,
        "No": 519,
        "Nama_Halte": "SMA 10 A",
        "Alias": " ",
        "Jenis_Shel": "Portable",
        "Latitude__": -6.962795,
        "Longitude": 110.465984,
        "SymbolID": null,
        "halte_id": 518,
        "nama_halte": "SMA 10 A",
        "koridor_list": ";F2A;F2B;",
        "jumlah_koridor": 2,
        "is_transit": true
      },
      "geometry": {
        "type": "Point",
        "coordinates": [
          110.46631737506154,
          -6.962794682807838
        ]
      }
    },
    {
      "type": "Feature",
      "properties": {
        "OBJECTID": 520,
        "No": 520,
        "Nama_Halte": "Pasar Genuk Indah A",
        "Alias": " ",
        "Jenis_Shel": "Portable",
        "Latitude__": -6.965336,
        "Longitude": 110.465963,
        "SymbolID": null,
        "halte_id": 519,
        "nama_halte": "Pasar Genuk Indah A",
        "koridor_list": ";F2A;F2B;",
        "jumlah_koridor": 2,
        "is_transit": true
      },
      "geometry": {
        "type": "Point",
        "coordinates": [
          110.46650512295594,
          -6.965297650745551
        ]
      }
    },
    {
      "type": "Feature",
      "properties": {
        "OBJECTID": 521,
        "No": 521,
        "Nama_Halte": "Simpang Padi Raya A",
        "Alias": " ",
        "Jenis_Shel": "Portable",
        "Latitude__": -6.967633,
        "Longitude": 110.465978,
        "SymbolID": null,
        "halte_id": 520,
        "nama_halte": "Simpang Padi Raya A",
        "koridor_list": ";F2A;F2B;",
        "jumlah_koridor": 2,
        "is_transit": true
      },
      "geometry": {
        "type": "Point",
        "coordinates": [
          110.46667849780574,
          -6.967699845388084
        ]
      }
    },
    {
      "type": "Feature",
      "properties": {
        "OBJECTID": 522,
        "No": 522,
        "Nama_Halte": "Kel Gebangsari A",
        "Alias": " ",
        "Jenis_Shel": "Portable",
        "Latitude__": -6.969684,
        "Longitude": 110.467254,
        "SymbolID": null,
        "halte_id": 521,
        "nama_halte": "Kel Gebangsari A",
        "koridor_list": ";F2A;F2B;",
        "jumlah_koridor": 2,
        "is_transit": true
      },
      "geometry": {
        "type": "Point",
        "coordinates": [
          110.46695877217441,
          -6.969731981876681
        ]
      }
    },
    {
      "type": "Feature",
      "properties": {
        "OBJECTID": 523,
        "No": 523,
        "Nama_Halte": "Widuri Baru A",
        "Alias": " ",
        "Jenis_Shel": "Portable",
        "Latitude__": -6.971759,
        "Longitude": 110.468732,
        "SymbolID": null,
        "halte_id": 522,
        "nama_halte": "Widuri Baru A",
        "koridor_list": ";F2A;F2B;",
        "jumlah_koridor": 2,
        "is_transit": true
      },
      "geometry": {
        "type": "Point",
        "coordinates": [
          110.46708543462945,
          -6.971946902528966
        ]
      }
    },
    {
      "type": "Feature",
      "properties": {
        "OBJECTID": 524,
        "No": 524,
        "Nama_Halte": "Bugen Palemon A",
        "Alias": " ",
        "Jenis_Shel": "Portable",
        "Latitude__": -6.973975,
        "Longitude": 110.468116,
        "SymbolID": null,
        "halte_id": 523,
        "nama_halte": "Bugen Palemon A",
        "koridor_list": ";F2A;F2B;",
        "jumlah_koridor": 2,
        "is_transit": true
      },
      "geometry": {
        "type": "Point",
        "coordinates": [
          110.46717885941902,
          -6.973888962021947
        ]
      }
    },
    {
      "type": "Feature",
      "properties": {
        "OBJECTID": 525,
        "No": 525,
        "Nama_Halte": "Krawon B",
        "Alias": " ",
        "Jenis_Shel": "Portable",
        "Latitude__": -6.975853,
        "Longitude": 110.46741,
        "SymbolID": null,
        "halte_id": 524,
        "nama_halte": "Krawon B",
        "koridor_list": ";F2A;F2B;",
        "jumlah_koridor": 2,
        "is_transit": true
      },
      "geometry": {
        "type": "Point",
        "coordinates": [
          110.46740972644703,
          -6.975853305099357
        ]
      }
    },
    {
      "type": "Feature",
      "properties": {
        "OBJECTID": 526,
        "No": 526,
        "Nama_Halte": "Bugen B",
        "Alias": " ",
        "Jenis_Shel": "Portable",
        "Latitude__": -6.978589,
        "Longitude": 110.469514,
        "SymbolID": null,
        "halte_id": 525,
        "nama_halte": "Bugen B",
        "koridor_list": ";F2A;F2B;",
        "jumlah_koridor": 2,
        "is_transit": true
      },
      "geometry": {
        "type": "Point",
        "coordinates": [
          110.4696788708547,
          -6.978341936720182
        ]
      }
    },
    {
      "type": "Feature",
      "properties": {
        "OBJECTID": 527,
        "No": 527,
        "Nama_Halte": "Syuhada B",
        "Alias": " ",
        "Jenis_Shel": "Portable",
        "Latitude__": -6.988315,
        "Longitude": 110.466744,
        "SymbolID": null,
        "halte_id": 526,
        "nama_halte": "Syuhada B",
        "koridor_list": ";F2A;F2B;",
        "jumlah_koridor": 2,
        "is_transit": true
      },
      "geometry": {
        "type": "Point",
        "coordinates": [
          110.46604428721517,
          -6.995632701347684
        ]
      }
    },
    {
      "type": "Feature",
      "properties": {
        "OBJECTID": 528,
        "No": 528,
        "Nama_Halte": "Pasar Pedurungan B",
        "Alias": " ",
        "Jenis_Shel": "Portable",
        "Latitude__": -7.0165544,
        "Longitude": 110.4721466,
        "SymbolID": null,
        "halte_id": 527,
        "nama_halte": "Pasar Pedurungan B",
        "koridor_list": ";F2A;F2B;",
        "jumlah_koridor": 2,
        "is_transit": true
      },
      "geometry": {
        "type": "Point",
        "coordinates": [
          110.47237471502235,
          -7.016649676490535
        ]
      }
    },
    {
      "type": "Feature",
      "properties": {
        "OBJECTID": 529,
        "No": 529,
        "Nama_Halte": "Tegal Kangkung B",
        "Alias": " ",
        "Jenis_Shel": "Portable",
        "Latitude__": -7.0224132,
        "Longitude": 110.4691459,
        "SymbolID": null,
        "halte_id": 528,
        "nama_halte": "Tegal Kangkung B",
        "koridor_list": ";F2A;F2B;",
        "jumlah_koridor": 2,
        "is_transit": true
      },
      "geometry": {
        "type": "Point",
        "coordinates": [
          110.46960251405555,
          -7.022447634064903
        ]
      }
    },
    {
      "type": "Feature",
      "properties": {
        "OBJECTID": 530,
        "No": 530,
        "Nama_Halte": "Sinar Waluyo B",
        "Alias": " ",
        "Jenis_Shel": "Portable",
        "Latitude__": -7.023417,
        "Longitude": 110.468611,
        "SymbolID": null,
        "halte_id": 529,
        "nama_halte": "Sinar Waluyo B",
        "koridor_list": ";F2A;F2B;",
        "jumlah_koridor": 2,
        "is_transit": true
      },
      "geometry": {
        "type": "Point",
        "coordinates": [
          110.46888745508942,
          -7.023559428529708
        ]
      }
    },
    {
      "type": "Feature",
      "properties": {
        "OBJECTID": 531,
        "No": 531,
        "Nama_Halte": "SMPN 29 B",
        "Alias": " ",
        "Jenis_Shel": "Portable",
        "Latitude__": -7.022845,
        "Longitude": 110.464564,
        "SymbolID": null,
        "halte_id": 530,
        "nama_halte": "SMPN 29 B",
        "koridor_list": ";K5;F2A;F2B;F3;",
        "jumlah_koridor": 4,
        "is_transit": true
      },
      "geometry": {
        "type": "Point",
        "coordinates": [
          110.4648495278873,
          -7.022607226216416
        ]
      }
    },
    {
      "type": "Feature",
      "properties": {
        "OBJECTID": 532,
        "No": 532,
        "Nama_Halte": "Gemah Sari B",
        "Alias": " ",
        "Jenis_Shel": "Portable",
        "Latitude__": -7.020185,
        "Longitude": 110.465083,
        "SymbolID": null,
        "halte_id": 531,
        "nama_halte": "Gemah Sari B",
        "koridor_list": ";F2A;F2B;",
        "jumlah_koridor": 2,
        "is_transit": true
      },
      "geometry": {
        "type": "Point",
        "coordinates": [
          110.4657873690439,
          -7.020947108532754
        ]
      }
    },
    {
      "type": "Feature",
      "properties": {
        "OBJECTID": 533,
        "No": 533,
        "Nama_Halte": "Amposari B",
        "Alias": " ",
        "Jenis_Shel": "Portable",
        "Latitude__": -7.018503,
        "Longitude": 110.465751,
        "SymbolID": null,
        "halte_id": 532,
        "nama_halte": "Amposari B",
        "koridor_list": ";F2A;F2B;",
        "jumlah_koridor": 2,
        "is_transit": true
      },
      "geometry": {
        "type": "Point",
        "coordinates": [
          110.46566519816528,
          -7.018447113475434
        ]
      }
    },
    {
      "type": "Feature",
      "properties": {
        "OBJECTID": 534,
        "No": 534,
        "Nama_Halte": "Masehi Gemah B",
        "Alias": " ",
        "Jenis_Shel": "Portable",
        "Latitude__": -7.011521497,
        "Longitude": 110.4667611,
        "SymbolID": null,
        "halte_id": 533,
        "nama_halte": "Masehi Gemah B",
        "koridor_list": ";F2A;F2B;",
        "jumlah_koridor": 2,
        "is_transit": true
      },
      "geometry": {
        "type": "Point",
        "coordinates": [
          110.46631378180042,
          -7.011447234205126
        ]
      }
    },
    {
      "type": "Feature",
      "properties": {
        "OBJECTID": 535,
        "No": 535,
        "Nama_Halte": "Pasar Waru 2",
        "Alias": " ",
        "Jenis_Shel": "Portable",
        "Latitude__": -6.965616,
        "Longitude": 110.44473,
        "SymbolID": null,
        "halte_id": 534,
        "nama_halte": "Pasar Waru 2",
        "koridor_list": ";F2A;F2B;",
        "jumlah_koridor": 2,
        "is_transit": true
      },
      "geometry": {
        "type": "Point",
        "coordinates": [
          110.4444730422976,
          -6.965634707751634
        ]
      }
    },
    {
      "type": "Feature",
      "properties": {
        "OBJECTID": 536,
        "No": 536,
        "Nama_Halte": "SMP Muhammadiyah B",
        "Alias": " ",
        "Jenis_Shel": "Portable",
        "Latitude__": -6.973104818,
        "Longitude": 110.4470522,
        "SymbolID": null,
        "halte_id": 535,
        "nama_halte": "SMP Muhammadiyah B",
        "koridor_list": ";F2A;F2B;",
        "jumlah_koridor": 2,
        "is_transit": true
      },
      "geometry": {
        "type": "Point",
        "coordinates": [
          110.44698563014728,
          -6.973447585571423
        ]
      }
    },
    {
      "type": "Feature",
      "properties": {
        "OBJECTID": 537,
        "No": 537,
        "Nama_Halte": "Plewan B",
        "Alias": " ",
        "Jenis_Shel": "Permanen",
        "Latitude__": -6.980583993,
        "Longitude": 110.4490831,
        "SymbolID": null,
        "halte_id": 536,
        "nama_halte": "Plewan B",
        "koridor_list": ";F2A;F2B;",
        "jumlah_koridor": 2,
        "is_transit": true
      },
      "geometry": {
        "type": "Point",
        "coordinates": [
          110.44793425108732,
          -6.980634390758953
        ]
      }
    },
    {
      "type": "Feature",
      "properties": {
        "OBJECTID": 538,
        "No": 538,
        "Nama_Halte": "Ksatrian Gajah A",
        "Alias": " ",
        "Jenis_Shel": "Portable",
        "Latitude__": -6.982916282,
        "Longitude": 110.4486723,
        "SymbolID": null,
        "halte_id": 537,
        "nama_halte": "Ksatrian Gajah A",
        "koridor_list": ";F2A;F2B;",
        "jumlah_koridor": 2,
        "is_transit": true
      },
      "geometry": {
        "type": "Point",
        "coordinates": [
          110.44833939128044,
          -6.982947341561694
        ]
      }
    },
    {
      "type": "Feature",
      "properties": {
        "OBJECTID": 539,
        "No": 539,
        "Nama_Halte": "MAJT B",
        "Alias": " ",
        "Jenis_Shel": "Permanen",
        "Latitude__": -6.985870961,
        "Longitude": 110.4442014,
        "SymbolID": null,
        "halte_id": 538,
        "nama_halte": "MAJT B",
        "koridor_list": ";F2A;F2B;",
        "jumlah_koridor": 2,
        "is_transit": true
      },
      "geometry": {
        "type": "Point",
        "coordinates": [
          110.4441783948844,
          -6.985222831731215
        ]
      }
    },
    {
      "type": "Feature",
      "properties": {
        "OBJECTID": 540,
        "No": 540,
        "Nama_Halte": "Sompok B",
        "Alias": " ",
        "Jenis_Shel": "Permanen",
        "Latitude__": -7.003454837,
        "Longitude": 110.4366872,
        "SymbolID": null,
        "halte_id": 539,
        "nama_halte": "Sompok B",
        "koridor_list": ";F2A;F2B;",
        "jumlah_koridor": 2,
        "is_transit": true
      },
      "geometry": {
        "type": "Point",
        "coordinates": [
          110.4370583479425,
          -7.002947557848587
        ]
      }
    },
    {
      "type": "Feature",
      "properties": {
        "OBJECTID": 541,
        "No": 541,
        "Nama_Halte": "Lampersari (BPKB) B",
        "Alias": " ",
        "Jenis_Shel": "Portable",
        "Latitude__": -7.006230349,
        "Longitude": 110.438535,
        "SymbolID": null,
        "halte_id": 540,
        "nama_halte": "Lampersari (BPKB) B",
        "koridor_list": ";F2A;F2B;",
        "jumlah_koridor": 2,
        "is_transit": true
      },
      "geometry": {
        "type": "Point",
        "coordinates": [
          110.43853517826957,
          -7.006230468102952
        ]
      }
    },
    {
      "type": "Feature",
      "properties": {
        "OBJECTID": 542,
        "No": 542,
        "Nama_Halte": "Kedondong B",
        "Alias": " ",
        "Jenis_Shel": "Permanen",
        "Latitude__": -7.00483446,
        "Longitude": 110.4433553,
        "SymbolID": null,
        "halte_id": 541,
        "nama_halte": "Kedondong B",
        "koridor_list": ";F2A;F2B;",
        "jumlah_koridor": 2,
        "is_transit": true
      },
      "geometry": {
        "type": "Point",
        "coordinates": [
          110.4434884887462,
          -7.004705816839578
        ]
      }
    },
    {
      "type": "Feature",
      "properties": {
        "OBJECTID": 543,
        "No": 543,
        "Nama_Halte": "Aspol Kabluk B",
        "Alias": " ",
        "Jenis_Shel": "Portable",
        "Latitude__": -6.997065063,
        "Longitude": 110.4461236,
        "SymbolID": null,
        "halte_id": 542,
        "nama_halte": "Aspol Kabluk B",
        "koridor_list": ";F2A;F2B;",
        "jumlah_koridor": 2,
        "is_transit": true
      },
      "geometry": {
        "type": "Point",
        "coordinates": [
          110.44595975409283,
          -6.996946958757818
        ]
      }
    },
    {
      "type": "Feature",
      "properties": {
        "OBJECTID": 544,
        "No": 544,
        "Nama_Halte": "PGRI Medoho B",
        "Alias": " ",
        "Jenis_Shel": "Portable",
        "Latitude__": -6.989787401,
        "Longitude": 110.4514451,
        "SymbolID": null,
        "halte_id": 543,
        "nama_halte": "PGRI Medoho B",
        "koridor_list": ";F2A;F2B;",
        "jumlah_koridor": 2,
        "is_transit": true
      },
      "geometry": {
        "type": "Point",
        "coordinates": [
          110.45143768069539,
          -6.989947648403401
        ]
      }
    },
    {
      "type": "Feature",
      "properties": {
        "OBJECTID": 545,
        "No": 545,
        "Nama_Halte": "SD N Kalicari B",
        "Alias": " ",
        "Jenis_Shel": "Portable",
        "Latitude__": -6.991645,
        "Longitude": 110.4577097,
        "SymbolID": null,
        "halte_id": 544,
        "nama_halte": "SD N Kalicari B",
        "koridor_list": ";F2A;F2B;",
        "jumlah_koridor": 2,
        "is_transit": true
      },
      "geometry": {
        "type": "Point",
        "coordinates": [
          110.45770971800911,
          -6.991645325160297
        ]
      }
    },
    {
      "type": "Feature",
      "properties": {
        "OBJECTID": 546,
        "No": 546,
        "Nama_Halte": "SMK Tarcisius B",
        "Alias": " ",
        "Jenis_Shel": "Portable",
        "Latitude__": -7.004707379,
        "Longitude": 110.4547907,
        "SymbolID": null,
        "halte_id": 545,
        "nama_halte": "SMK Tarcisius B",
        "koridor_list": ";K1;F2A;F2B;",
        "jumlah_koridor": 3,
        "is_transit": true
      },
      "geometry": {
        "type": "Point",
        "coordinates": [
          110.45575408563559,
          -7.004043349853988
        ]
      }
    },
    {
      "type": "Feature",
      "properties": {
        "OBJECTID": 547,
        "No": 547,
        "Nama_Halte": "ADA Majapahit B",
        "Alias": "Halte BRT BCA Majapahit",
        "Jenis_Shel": "Permanen",
        "Latitude__": -7.007652,
        "Longitude": 110.460346,
        "SymbolID": null,
        "halte_id": 546,
        "nama_halte": "ADA Majapahit B",
        "koridor_list": ";K1;F2A;F2B;",
        "jumlah_koridor": 3,
        "is_transit": true
      },
      "geometry": {
        "type": "Point",
        "coordinates": [
          110.46017828840988,
          -7.005906814479663
        ]
      }
    },
    {
      "type": "Feature",
      "properties": {
        "OBJECTID": 548,
        "No": 548,
        "Nama_Halte": "SMA 4 2",
        "Alias": " ",
        "Jenis_Shel": "Portable",
        "Latitude__": -7.073777299,
        "Longitude": 110.4133716,
        "SymbolID": null,
        "halte_id": 547,
        "nama_halte": "SMA 4 2",
        "koridor_list": ";F3;",
        "jumlah_koridor": 1,
        "is_transit": false
      },
      "geometry": {
        "type": "Point",
        "coordinates": [
          110.41336707895441,
          -7.073706880274658
        ]
      }
    },
    {
      "type": "Feature",
      "properties": {
        "OBJECTID": 549,
        "No": 549,
        "Nama_Halte": "SMP Eka Sakti 2",
        "Alias": " ",
        "Jenis_Shel": "Portable",
        "Latitude__": -7.075193976,
        "Longitude": 110.418363,
        "SymbolID": null,
        "halte_id": 548,
        "nama_halte": "SMP Eka Sakti 2",
        "koridor_list": ";F3;",
        "jumlah_koridor": 1,
        "is_transit": false
      },
      "geometry": {
        "type": "Point",
        "coordinates": [
          110.41837698329392,
          -7.075068164877745
        ]
      }
    },
    {
      "type": "Feature",
      "properties": {
        "OBJECTID": 550,
        "No": 550,
        "Nama_Halte": "Pertigaan Grafika 2",
        "Alias": " ",
        "Jenis_Shel": "Portable",
        "Latitude__": -7.075853751,
        "Longitude": 110.4210801,
        "SymbolID": null,
        "halte_id": 549,
        "nama_halte": "Pertigaan Grafika 2",
        "koridor_list": ";F3;",
        "jumlah_koridor": 1,
        "is_transit": false
      },
      "geometry": {
        "type": "Point",
        "coordinates": [
          110.42095155489822,
          -7.075710918033299
        ]
      }
    },
    {
      "type": "Feature",
      "properties": {
        "OBJECTID": 551,
        "No": 551,
        "Nama_Halte": "Hidayatullah 2",
        "Alias": " ",
        "Jenis_Shel": "Portable",
        "Latitude__": -7.073427642,
        "Longitude": 110.4223407,
        "SymbolID": null,
        "halte_id": 550,
        "nama_halte": "Hidayatullah 2",
        "koridor_list": ";F3;",
        "jumlah_koridor": 1,
        "is_transit": false
      },
      "geometry": {
        "type": "Point",
        "coordinates": [
          110.42215529737895,
          -7.07344746016019
        ]
      }
    },
    {
      "type": "Feature",
      "properties": {
        "OBJECTID": 552,
        "No": 552,
        "Nama_Halte": "Masjid Raya 2",
        "Alias": " ",
        "Jenis_Shel": "Portable",
        "Latitude__": -7.070772371,
        "Longitude": 110.423911,
        "SymbolID": null,
        "halte_id": 551,
        "nama_halte": "Masjid Raya 2",
        "koridor_list": ";F3;",
        "jumlah_koridor": 1,
        "is_transit": false
      },
      "geometry": {
        "type": "Point",
        "coordinates": [
          110.4236788401008,
          -7.070900499613533
        ]
      }
    },
    {
      "type": "Feature",
      "properties": {
        "OBJECTID": 553,
        "No": 553,
        "Nama_Halte": "Sarinah 2",
        "Alias": " ",
        "Jenis_Shel": "Portable",
        "Latitude__": -7.07002786,
        "Longitude": 110.421673,
        "SymbolID": null,
        "halte_id": 552,
        "nama_halte": "Sarinah 2",
        "koridor_list": ";F3;",
        "jumlah_koridor": 1,
        "is_transit": false
      },
      "geometry": {
        "type": "Point",
        "coordinates": [
          110.42167829196308,
          -7.070341539294232
        ]
      }
    },
    {
      "type": "Feature",
      "properties": {
        "OBJECTID": 554,
        "No": 554,
        "Nama_Halte": "Kantor Pos Banyumanik 2",
        "Alias": " ",
        "Jenis_Shel": "Portable",
        "Latitude__": -7.069760018,
        "Longitude": 110.4187806,
        "SymbolID": null,
        "halte_id": 553,
        "nama_halte": "Kantor Pos Banyumanik 2",
        "koridor_list": ";F3;",
        "jumlah_koridor": 1,
        "is_transit": false
      },
      "geometry": {
        "type": "Point",
        "coordinates": [
          110.41878032685649,
          -7.069947503064607
        ]
      }
    },
    {
      "type": "Feature",
      "properties": {
        "OBJECTID": 555,
        "No": 555,
        "Nama_Halte": "Kimsus Polda 2",
        "Alias": " ",
        "Jenis_Shel": "Portable",
        "Latitude__": -7.065750573,
        "Longitude": 110.416533,
        "SymbolID": null,
        "halte_id": 554,
        "nama_halte": "Kimsus Polda 2",
        "koridor_list": ";F3;",
        "jumlah_koridor": 1,
        "is_transit": false
      },
      "geometry": {
        "type": "Point",
        "coordinates": [
          110.41659023419383,
          -7.065947392274
        ]
      }
    },
    {
      "type": "Feature",
      "properties": {
        "OBJECTID": 556,
        "No": 556,
        "Nama_Halte": "SMP 12 2",
        "Alias": " ",
        "Jenis_Shel": "Portable",
        "Latitude__": -7.064128319,
        "Longitude": 110.4166299,
        "SymbolID": null,
        "halte_id": 555,
        "nama_halte": "SMP 12 2",
        "koridor_list": ";F3;",
        "jumlah_koridor": 1,
        "is_transit": false
      },
      "geometry": {
        "type": "Point",
        "coordinates": [
          110.41659382745496,
          -7.063946878147988
        ]
      }
    },
    {
      "type": "Feature",
      "properties": {
        "OBJECTID": 557,
        "No": 557,
        "Nama_Halte": "Villa Durian 2",
        "Alias": " ",
        "Jenis_Shel": "Portable",
        "Latitude__": -7.061646375,
        "Longitude": 110.4182107,
        "SymbolID": null,
        "halte_id": 556,
        "nama_halte": "Villa Durian 2",
        "koridor_list": ";F3;",
        "jumlah_koridor": 1,
        "is_transit": false
      },
      "geometry": {
        "type": "Point",
        "coordinates": [
          110.4180967089253,
          -7.061696735160758
        ]
      }
    },
    {
      "type": "Feature",
      "properties": {
        "OBJECTID": 558,
        "No": 558,
        "Nama_Halte": "Bina Marga 2",
        "Alias": " ",
        "Jenis_Shel": "Portable",
        "Latitude__": -7.062122568,
        "Longitude": 110.4202983,
        "SymbolID": null,
        "halte_id": 557,
        "nama_halte": "Bina Marga 2",
        "koridor_list": ";F3;",
        "jumlah_koridor": 1,
        "is_transit": false
      },
      "geometry": {
        "type": "Point",
        "coordinates": [
          110.42028410664211,
          -7.062447378372681
        ]
      }
    },
    {
      "type": "Feature",
      "properties": {
        "OBJECTID": 559,
        "No": 559,
        "Nama_Halte": "Taman Tirto Agung 2",
        "Alias": " ",
        "Jenis_Shel": "Portable",
        "Latitude__": -7.064487424,
        "Longitude": 110.4269291,
        "SymbolID": null,
        "halte_id": 558,
        "nama_halte": "Taman Tirto Agung 2",
        "koridor_list": ";F3;",
        "jumlah_koridor": 1,
        "is_transit": false
      },
      "geometry": {
        "type": "Point",
        "coordinates": [
          110.42675467163365,
          -7.064646702478664
        ]
      }
    },
    {
      "type": "Feature",
      "properties": {
        "OBJECTID": 560,
        "No": 560,
        "Nama_Halte": "SDN Pedalangan 2",
        "Alias": " ",
        "Jenis_Shel": "Portable",
        "Latitude__": -7.065003527,
        "Longitude": 110.4285795,
        "SymbolID": null,
        "halte_id": 559,
        "nama_halte": "SDN Pedalangan 2",
        "koridor_list": ";F3;",
        "jumlah_koridor": 1,
        "is_transit": false
      },
      "geometry": {
        "type": "Point",
        "coordinates": [
          110.42835097789353,
          -7.065248461406385
        ]
      }
    },
    {
      "type": "Feature",
      "properties": {
        "OBJECTID": 561,
        "No": 561,
        "Nama_Halte": "Kelurahan Kramas",
        "Alias": " ",
        "Jenis_Shel": "Portable",
        "Latitude__": -7.068490559,
        "Longitude": 110.4360532,
        "SymbolID": null,
        "halte_id": 560,
        "nama_halte": "Kelurahan Kramas",
        "koridor_list": ";F3;",
        "jumlah_koridor": 1,
        "is_transit": false
      },
      "geometry": {
        "type": "Point",
        "coordinates": [
          110.43617889727932,
          -7.068011193451064
        ]
      }
    },
    {
      "type": "Feature",
      "properties": {
        "OBJECTID": 562,
        "No": 562,
        "Nama_Halte": "Gondang Raya 2",
        "Alias": " ",
        "Jenis_Shel": "Portable",
        "Latitude__": -7.065292111,
        "Longitude": 110.4381344,
        "SymbolID": null,
        "halte_id": 561,
        "nama_halte": "Gondang Raya 2",
        "koridor_list": ";F3;",
        "jumlah_koridor": 1,
        "is_transit": false
      },
      "geometry": {
        "type": "Point",
        "coordinates": [
          110.43767818548854,
          -7.065092449907744
        ]
      }
    },
    {
      "type": "Feature",
      "properties": {
        "OBJECTID": 563,
        "No": 563,
        "Nama_Halte": "UNPAND 1",
        "Alias": " ",
        "Jenis_Shel": "Portable",
        "Latitude__": -7.058762834,
        "Longitude": 110.4352322,
        "SymbolID": null,
        "halte_id": 562,
        "nama_halte": "UNPAND 1",
        "koridor_list": ";F3;",
        "jumlah_koridor": 1,
        "is_transit": false
      },
      "geometry": {
        "type": "Point",
        "coordinates": [
          110.43546204168258,
          -7.058665621914507
        ]
      }
    },
    {
      "type": "Feature",
      "properties": {
        "OBJECTID": 564,
        "No": 564,
        "Nama_Halte": "SPBU Undip",
        "Alias": " ",
        "Jenis_Shel": "Portable",
        "Latitude__": -7.054292172,
        "Longitude": 110.4327591,
        "SymbolID": null,
        "halte_id": 563,
        "nama_halte": "SPBU Undip",
        "koridor_list": ";K6;F3;",
        "jumlah_koridor": 2,
        "is_transit": true
      },
      "geometry": {
        "type": "Point",
        "coordinates": [
          110.432674569356,
          -7.05475456498554
        ]
      }
    },
    {
      "type": "Feature",
      "properties": {
        "OBJECTID": 565,
        "No": 565,
        "Nama_Halte": "SD Pedalangan",
        "Alias": " ",
        "Jenis_Shel": "Portable",
        "Latitude__": -7.058101982,
        "Longitude": 110.4346858,
        "SymbolID": null,
        "halte_id": 564,
        "nama_halte": "SD Pedalangan",
        "koridor_list": ";F3;",
        "jumlah_koridor": 1,
        "is_transit": false
      },
      "geometry": {
        "type": "Point",
        "coordinates": [
          110.43465715118805,
          -7.057947066862614
        ]
      }
    },
    {
      "type": "Feature",
      "properties": {
        "OBJECTID": 566,
        "No": 566,
        "Nama_Halte": "Banjarsari 2",
        "Alias": " ",
        "Jenis_Shel": "Portable",
        "Latitude__": -7.059364362,
        "Longitude": 110.4382561,
        "SymbolID": null,
        "halte_id": 565,
        "nama_halte": "Banjarsari 2",
        "koridor_list": ";F3;",
        "jumlah_koridor": 1,
        "is_transit": false
      },
      "geometry": {
        "type": "Point",
        "coordinates": [
          110.43817854710178,
          -7.059230836890842
        ]
      }
    },
    {
      "type": "Feature",
      "properties": {
        "OBJECTID": 567,
        "No": 567,
        "Nama_Halte": "JNT Bulusan 2",
        "Alias": " ",
        "Jenis_Shel": "Portable",
        "Latitude__": -7.060646462,
        "Longitude": 110.4454115,
        "SymbolID": null,
        "halte_id": 566,
        "nama_halte": "JNT Bulusan 2",
        "koridor_list": ";F3;",
        "jumlah_koridor": 1,
        "is_transit": false
      },
      "geometry": {
        "type": "Point",
        "coordinates": [
          110.44510545625761,
          -7.059909272251936
        ]
      }
    },
    {
      "type": "Feature",
      "properties": {
        "OBJECTID": 568,
        "No": 568,
        "Nama_Halte": "Kecamatan Tembalang 2",
        "Alias": " ",
        "Jenis_Shel": "Portable",
        "Latitude__": -7.060495706,
        "Longitude": 110.4473249,
        "SymbolID": null,
        "halte_id": 567,
        "nama_halte": "Kecamatan Tembalang 2",
        "koridor_list": ";F3;",
        "jumlah_koridor": 1,
        "is_transit": false
      },
      "geometry": {
        "type": "Point",
        "coordinates": [
          110.4472515314714,
          -7.06010986070296
        ]
      }
    },
    {
      "type": "Feature",
      "properties": {
        "OBJECTID": 569,
        "No": 569,
        "Nama_Halte": "SDN 1 Meteseh 1",
        "Alias": " ",
        "Jenis_Shel": "Portable",
        "Latitude__": -7.058588297,
        "Longitude": 110.4634656,
        "SymbolID": null,
        "halte_id": 568,
        "nama_halte": "SDN 1 Meteseh 1",
        "koridor_list": ";F3;",
        "jumlah_koridor": 1,
        "is_transit": false
      },
      "geometry": {
        "type": "Point",
        "coordinates": [
          110.46346522403445,
          -7.058588060814991
        ]
      }
    },
    {
      "type": "Feature",
      "properties": {
        "OBJECTID": 570,
        "No": 570,
        "Nama_Halte": "Ngumpulsari 2",
        "Alias": " ",
        "Jenis_Shel": "Portable",
        "Latitude__": -7.054599279,
        "Longitude": 110.4639608,
        "SymbolID": null,
        "halte_id": 569,
        "nama_halte": "Ngumpulsari 2",
        "koridor_list": ";F3;",
        "jumlah_koridor": 1,
        "is_transit": false
      },
      "geometry": {
        "type": "Point",
        "coordinates": [
          110.46396109407128,
          -7.054599441462705
        ]
      }
    },
    {
      "type": "Feature",
      "properties": {
        "OBJECTID": 571,
        "No": 571,
        "Nama_Halte": "SMPN 33 2",
        "Alias": " ",
        "Jenis_Shel": "Portable",
        "Latitude__": -7.046398756,
        "Longitude": 110.463003,
        "SymbolID": null,
        "halte_id": 570,
        "nama_halte": "SMPN 33 2",
        "koridor_list": "",
        "jumlah_koridor": 0,
        "is_transit": false
      },
      "geometry": {
        "type": "Point",
        "coordinates": [
          110.46267829984559,
          -7.04655345187608
        ]
      }
    },
    {
      "type": "Feature",
      "properties": {
        "OBJECTID": 572,
        "No": 572,
        "Nama_Halte": "Kelurahan Mangunharjo 2",
        "Alias": " ",
        "Jenis_Shel": "Portable",
        "Latitude__": -7.045007799,
        "Longitude": 110.4607329,
        "SymbolID": null,
        "halte_id": 571,
        "nama_halte": "Kelurahan Mangunharjo 2",
        "koridor_list": "",
        "jumlah_koridor": 0,
        "is_transit": false
      },
      "geometry": {
        "type": "Point",
        "coordinates": [
          110.46167847493435,
          -7.044472615876533
        ]
      }
    },
    {
      "type": "Feature",
      "properties": {
        "OBJECTID": 573,
        "No": 573,
        "Nama_Halte": "Bukit 2",
        "Alias": " ",
        "Jenis_Shel": "Portable",
        "Latitude__": -7.039122415,
        "Longitude": 110.4589474,
        "SymbolID": null,
        "halte_id": 572,
        "nama_halte": "Bukit 2",
        "koridor_list": ";F3;",
        "jumlah_koridor": 1,
        "is_transit": false
      },
      "geometry": {
        "type": "Point",
        "coordinates": [
          110.45942819514762,
          -7.038586670173554
        ]
      }
    },
    {
      "type": "Feature",
      "properties": {
        "OBJECTID": 574,
        "No": 574,
        "Nama_Halte": "Stikes 2",
        "Alias": " ",
        "Jenis_Shel": "Portable",
        "Latitude__": -7.030755044,
        "Longitude": 110.4586533,
        "SymbolID": null,
        "halte_id": 573,
        "nama_halte": "Stikes 2",
        "koridor_list": ";F3;",
        "jumlah_koridor": 1,
        "is_transit": false
      },
      "geometry": {
        "type": "Point",
        "coordinates": [
          110.45838075952634,
          -7.03065987192803
        ]
      }
    },
    {
      "type": "Feature",
      "properties": {
        "OBJECTID": 575,
        "No": 575,
        "Nama_Halte": "Puskesmas Sambiroto 2",
        "Alias": " ",
        "Jenis_Shel": "Portable",
        "Latitude__": -7.025988377,
        "Longitude": 110.4595346,
        "SymbolID": null,
        "halte_id": 574,
        "nama_halte": "Puskesmas Sambiroto 2",
        "koridor_list": ";F3;",
        "jumlah_koridor": 1,
        "is_transit": false
      },
      "geometry": {
        "type": "Point",
        "coordinates": [
          110.45967882511188,
          -7.0260478057066
        ]
      }
    },
    {
      "type": "Feature",
      "properties": {
        "OBJECTID": 576,
        "No": 576,
        "Nama_Halte": "Klipang Golf 1",
        "Alias": " ",
        "Jenis_Shel": "Portable",
        "Latitude__": -7.040071011,
        "Longitude": 110.4795033,
        "SymbolID": null,
        "halte_id": 575,
        "nama_halte": "Klipang Golf 1",
        "koridor_list": ";F3;",
        "jumlah_koridor": 1,
        "is_transit": false
      },
      "geometry": {
        "type": "Point",
        "coordinates": [
          110.47954955919661,
          -7.040068416340792
        ]
      }
    },
    {
      "type": "Feature",
      "properties": {
        "OBJECTID": 577,
        "No": 577,
        "Nama_Halte": "SMP 42 1",
        "Alias": " ",
        "Jenis_Shel": "Portable",
        "Latitude__": -7.042769191,
        "Longitude": 110.4793256,
        "SymbolID": null,
        "halte_id": 576,
        "nama_halte": "SMP 42 1",
        "koridor_list": ";F3;",
        "jumlah_koridor": 1,
        "is_transit": false
      },
      "geometry": {
        "type": "Point",
        "coordinates": [
          110.47938426918435,
          -7.042860719360243
        ]
      }
    },
    {
      "type": "Feature",
      "properties": {
        "OBJECTID": 578,
        "No": 578,
        "Nama_Halte": "SMP 42 2",
        "Alias": " ",
        "Jenis_Shel": "Portable",
        "Latitude__": -7.042798824,
        "Longitude": 110.4791569,
        "SymbolID": null,
        "halte_id": 577,
        "nama_halte": "SMP 42 2",
        "koridor_list": ";F3;",
        "jumlah_koridor": 1,
        "is_transit": false
      },
      "geometry": {
        "type": "Point",
        "coordinates": [
          110.47909411334757,
          -7.042815250959105
        ]
      }
    },
    {
      "type": "Feature",
      "properties": {
        "OBJECTID": 579,
        "No": 579,
        "Nama_Halte": "Klipang Golf 2",
        "Alias": " ",
        "Jenis_Shel": "Portable",
        "Latitude__": -7.039817345,
        "Longitude": 110.4794009,
        "SymbolID": null,
        "halte_id": 578,
        "nama_halte": "Klipang Golf 2",
        "koridor_list": ";F3;",
        "jumlah_koridor": 1,
        "is_transit": false
      },
      "geometry": {
        "type": "Point",
        "coordinates": [
          110.4793079123852,
          -7.039844639094203
        ]
      }
    },
    {
      "type": "Feature",
      "properties": {
        "OBJECTID": 580,
        "No": 580,
        "Nama_Halte": "Pucang Gading 2",
        "Alias": " ",
        "Jenis_Shel": "Portable",
        "Latitude__": -7.031565066,
        "Longitude": 110.4873566,
        "SymbolID": null,
        "halte_id": 579,
        "nama_halte": "Pucang Gading 2",
        "koridor_list": ";F3;",
        "jumlah_koridor": 1,
        "is_transit": false
      },
      "geometry": {
        "type": "Point",
        "coordinates": [
          110.48671452190275,
          -7.031447119330535
        ]
      }
    },
    {
      "type": "Feature",
      "properties": {
        "OBJECTID": 581,
        "No": 581,
        "Nama_Halte": "Rusun Plamongan 2",
        "Alias": " ",
        "Jenis_Shel": "Portable",
        "Latitude__": -7.024376296,
        "Longitude": 110.4882147,
        "SymbolID": null,
        "halte_id": 580,
        "nama_halte": "Rusun Plamongan 2",
        "koridor_list": ";F3;",
        "jumlah_koridor": 1,
        "is_transit": false
      },
      "geometry": {
        "type": "Point",
        "coordinates": [
          110.48817877581588,
          -7.024298543026256
        ]
      }
    },
    {
      "type": "Feature",
      "properties": {
        "OBJECTID": 582,
        "No": 582,
        "Nama_Halte": "Masjid Darussalam",
        "Alias": " ",
        "Jenis_Shel": "Portable",
        "Latitude__": -7.025803487,
        "Longitude": 110.4974036,
        "SymbolID": null,
        "halte_id": 581,
        "nama_halte": "Masjid Darussalam",
        "koridor_list": ";F3;",
        "jumlah_koridor": 1,
        "is_transit": false
      },
      "geometry": {
        "type": "Point",
        "coordinates": [
          110.49746915248424,
          -7.025809756584994
        ]
      }
    },
    {
      "type": "Feature",
      "properties": {
        "OBJECTID": 583,
        "No": 583,
        "Nama_Halte": "SDN Pelamongan Sari 1",
        "Alias": "SDN Plamongan Sari 01",
        "Jenis_Shel": " Portable",
        "Latitude__": -7.018342,
        "Longitude": 110.4881493,
        "SymbolID": null,
        "halte_id": 582,
        "nama_halte": "SDN Pelamongan Sari 1",
        "koridor_list": ";K1;F3;",
        "jumlah_koridor": 2,
        "is_transit": true
      },
      "geometry": {
        "type": "Point",
        "coordinates": [
          110.49040120782878,
          -7.018404317437406
        ]
      }
    },
    {
      "type": "Feature",
      "properties": {
        "OBJECTID": 584,
        "No": 584,
        "Nama_Halte": "Rusun Plamongan 1",
        "Alias": " ",
        "Jenis_Shel": "Portable",
        "Latitude__": -7.024602344,
        "Longitude": 110.4884089,
        "SymbolID": null,
        "halte_id": 583,
        "nama_halte": "Rusun Plamongan 1",
        "koridor_list": ";F3;",
        "jumlah_koridor": 1,
        "is_transit": false
      },
      "geometry": {
        "type": "Point",
        "coordinates": [
          110.48840874452858,
          -7.02460256927553
        ]
      }
    },
    {
      "type": "Feature",
      "properties": {
        "OBJECTID": 585,
        "No": 585,
        "Nama_Halte": "Pucang Gading 1",
        "Alias": " ",
        "Jenis_Shel": "Portable",
        "Latitude__": -7.031497644,
        "Longitude": 110.4876408,
        "SymbolID": null,
        "halte_id": 584,
        "nama_halte": "Pucang Gading 1",
        "koridor_list": ";F3;",
        "jumlah_koridor": 1,
        "is_transit": false
      },
      "geometry": {
        "type": "Point",
        "coordinates": [
          110.48708372948452,
          -7.031447119330535
        ]
      }
    },
    {
      "type": "Feature",
      "properties": {
        "OBJECTID": 586,
        "No": 586,
        "Nama_Halte": "Bunderan Klipang",
        "Alias": " ",
        "Jenis_Shel": "Portable",
        "Latitude__": -7.036126477,
        "Longitude": 110.471685,
        "SymbolID": null,
        "halte_id": 585,
        "nama_halte": "Bunderan Klipang",
        "koridor_list": ";F3;",
        "jumlah_koridor": 1,
        "is_transit": false
      },
      "geometry": {
        "type": "Point",
        "coordinates": [
          110.47167852067716,
          -7.037004174306891
        ]
      }
    },
    {
      "type": "Feature",
      "properties": {
        "OBJECTID": 587,
        "No": 587,
        "Nama_Halte": "Puskesmas Sambiroto 1",
        "Alias": " ",
        "Jenis_Shel": "Portable",
        "Latitude__": -7.026127784,
        "Longitude": 110.4596971,
        "SymbolID": null,
        "halte_id": 586,
        "nama_halte": "Puskesmas Sambiroto 1",
        "koridor_list": ";F3;",
        "jumlah_koridor": 1,
        "is_transit": false
      },
      "geometry": {
        "type": "Point",
        "coordinates": [
          110.4600067101906,
          -7.02624662566607
        ]
      }
    },
    {
      "type": "Feature",
      "properties": {
        "OBJECTID": 588,
        "No": 588,
        "Nama_Halte": "Stikes 1",
        "Alias": " ",
        "Jenis_Shel": "Portable",
        "Latitude__": -7.030910253,
        "Longitude": 110.4588116,
        "SymbolID": null,
        "halte_id": 587,
        "nama_halte": "Stikes 1",
        "koridor_list": ";F3;",
        "jumlah_koridor": 1,
        "is_transit": false
      },
      "geometry": {
        "type": "Point",
        "coordinates": [
          110.45881195086271,
          -7.030910400408101
        ]
      }
    },
    {
      "type": "Feature",
      "properties": {
        "OBJECTID": 589,
        "No": 589,
        "Nama_Halte": "Bukit 1",
        "Alias": " ",
        "Jenis_Shel": "Portable",
        "Latitude__": -7.038972278,
        "Longitude": 110.4591238,
        "SymbolID": null,
        "halte_id": 588,
        "nama_halte": "Bukit 1",
        "koridor_list": ";F3;",
        "jumlah_koridor": 1,
        "is_transit": false
      },
      "geometry": {
        "type": "Point",
        "coordinates": [
          110.45983782691718,
          -7.038282653076498
        ]
      }
    },
    {
      "type": "Feature",
      "properties": {
        "OBJECTID": 590,
        "No": 590,
        "Nama_Halte": "Kelurahan Mangunharjo 1",
        "Alias": " ",
        "Jenis_Shel": "Portable",
        "Latitude__": -7.045007854,
        "Longitude": 110.4609101,
        "SymbolID": null,
        "halte_id": 589,
        "nama_halte": "Kelurahan Mangunharjo 1",
        "koridor_list": ";F3;",
        "jumlah_koridor": 1,
        "is_transit": false
      },
      "geometry": {
        "type": "Point",
        "coordinates": [
          110.46249234858175,
          -7.043947501974113
        ]
      }
    },
    {
      "type": "Feature",
      "properties": {
        "OBJECTID": 591,
        "No": 591,
        "Nama_Halte": "SMPN 33 1",
        "Alias": " ",
        "Jenis_Shel": "Portable",
        "Latitude__": -7.046235028,
        "Longitude": 110.4631355,
        "SymbolID": null,
        "halte_id": 590,
        "nama_halte": "SMPN 33 1",
        "koridor_list": ";F3;",
        "jumlah_koridor": 1,
        "is_transit": false
      },
      "geometry": {
        "type": "Point",
        "coordinates": [
          110.4634688172956,
          -7.045947210989496
        ]
      }
    },
    {
      "type": "Feature",
      "properties": {
        "OBJECTID": 592,
        "No": 592,
        "Nama_Halte": "Ngumpulsari 1",
        "Alias": " ",
        "Jenis_Shel": "Portable",
        "Latitude__": -7.05464833,
        "Longitude": 110.4640503,
        "SymbolID": null,
        "halte_id": 591,
        "nama_halte": "Ngumpulsari 1",
        "koridor_list": ";F3;",
        "jumlah_koridor": 1,
        "is_transit": false
      },
      "geometry": {
        "type": "Point",
        "coordinates": [
          110.46443091296489,
          -7.054743866813195
        ]
      }
    },
    {
      "type": "Feature",
      "properties": {
        "OBJECTID": 593,
        "No": 593,
        "Nama_Halte": "SDN 1 Meteseh 2",
        "Alias": " ",
        "Jenis_Shel": "Portable",
        "Latitude__": -7.058619345,
        "Longitude": 110.4624564,
        "SymbolID": null,
        "halte_id": 592,
        "nama_halte": "SDN 1 Meteseh 2",
        "koridor_list": ";F3;",
        "jumlah_koridor": 1,
        "is_transit": false
      },
      "geometry": {
        "type": "Point",
        "coordinates": [
          110.46237466927955,
          -7.05844720269295
        ]
      }
    },
    {
      "type": "Feature",
      "properties": {
        "OBJECTID": 594,
        "No": 594,
        "Nama_Halte": "Kecamatan Tembalang 1",
        "Alias": " ",
        "Jenis_Shel": "Portable",
        "Latitude__": -7.060671676,
        "Longitude": 110.4471832,
        "SymbolID": null,
        "halte_id": 593,
        "nama_halte": "Kecamatan Tembalang 1",
        "koridor_list": ";F3;",
        "jumlah_koridor": 1,
        "is_transit": false
      },
      "geometry": {
        "type": "Point",
        "coordinates": [
          110.44717876793337,
          -7.060463787668865
        ]
      }
    },
    {
      "type": "Feature",
      "properties": {
        "OBJECTID": 595,
        "No": 595,
        "Nama_Halte": "JNT Bulusan 1",
        "Alias": " ",
        "Jenis_Shel": "Portable",
        "Latitude__": -7.060784323,
        "Longitude": 110.4454309,
        "SymbolID": null,
        "halte_id": 594,
        "nama_halte": "JNT Bulusan 1",
        "koridor_list": ";F3;",
        "jumlah_koridor": 1,
        "is_transit": false
      },
      "geometry": {
        "type": "Point",
        "coordinates": [
          110.44543693459748,
          -7.060290835986367
        ]
      }
    },
    {
      "type": "Feature",
      "properties": {
        "OBJECTID": 596,
        "No": 596,
        "Nama_Halte": "Banjarsari 1",
        "Alias": " ",
        "Jenis_Shel": "Portable",
        "Latitude__": -7.059481925,
        "Longitude": 110.438124,
        "SymbolID": null,
        "halte_id": 595,
        "nama_halte": "Banjarsari 1",
        "koridor_list": ";F3;",
        "jumlah_koridor": 1,
        "is_transit": false
      },
      "geometry": {
        "type": "Point",
        "coordinates": [
          110.43804649475503,
          -7.059565151417807
        ]
      }
    },
    {
      "type": "Feature",
      "properties": {
        "OBJECTID": 597,
        "No": 597,
        "Nama_Halte": "Gondang Raya 1",
        "Alias": " ",
        "Jenis_Shel": "Portable",
        "Latitude__": -7.065175081,
        "Longitude": 110.4383081,
        "SymbolID": null,
        "halte_id": 596,
        "nama_halte": "Gondang Raya 1",
        "koridor_list": ";F3;",
        "jumlah_koridor": 1,
        "is_transit": false
      },
      "geometry": {
        "type": "Point",
        "coordinates": [
          110.43806535937597,
          -7.065211018651519
        ]
      }
    },
    {
      "type": "Feature",
      "properties": {
        "OBJECTID": 598,
        "No": 598,
        "Nama_Halte": "SDN Pedalagan 1",
        "Alias": " ",
        "Jenis_Shel": "Portable",
        "Latitude__": -7.065124665,
        "Longitude": 110.4285036,
        "SymbolID": null,
        "halte_id": 597,
        "nama_halte": "SDN Pedalagan 1",
        "koridor_list": ";F3;",
        "jumlah_koridor": 1,
        "is_transit": false
      },
      "geometry": {
        "type": "Point",
        "coordinates": [
          110.42803926248993,
          -7.065624671775105
        ]
      }
    },
    {
      "type": "Feature",
      "properties": {
        "OBJECTID": 599,
        "No": 599,
        "Nama_Halte": "Taman Tirto Agung 1",
        "Alias": " ",
        "Jenis_Shel": "Portable",
        "Latitude__": -7.06466949,
        "Longitude": 110.4266824,
        "SymbolID": null,
        "halte_id": 598,
        "nama_halte": "Taman Tirto Agung 1",
        "koridor_list": ";F3;",
        "jumlah_koridor": 1,
        "is_transit": false
      },
      "geometry": {
        "type": "Point",
        "coordinates": [
          110.4265256012362,
          -7.065069271052045
        ]
      }
    },
    {
      "type": "Feature",
      "properties": {
        "OBJECTID": 600,
        "No": 600,
        "Nama_Halte": "Bina Marga 1",
        "Alias": " ",
        "Jenis_Shel": "Portable",
        "Latitude__": -7.062320748,
        "Longitude": 110.420275,
        "SymbolID": null,
        "halte_id": 599,
        "nama_halte": "Bina Marga 1",
        "koridor_list": ";F3;",
        "jumlah_koridor": 1,
        "is_transit": false
      },
      "geometry": {
        "type": "Point",
        "coordinates": [
          110.42006761265864,
          -7.062755837106588
        ]
      }
    },
    {
      "type": "Feature",
      "properties": {
        "OBJECTID": 601,
        "No": 601,
        "Nama_Halte": "Villa Durian 1",
        "Alias": " ",
        "Jenis_Shel": "Portable",
        "Latitude__": -7.061780334,
        "Longitude": 110.4180273,
        "SymbolID": null,
        "halte_id": 600,
        "nama_halte": "Villa Durian 1",
        "koridor_list": ";F3;",
        "jumlah_koridor": 1,
        "is_transit": false
      },
      "geometry": {
        "type": "Point",
        "coordinates": [
          110.4179772329925,
          -7.061947246866914
        ]
      }
    },
    {
      "type": "Feature",
      "properties": {
        "OBJECTID": 602,
        "No": 602,
        "Nama_Halte": "SMP 12 1",
        "Alias": " ",
        "Jenis_Shel": "Portable",
        "Latitude__": -7.064175076,
        "Longitude": 110.4167287,
        "SymbolID": null,
        "halte_id": 601,
        "nama_halte": "SMP 12 1",
        "koridor_list": ";F3;",
        "jumlah_koridor": 1,
        "is_transit": false
      },
      "geometry": {
        "type": "Point",
        "coordinates": [
          110.4168857799223,
          -7.064217893046329
        ]
      }
    },
    {
      "type": "Feature",
      "properties": {
        "OBJECTID": 603,
        "No": 603,
        "Nama_Halte": "Krimsus Polda 1",
        "Alias": " ",
        "Jenis_Shel": "Portable",
        "Latitude__": -7.065583695,
        "Longitude": 110.4165626,
        "SymbolID": null,
        "halte_id": 602,
        "nama_halte": "Krimsus Polda 1",
        "koridor_list": ";F3;",
        "jumlah_koridor": 1,
        "is_transit": false
      },
      "geometry": {
        "type": "Point",
        "coordinates": [
          110.41680493154674,
          -7.065548003336196
        ]
      }
    },
    {
      "type": "Feature",
      "properties": {
        "OBJECTID": 604,
        "No": 604,
        "Nama_Halte": "Kantor Pos Banyumanik 1",
        "Alias": " ",
        "Jenis_Shel": "Portable",
        "Latitude__": -7.069655549,
        "Longitude": 110.4188606,
        "SymbolID": null,
        "halte_id": 603,
        "nama_halte": "Kantor Pos Banyumanik 1",
        "koridor_list": ";F3;",
        "jumlah_koridor": 1,
        "is_transit": false
      },
      "geometry": {
        "type": "Point",
        "coordinates": [
          110.41887464996132,
          -7.069569513243401
        ]
      }
    },
    {
      "type": "Feature",
      "properties": {
        "OBJECTID": 605,
        "No": 605,
        "Nama_Halte": "Sarinah 1",
        "Alias": " ",
        "Jenis_Shel": "Portable",
        "Latitude__": -7.069898149,
        "Longitude": 110.4218905,
        "SymbolID": null,
        "halte_id": 604,
        "nama_halte": "Sarinah 1",
        "koridor_list": ";F3;",
        "jumlah_koridor": 1,
        "is_transit": false
      },
      "geometry": {
        "type": "Point",
        "coordinates": [
          110.42189029437014,
          -7.069898471383561
        ]
      }
    },
    {
      "type": "Feature",
      "properties": {
        "OBJECTID": 606,
        "No": 606,
        "Nama_Halte": "Masjid Raya 1",
        "Alias": " ",
        "Jenis_Shel": "Portable",
        "Latitude__": -7.070687857,
        "Longitude": 110.42417,
        "SymbolID": null,
        "halte_id": 605,
        "nama_halte": "Masjid Raya 1",
        "koridor_list": ";F3;",
        "jumlah_koridor": 1,
        "is_transit": false
      },
      "geometry": {
        "type": "Point",
        "coordinates": [
          110.42417830339878,
          -7.070809568315795
        ]
      }
    },
    {
      "type": "Feature",
      "properties": {
        "OBJECTID": 607,
        "No": 607,
        "Nama_Halte": "Hidayatullah 1",
        "Alias": " ",
        "Jenis_Shel": "Portable",
        "Latitude__": -7.073647108,
        "Longitude": 110.4223597,
        "SymbolID": null,
        "halte_id": 606,
        "nama_halte": "Hidayatullah 1",
        "koridor_list": ";F3;",
        "jumlah_koridor": 1,
        "is_transit": false
      },
      "geometry": {
        "type": "Point",
        "coordinates": [
          110.42253079316768,
          -7.073804051345286
        ]
      }
    },
    {
      "type": "Feature",
      "properties": {
        "OBJECTID": 608,
        "No": 608,
        "Nama_Halte": "Pertigaan Grafika 1",
        "Alias": " ",
        "Jenis_Shel": "Portable",
        "Latitude__": -7.075901136,
        "Longitude": 110.4211752,
        "SymbolID": null,
        "halte_id": 607,
        "nama_halte": "Pertigaan Grafika 1",
        "koridor_list": ";F3;",
        "jumlah_koridor": 1,
        "is_transit": false
      },
      "geometry": {
        "type": "Point",
        "coordinates": [
          110.42122284611403,
          -7.075947158565956
        ]
      }
    },
    {
      "type": "Feature",
      "properties": {
        "OBJECTID": 609,
        "No": 609,
        "Nama_Halte": "SMP Eka Sakti 1",
        "Alias": " ",
        "Jenis_Shel": "Portable",
        "Latitude__": -7.075278447,
        "Longitude": 110.4183038,
        "SymbolID": null,
        "halte_id": 608,
        "nama_halte": "SMP Eka Sakti 1",
        "koridor_list": ";F3;",
        "jumlah_koridor": 1,
        "is_transit": false
      },
      "geometry": {
        "type": "Point",
        "coordinates": [
          110.41826559219872,
          -7.07536413454181
        ]
      }
    },
    {
      "type": "Feature",
      "properties": {
        "OBJECTID": 610,
        "No": 610,
        "Nama_Halte": "SMA 4 1",
        "Alias": " ",
        "Jenis_Shel": "Portable",
        "Latitude__": -7.073886105,
        "Longitude": 110.4130778,
        "SymbolID": null,
        "halte_id": 609,
        "nama_halte": "SMA 4 1",
        "koridor_list": ";F3;",
        "jumlah_koridor": 1,
        "is_transit": false
      },
      "geometry": {
        "type": "Point",
        "coordinates": [
          110.41307782143292,
          -7.073886067278931
        ]
      }
    },
    {
      "type": "Feature",
      "properties": {
        "OBJECTID": 611,
        "No": 611,
        "Nama_Halte": "Terminal Gunung Pati",
        "Alias": "Terminal Gunungpati",
        "Jenis_Shel": "Permanen",
        "Latitude__": -7.0830876,
        "Longitude": 110.3608869,
        "SymbolID": null,
        "halte_id": 610,
        "nama_halte": "Terminal Gunung Pati",
        "koridor_list": ";K8;F4A;F4B;",
        "jumlah_koridor": 3,
        "is_transit": true
      },
      "geometry": {
        "type": "Point",
        "coordinates": [
          110.36117855420818,
          -7.082946955237282
        ]
      }
    },
    {
      "type": "Feature",
      "properties": {
        "OBJECTID": 612,
        "No": 612,
        "Nama_Halte": "SMPN 22 A",
        "Alias": " ",
        "Jenis_Shel": "Portable",
        "Latitude__": -7.073918389,
        "Longitude": 110.3602027,
        "SymbolID": null,
        "halte_id": 611,
        "nama_halte": "SMPN 22 A",
        "koridor_list": ";F4A;",
        "jumlah_koridor": 1,
        "is_transit": false
      },
      "geometry": {
        "type": "Point",
        "coordinates": [
          110.36175437430532,
          -7.073811183166186
        ]
      }
    },
    {
      "type": "Feature",
      "properties": {
        "OBJECTID": 613,
        "No": 613,
        "Nama_Halte": "Perempatan Jedung A",
        "Alias": " ",
        "Jenis_Shel": "Portable",
        "Latitude__": -7.074702443,
        "Longitude": 110.3653553,
        "SymbolID": null,
        "halte_id": 612,
        "nama_halte": "Perempatan Jedung A",
        "koridor_list": ";F4A;",
        "jumlah_koridor": 1,
        "is_transit": false
      },
      "geometry": {
        "type": "Point",
        "coordinates": [
          110.36515359934042,
          -7.0749701025978
        ]
      }
    },
    {
      "type": "Feature",
      "properties": {
        "OBJECTID": 614,
        "No": 614,
        "Nama_Halte": "Pertigaan Jedung A",
        "Alias": " ",
        "Jenis_Shel": "Portable",
        "Latitude__": -7.076181242,
        "Longitude": 110.3681097,
        "SymbolID": null,
        "halte_id": 613,
        "nama_halte": "Pertigaan Jedung A",
        "koridor_list": ";F4A;",
        "jumlah_koridor": 1,
        "is_transit": false
      },
      "geometry": {
        "type": "Point",
        "coordinates": [
          110.36817822690203,
          -7.076038088851954
        ]
      }
    },
    {
      "type": "Feature",
      "properties": {
        "OBJECTID": 615,
        "No": 615,
        "Nama_Halte": "Gang Narek Puntan A",
        "Alias": " ",
        "Jenis_Shel": "Portable",
        "Latitude__": -7.07840793,
        "Longitude": 110.3760102,
        "SymbolID": null,
        "halte_id": 614,
        "nama_halte": "Gang Narek Puntan A",
        "koridor_list": ";F4A;",
        "jumlah_koridor": 1,
        "is_transit": false
      },
      "geometry": {
        "type": "Point",
        "coordinates": [
          110.37579953377252,
          -7.078789167269671
        ]
      }
    },
    {
      "type": "Feature",
      "properties": {
        "OBJECTID": 616,
        "No": 616,
        "Nama_Halte": "Gang 5 Puntan A",
        "Alias": " ",
        "Jenis_Shel": "Portable",
        "Latitude__": -7.079269901,
        "Longitude": 110.377003,
        "SymbolID": null,
        "halte_id": 615,
        "nama_halte": "Gang 5 Puntan A",
        "koridor_list": ";F4A;",
        "jumlah_koridor": 1,
        "is_transit": false
      },
      "geometry": {
        "type": "Point",
        "coordinates": [
          110.37704100549517,
          -7.079217963173567
        ]
      }
    },
    {
      "type": "Feature",
      "properties": {
        "OBJECTID": 617,
        "No": 617,
        "Nama_Halte": "Puntan A",
        "Alias": " ",
        "Jenis_Shel": "Portable",
        "Latitude__": -7.07819255,
        "Longitude": 110.3783421,
        "SymbolID": null,
        "halte_id": 616,
        "nama_halte": "Puntan A",
        "koridor_list": ";F4A;",
        "jumlah_koridor": 1,
        "is_transit": false
      },
      "geometry": {
        "type": "Point",
        "coordinates": [
          110.37857622631573,
          -7.078593044270195
        ]
      }
    },
    {
      "type": "Feature",
      "properties": {
        "OBJECTID": 618,
        "No": 618,
        "Nama_Halte": "Salakan A",
        "Alias": " ",
        "Jenis_Shel": "Portable",
        "Latitude__": -7.076684997,
        "Longitude": 110.3803638,
        "SymbolID": null,
        "halte_id": 617,
        "nama_halte": "Salakan A",
        "koridor_list": ";F4A;",
        "jumlah_koridor": 1,
        "is_transit": false
      },
      "geometry": {
        "type": "Point",
        "coordinates": [
          110.38054443510325,
          -7.077227312707906
        ]
      }
    },
    {
      "type": "Feature",
      "properties": {
        "OBJECTID": 619,
        "No": 619,
        "Nama_Halte": "Wisma Husnul Khatimah A",
        "Alias": " ",
        "Jenis_Shel": "Portable",
        "Latitude__": -7.073959644,
        "Longitude": 110.3843137,
        "SymbolID": null,
        "halte_id": 618,
        "nama_halte": "Wisma Husnul Khatimah A",
        "koridor_list": ";F4A;",
        "jumlah_koridor": 1,
        "is_transit": false
      },
      "geometry": {
        "type": "Point",
        "coordinates": [
          110.38467848204075,
          -7.074749908129663
        ]
      }
    },
    {
      "type": "Feature",
      "properties": {
        "OBJECTID": 620,
        "No": 620,
        "Nama_Halte": "Masjid Muntal A",
        "Alias": " ",
        "Jenis_Shel": "Portable",
        "Latitude__": -7.073993002,
        "Longitude": 110.3859569,
        "SymbolID": null,
        "halte_id": 619,
        "nama_halte": "Masjid Muntal A",
        "koridor_list": ";F4A;",
        "jumlah_koridor": 1,
        "is_transit": false
      },
      "geometry": {
        "type": "Point",
        "coordinates": [
          110.3858139525599,
          -7.07394757921957
        ]
      }
    },
    {
      "type": "Feature",
      "properties": {
        "OBJECTID": 621,
        "No": 621,
        "Nama_Halte": "Mbibis",
        "Alias": " ",
        "Jenis_Shel": "Portable",
        "Latitude__": -7.071578903,
        "Longitude": 110.3862435,
        "SymbolID": null,
        "halte_id": 620,
        "nama_halte": "Mbibis",
        "koridor_list": ";F4A;",
        "jumlah_koridor": 1,
        "is_transit": false
      },
      "geometry": {
        "type": "Point",
        "coordinates": [
          110.3866781318632,
          -7.071626166387423
        ]
      }
    },
    {
      "type": "Feature",
      "properties": {
        "OBJECTID": 622,
        "No": 622,
        "Nama_Halte": "Gang Jetis A",
        "Alias": " ",
        "Jenis_Shel": "Portable",
        "Latitude__": -7.065317937,
        "Longitude": 110.3862603,
        "SymbolID": null,
        "halte_id": 621,
        "nama_halte": "Gang Jetis A",
        "koridor_list": ";F4A;",
        "jumlah_koridor": 1,
        "is_transit": false
      },
      "geometry": {
        "type": "Point",
        "coordinates": [
          110.38887810599401,
          -7.06544726455408
        ]
      }
    },
    {
      "type": "Feature",
      "properties": {
        "OBJECTID": 623,
        "No": 623,
        "Nama_Halte": "Kali Segoro",
        "Alias": " ",
        "Jenis_Shel": "Portable",
        "Latitude__": -7.060669943,
        "Longitude": 110.3886243,
        "SymbolID": null,
        "halte_id": 622,
        "nama_halte": "Kali Segoro",
        "koridor_list": ";F4A;",
        "jumlah_koridor": 1,
        "is_transit": false
      },
      "geometry": {
        "type": "Point",
        "coordinates": [
          110.3904807004609,
          -7.060946982232981
        ]
      }
    },
    {
      "type": "Feature",
      "properties": {
        "OBJECTID": 624,
        "No": 624,
        "Nama_Halte": "Rusunawa A",
        "Alias": " ",
        "Jenis_Shel": "Portable",
        "Latitude__": -7.05818182,
        "Longitude": 110.3923658,
        "SymbolID": null,
        "halte_id": 623,
        "nama_halte": "Rusunawa A",
        "koridor_list": ";F4A;",
        "jumlah_koridor": 1,
        "is_transit": false
      },
      "geometry": {
        "type": "Point",
        "coordinates": [
          110.39146166075116,
          -7.058205604168594
        ]
      }
    },
    {
      "type": "Feature",
      "properties": {
        "OBJECTID": 625,
        "No": 625,
        "Nama_Halte": "Gang Marga Satwa A",
        "Alias": " ",
        "Jenis_Shel": "Portable",
        "Latitude__": -7.045447169,
        "Longitude": 110.3925598,
        "SymbolID": null,
        "halte_id": 624,
        "nama_halte": "Gang Marga Satwa A",
        "koridor_list": ";K6;F4A;",
        "jumlah_koridor": 2,
        "is_transit": true
      },
      "geometry": {
        "type": "Point",
        "coordinates": [
          110.39259892790082,
          -7.045481831418064
        ]
      }
    },
    {
      "type": "Feature",
      "properties": {
        "OBJECTID": 626,
        "No": 626,
        "Nama_Halte": "Sekaran Raya A",
        "Alias": " ",
        "Jenis_Shel": "Portable",
        "Latitude__": -7.057049153,
        "Longitude": 110.3952225,
        "SymbolID": null,
        "halte_id": 625,
        "nama_halte": "Sekaran Raya A",
        "koridor_list": ";F4A;",
        "jumlah_koridor": 1,
        "is_transit": false
      },
      "geometry": {
        "type": "Point",
        "coordinates": [
          110.39531722995059,
          -7.05694768509058
        ]
      }
    },
    {
      "type": "Feature",
      "properties": {
        "OBJECTID": 627,
        "No": 627,
        "Nama_Halte": "Gang Selekor A",
        "Alias": " ",
        "Jenis_Shel": "Portable",
        "Latitude__": -7.058905388,
        "Longitude": 110.3971852,
        "SymbolID": null,
        "halte_id": 626,
        "nama_halte": "Gang Selekor A",
        "koridor_list": ";F4A;",
        "jumlah_koridor": 1,
        "is_transit": false
      },
      "geometry": {
        "type": "Point",
        "coordinates": [
          110.3978396992684,
          -7.057823147206138
        ]
      }
    },
    {
      "type": "Feature",
      "properties": {
        "OBJECTID": 628,
        "No": 628,
        "Nama_Halte": "MA Al Ashor",
        "Alias": " ",
        "Jenis_Shel": "Portable",
        "Latitude__": -7.062960021,
        "Longitude": 110.3965569,
        "SymbolID": null,
        "halte_id": 627,
        "nama_halte": "MA Al Ashor",
        "koridor_list": ";F4A;",
        "jumlah_koridor": 1,
        "is_transit": false
      },
      "geometry": {
        "type": "Point",
        "coordinates": [
          110.39655690504267,
          -7.062959990317304
        ]
      }
    },
    {
      "type": "Feature",
      "properties": {
        "OBJECTID": 629,
        "No": 629,
        "Nama_Halte": "Gang Talang Bengkok A",
        "Alias": " ",
        "Jenis_Shel": "Portable",
        "Latitude__": -7.065266819,
        "Longitude": 110.396179,
        "SymbolID": null,
        "halte_id": 628,
        "nama_halte": "Gang Talang Bengkok A",
        "koridor_list": ";F4A;",
        "jumlah_koridor": 1,
        "is_transit": false
      },
      "geometry": {
        "type": "Point",
        "coordinates": [
          110.39534597603966,
          -7.064947136293074
        ]
      }
    },
    {
      "type": "Feature",
      "properties": {
        "OBJECTID": 630,
        "No": 630,
        "Nama_Halte": "Patemon Raya A",
        "Alias": " ",
        "Jenis_Shel": "Portable",
        "Latitude__": -7.066810076,
        "Longitude": 110.397199,
        "SymbolID": null,
        "halte_id": 629,
        "nama_halte": "Patemon Raya A",
        "koridor_list": ";F4A;",
        "jumlah_koridor": 1,
        "is_transit": false
      },
      "geometry": {
        "type": "Point",
        "coordinates": [
          110.39440274499134,
          -7.066447519452765
        ]
      }
    },
    {
      "type": "Feature",
      "properties": {
        "OBJECTID": 631,
        "No": 631,
        "Nama_Halte": "Wisata Embung A",
        "Alias": " ",
        "Jenis_Shel": "Portable",
        "Latitude__": -7.069625992,
        "Longitude": 110.3968303,
        "SymbolID": null,
        "halte_id": 630,
        "nama_halte": "Wisata Embung A",
        "koridor_list": ";F4A;",
        "jumlah_koridor": 1,
        "is_transit": false
      },
      "geometry": {
        "type": "Point",
        "coordinates": [
          110.39245250250954,
          -7.069447379673757
        ]
      }
    },
    {
      "type": "Feature",
      "properties": {
        "OBJECTID": 632,
        "No": 632,
        "Nama_Halte": "Gang Gumuksari A",
        "Alias": " ",
        "Jenis_Shel": "Portable",
        "Latitude__": -7.074087923,
        "Longitude": 110.3915832,
        "SymbolID": null,
        "halte_id": 631,
        "nama_halte": "Gang Gumuksari A",
        "koridor_list": ";F4A;",
        "jumlah_koridor": 1,
        "is_transit": false
      },
      "geometry": {
        "type": "Point",
        "coordinates": [
          110.39031002055691,
          -7.072947340559157
        ]
      }
    },
    {
      "type": "Feature",
      "properties": {
        "OBJECTID": 633,
        "No": 633,
        "Nama_Halte": "SD IT Mutiara Hati A",
        "Alias": " ",
        "Jenis_Shel": "Portable",
        "Latitude__": -7.074322583,
        "Longitude": 110.3893533,
        "SymbolID": null,
        "halte_id": 632,
        "nama_halte": "SD IT Mutiara Hati A",
        "koridor_list": ";F4A;",
        "jumlah_koridor": 1,
        "is_transit": false
      },
      "geometry": {
        "type": "Point",
        "coordinates": [
          110.38935331477933,
          -7.074322891027759
        ]
      }
    },
    {
      "type": "Feature",
      "properties": {
        "OBJECTID": 634,
        "No": 634,
        "Nama_Halte": "Masjid Muntal B",
        "Alias": " ",
        "Jenis_Shel": "Portable",
        "Latitude__": -7.074432395,
        "Longitude": 110.3860992,
        "SymbolID": null,
        "halte_id": 633,
        "nama_halte": "Masjid Muntal B",
        "koridor_list": ";F4A;",
        "jumlah_koridor": 1,
        "is_transit": false
      },
      "geometry": {
        "type": "Point",
        "coordinates": [
          110.38617866856524,
          -7.074610837885129
        ]
      }
    },
    {
      "type": "Feature",
      "properties": {
        "OBJECTID": 635,
        "No": 635,
        "Nama_Halte": "Wisma Husnul Khatimah B",
        "Alias": " ",
        "Jenis_Shel": "Portable",
        "Latitude__": -7.074073602,
        "Longitude": 110.3842277,
        "SymbolID": null,
        "halte_id": 634,
        "nama_halte": "Wisma Husnul Khatimah B",
        "koridor_list": ";F4A;",
        "jumlah_koridor": 1,
        "is_transit": false
      },
      "geometry": {
        "type": "Point",
        "coordinates": [
          110.38497941766093,
          -7.07517781631157
        ]
      }
    },
    {
      "type": "Feature",
      "properties": {
        "OBJECTID": 636,
        "No": 636,
        "Nama_Halte": "Salakan B",
        "Alias": " ",
        "Jenis_Shel": "Portable",
        "Latitude__": -7.0768822,
        "Longitude": 110.3802347,
        "SymbolID": null,
        "halte_id": 635,
        "nama_halte": "Salakan B",
        "koridor_list": ";F4A;",
        "jumlah_koridor": 1,
        "is_transit": false
      },
      "geometry": {
        "type": "Point",
        "coordinates": [
          110.38056779130063,
          -7.077776458521711
        ]
      }
    },
    {
      "type": "Feature",
      "properties": {
        "OBJECTID": 637,
        "No": 637,
        "Nama_Halte": "Puntan B",
        "Alias": " ",
        "Jenis_Shel": "Portable",
        "Latitude__": -7.078306719,
        "Longitude": 110.3784142,
        "SymbolID": null,
        "halte_id": 636,
        "nama_halte": "Puntan B",
        "koridor_list": ";F4A;",
        "jumlah_koridor": 1,
        "is_transit": false
      },
      "geometry": {
        "type": "Point",
        "coordinates": [
          110.37867863425812,
          -7.07885959323549
        ]
      }
    },
    {
      "type": "Feature",
      "properties": {
        "OBJECTID": 638,
        "No": 638,
        "Nama_Halte": "Gang 5 Puntan B",
        "Alias": " ",
        "Jenis_Shel": "Portable",
        "Latitude__": -7.07921641,
        "Longitude": 110.3768333,
        "SymbolID": null,
        "halte_id": 637,
        "nama_halte": "Gang 5 Puntan B",
        "koridor_list": ";F4A;",
        "jumlah_koridor": 1,
        "is_transit": false
      },
      "geometry": {
        "type": "Point",
        "coordinates": [
          110.3767616294418,
          -7.079447070177165
        ]
      }
    },
    {
      "type": "Feature",
      "properties": {
        "OBJECTID": 639,
        "No": 639,
        "Nama_Halte": "Gang Narek Puntan B",
        "Alias": " ",
        "Jenis_Shel": "Portable",
        "Latitude__": -7.078582506,
        "Longitude": 110.3759064,
        "SymbolID": null,
        "halte_id": 638,
        "nama_halte": "Gang Narek Puntan B",
        "koridor_list": ";F4A;",
        "jumlah_koridor": 1,
        "is_transit": false
      },
      "geometry": {
        "type": "Point",
        "coordinates": [
          110.37566658311047,
          -7.079020948888842
        ]
      }
    },
    {
      "type": "Feature",
      "properties": {
        "OBJECTID": 640,
        "No": 640,
        "Nama_Halte": "Pertigaan Jedung B",
        "Alias": " ",
        "Jenis_Shel": "Portable",
        "Latitude__": -7.075805675,
        "Longitude": 110.3680396,
        "SymbolID": null,
        "halte_id": 639,
        "nama_halte": "Pertigaan Jedung B",
        "koridor_list": ";F4A;",
        "jumlah_koridor": 1,
        "is_transit": false
      },
      "geometry": {
        "type": "Point",
        "coordinates": [
          110.36789166432641,
          -7.07623421293725
        ]
      }
    },
    {
      "type": "Feature",
      "properties": {
        "OBJECTID": 641,
        "No": 641,
        "Nama_Halte": "Perempatan Jedung B",
        "Alias": " ",
        "Jenis_Shel": "Portable",
        "Latitude__": -7.074834603,
        "Longitude": 110.3652003,
        "SymbolID": null,
        "halte_id": 640,
        "nama_halte": "Perempatan Jedung B",
        "koridor_list": ";F4A;",
        "jumlah_koridor": 1,
        "is_transit": false
      },
      "geometry": {
        "type": "Point",
        "coordinates": [
          110.36495147840148,
          -7.075150180586789
        ]
      }
    },
    {
      "type": "Feature",
      "properties": {
        "OBJECTID": 642,
        "No": 642,
        "Nama_Halte": "SMPN 22 B",
        "Alias": " ",
        "Jenis_Shel": "Portable",
        "Latitude__": -7.074040255,
        "Longitude": 110.3603182,
        "SymbolID": null,
        "halte_id": 641,
        "nama_halte": "SMPN 22 B",
        "koridor_list": ";F4A;",
        "jumlah_koridor": 1,
        "is_transit": false
      },
      "geometry": {
        "type": "Point",
        "coordinates": [
          110.36167891582143,
          -7.074101804773876
        ]
      }
    },
    {
      "type": "Feature",
      "properties": {
        "OBJECTID": 643,
        "No": 643,
        "Nama_Halte": "Argo Buah Cempoko A",
        "Alias": " ",
        "Jenis_Shel": "Portable",
        "Latitude__": -7.073765738,
        "Longitude": 110.3573498,
        "SymbolID": null,
        "halte_id": 642,
        "nama_halte": "Argo Buah Cempoko A",
        "koridor_list": ";F4B;",
        "jumlah_koridor": 1,
        "is_transit": false
      },
      "geometry": {
        "type": "Point",
        "coordinates": [
          110.35751163121842,
          -7.073508972159294
        ]
      }
    },
    {
      "type": "Feature",
      "properties": {
        "OBJECTID": 644,
        "No": 644,
        "Nama_Halte": "Kelurahan Cempoko A",
        "Alias": " ",
        "Jenis_Shel": "Portable",
        "Latitude__": -7.072799038,
        "Longitude": 110.3514645,
        "SymbolID": null,
        "halte_id": 643,
        "nama_halte": "Kelurahan Cempoko A",
        "koridor_list": ";F4B;",
        "jumlah_koridor": 1,
        "is_transit": false
      },
      "geometry": {
        "type": "Point",
        "coordinates": [
          110.35158364865852,
          -7.072303692075844
        ]
      }
    },
    {
      "type": "Feature",
      "properties": {
        "OBJECTID": 645,
        "No": 645,
        "Nama_Halte": "Mi Cempoko A",
        "Alias": " ",
        "Jenis_Shel": "Portable",
        "Latitude__": -7.070769572,
        "Longitude": 110.3484262,
        "SymbolID": null,
        "halte_id": 644,
        "nama_halte": "Mi Cempoko A",
        "koridor_list": ";F4B;",
        "jumlah_koridor": 1,
        "is_transit": false
      },
      "geometry": {
        "type": "Point",
        "coordinates": [
          110.34817813541642,
          -7.071528994858489
        ]
      }
    },
    {
      "type": "Feature",
      "properties": {
        "OBJECTID": 646,
        "No": 646,
        "Nama_Halte": "Perempatan Pandean A",
        "Alias": " ",
        "Jenis_Shel": "Portable",
        "Latitude__": -7.0692119,
        "Longitude": 110.336442,
        "SymbolID": null,
        "halte_id": 645,
        "nama_halte": "Perempatan Pandean A",
        "koridor_list": ";F4B;",
        "jumlah_koridor": 1,
        "is_transit": false
      },
      "geometry": {
        "type": "Point",
        "coordinates": [
          110.33645961253508,
          -7.069140708378463
        ]
      }
    },
    {
      "type": "Feature",
      "properties": {
        "OBJECTID": 647,
        "No": 647,
        "Nama_Halte": "Mi Kaligetas A",
        "Alias": " ",
        "Jenis_Shel": "Portable",
        "Latitude__": -7.066779427,
        "Longitude": 110.3349035,
        "SymbolID": null,
        "halte_id": 646,
        "nama_halte": "Mi Kaligetas A",
        "koridor_list": ";F4B;",
        "jumlah_koridor": 1,
        "is_transit": false
      },
      "geometry": {
        "type": "Point",
        "coordinates": [
          110.33485701806822,
          -7.066775588324256
        ]
      }
    },
    {
      "type": "Feature",
      "properties": {
        "OBJECTID": 648,
        "No": 648,
        "Nama_Halte": "SD Jati Barang 3 A",
        "Alias": " ",
        "Jenis_Shel": "Portable",
        "Latitude__": -7.06363744,
        "Longitude": 110.3349392,
        "SymbolID": null,
        "halte_id": 647,
        "nama_halte": "SD Jati Barang 3 A",
        "koridor_list": ";F4B;",
        "jumlah_koridor": 1,
        "is_transit": false
      },
      "geometry": {
        "type": "Point",
        "coordinates": [
          110.33503937607087,
          -7.063680320576603
        ]
      }
    },
    {
      "type": "Feature",
      "properties": {
        "OBJECTID": 649,
        "No": 649,
        "Nama_Halte": "Gereja Baptis Maranata A",
        "Alias": " ",
        "Jenis_Shel": "Portable",
        "Latitude__": -7.05999655,
        "Longitude": 110.335609,
        "SymbolID": null,
        "halte_id": 648,
        "nama_halte": "Gereja Baptis Maranata A",
        "koridor_list": ";F4B;",
        "jumlah_koridor": 1,
        "is_transit": false
      },
      "geometry": {
        "type": "Point",
        "coordinates": [
          110.33538073587884,
          -7.059947606940417
        ]
      }
    },
    {
      "type": "Feature",
      "properties": {
        "OBJECTID": 650,
        "No": 650,
        "Nama_Halte": "Gang Pelawangan A",
        "Alias": " ",
        "Jenis_Shel": "Portable",
        "Latitude__": -7.057854498,
        "Longitude": 110.336046,
        "SymbolID": null,
        "halte_id": 649,
        "nama_halte": "Gang Pelawangan A",
        "koridor_list": ";F4B;",
        "jumlah_koridor": 1,
        "is_transit": false
      },
      "geometry": {
        "type": "Point",
        "coordinates": [
          110.33554602589113,
          -7.057947066862614
        ]
      }
    },
    {
      "type": "Feature",
      "properties": {
        "OBJECTID": 651,
        "No": 651,
        "Nama_Halte": "Kelurahan Jati Barang A",
        "Alias": " ",
        "Jenis_Shel": "Portable",
        "Latitude__": -7.054232317,
        "Longitude": 110.3369855,
        "SymbolID": null,
        "halte_id": 650,
        "nama_halte": "Kelurahan Jati Barang A",
        "koridor_list": ";F4B;",
        "jumlah_koridor": 1,
        "is_transit": false
      },
      "geometry": {
        "type": "Point",
        "coordinates": [
          110.3358532497183,
          -7.054179537872972
        ]
      }
    },
    {
      "type": "Feature",
      "properties": {
        "OBJECTID": 652,
        "No": 652,
        "Nama_Halte": "Gang Sawo A",
        "Alias": " ",
        "Jenis_Shel": "Portable",
        "Latitude__": -7.044587445,
        "Longitude": 110.3359281,
        "SymbolID": null,
        "halte_id": 651,
        "nama_halte": "Gang Sawo A",
        "koridor_list": ";F4B;",
        "jumlah_koridor": 1,
        "is_transit": false
      },
      "geometry": {
        "type": "Point",
        "coordinates": [
          110.33666532673513,
          -7.044616152849906
        ]
      }
    },
    {
      "type": "Feature",
      "properties": {
        "OBJECTID": 653,
        "No": 653,
        "Nama_Halte": "Jati Barang A",
        "Alias": " ",
        "Jenis_Shel": "Portable",
        "Latitude__": -7.042461712,
        "Longitude": 110.3358064,
        "SymbolID": null,
        "halte_id": 652,
        "nama_halte": "Jati Barang A",
        "koridor_list": ";F4B;",
        "jumlah_koridor": 1,
        "is_transit": false
      },
      "geometry": {
        "type": "Point",
        "coordinates": [
          110.33581102889995,
          -7.042513911246856
        ]
      }
    },
    {
      "type": "Feature",
      "properties": {
        "OBJECTID": 654,
        "No": 654,
        "Nama_Halte": "Palapa A",
        "Alias": " ",
        "Jenis_Shel": "Portable",
        "Latitude__": -7.039224616,
        "Longitude": 110.3305749,
        "SymbolID": null,
        "halte_id": 653,
        "nama_halte": "Palapa A",
        "koridor_list": ";K4;F4B;",
        "jumlah_koridor": 2,
        "is_transit": true
      },
      "geometry": {
        "type": "Point",
        "coordinates": [
          110.32846909808283,
          -7.038650861441297
        ]
      }
    },
    {
      "type": "Feature",
      "properties": {
        "OBJECTID": 655,
        "No": 655,
        "Nama_Halte": "Jati Barang B",
        "Alias": " ",
        "Jenis_Shel": "Portable",
        "Latitude__": -7.042365416,
        "Longitude": 110.3359377,
        "SymbolID": null,
        "halte_id": 654,
        "nama_halte": "Jati Barang B",
        "koridor_list": ";F4B;",
        "jumlah_koridor": 1,
        "is_transit": false
      },
      "geometry": {
        "type": "Point",
        "coordinates": [
          110.33597542059695,
          -7.042299050563193
        ]
      }
    },
    {
      "type": "Feature",
      "properties": {
        "OBJECTID": 656,
        "No": 656,
        "Nama_Halte": "Gang Sawo B",
        "Alias": " ",
        "Jenis_Shel": "Portable",
        "Latitude__": -7.04452702,
        "Longitude": 110.3361205,
        "SymbolID": null,
        "halte_id": 655,
        "nama_halte": "Gang Sawo B",
        "koridor_list": ";F4B;",
        "jumlah_koridor": 1,
        "is_transit": false
      },
      "geometry": {
        "type": "Point",
        "coordinates": [
          110.33695727920245,
          -7.04454572166977
        ]
      }
    },
    {
      "type": "Feature",
      "properties": {
        "OBJECTID": 657,
        "No": 657,
        "Nama_Halte": "Kelurahan Jati Barang B",
        "Alias": " ",
        "Jenis_Shel": "Portable",
        "Latitude__": -7.054615818,
        "Longitude": 110.3372579,
        "SymbolID": null,
        "halte_id": 656,
        "nama_halte": "Kelurahan Jati Barang B",
        "koridor_list": ";F4B;",
        "jumlah_koridor": 1,
        "is_transit": false
      },
      "geometry": {
        "type": "Point",
        "coordinates": [
          110.33617843985114,
          -7.054458582126841
        ]
      }
    },
    {
      "type": "Feature",
      "properties": {
        "OBJECTID": 658,
        "No": 658,
        "Nama_Halte": "Gang Pelawangan B",
        "Alias": " ",
        "Jenis_Shel": "Portable",
        "Latitude__": -7.058017283,
        "Longitude": 110.336119,
        "SymbolID": null,
        "halte_id": 657,
        "nama_halte": "Gang Pelawangan B",
        "koridor_list": ";F4B;",
        "jumlah_koridor": 1,
        "is_transit": false
      },
      "geometry": {
        "type": "Point",
        "coordinates": [
          110.33583797835847,
          -7.057947066862614
        ]
      }
    },
    {
      "type": "Feature",
      "properties": {
        "OBJECTID": 659,
        "No": 659,
        "Nama_Halte": "Gereja Baptis Maranata B",
        "Alias": " ",
        "Jenis_Shel": "Portable",
        "Latitude__": -7.060035014,
        "Longitude": 110.3357001,
        "SymbolID": null,
        "halte_id": 658,
        "nama_halte": "Gereja Baptis Maranata B",
        "koridor_list": ";F4B;",
        "jumlah_koridor": 1,
        "is_transit": false
      },
      "geometry": {
        "type": "Point",
        "coordinates": [
          110.33570053612,
          -7.060034974358065
        ]
      }
    },
    {
      "type": "Feature",
      "properties": {
        "OBJECTID": 660,
        "No": 660,
        "Nama_Halte": "SD Jati Barang 3 B",
        "Alias": " ",
        "Jenis_Shel": "Portable",
        "Latitude__": -7.063764875,
        "Longitude": 110.3350443,
        "SymbolID": null,
        "halte_id": 659,
        "nama_halte": "SD Jati Barang 3 B",
        "koridor_list": ";F4B;",
        "jumlah_koridor": 1,
        "is_transit": false
      },
      "geometry": {
        "type": "Point",
        "coordinates": [
          110.33537265104128,
          -7.063789083216262
        ]
      }
    },
    {
      "type": "Feature",
      "properties": {
        "OBJECTID": 661,
        "No": 661,
        "Nama_Halte": "MI Kaligetas B",
        "Alias": " ",
        "Jenis_Shel": "Portable",
        "Latitude__": -7.066908767,
        "Longitude": 110.335009,
        "SymbolID": null,
        "halte_id": 660,
        "nama_halte": "MI Kaligetas B",
        "koridor_list": ";F4B;",
        "jumlah_koridor": 1,
        "is_transit": false
      },
      "geometry": {
        "type": "Point",
        "coordinates": [
          110.33505554574599,
          -7.066908420491303
        ]
      }
    },
    {
      "type": "Feature",
      "properties": {
        "OBJECTID": 662,
        "No": 662,
        "Nama_Halte": "Perempatan Pandean B",
        "Alias": " ",
        "Jenis_Shel": "Portable",
        "Latitude__": -7.069012429,
        "Longitude": 110.3363505,
        "SymbolID": null,
        "halte_id": 661,
        "nama_halte": "Perempatan Pandean B",
        "koridor_list": ";F4B;",
        "jumlah_koridor": 1,
        "is_transit": false
      },
      "geometry": {
        "type": "Point",
        "coordinates": [
          110.33657190194559,
          -7.068887526109155
        ]
      }
    },
    {
      "type": "Feature",
      "properties": {
        "OBJECTID": 663,
        "No": 663,
        "Nama_Halte": "MI Cempoko B",
        "Alias": " ",
        "Jenis_Shel": "Portable",
        "Latitude__": -7.070704693,
        "Longitude": 110.3485318,
        "SymbolID": null,
        "halte_id": 662,
        "nama_halte": "MI Cempoko B",
        "koridor_list": ";F4B;",
        "jumlah_koridor": 1,
        "is_transit": false
      },
      "geometry": {
        "type": "Point",
        "coordinates": [
          110.34832456080774,
          -7.071378334374168
        ]
      }
    },
    {
      "type": "Feature",
      "properties": {
        "OBJECTID": 664,
        "No": 664,
        "Nama_Halte": "Kelurahan Cempoko B",
        "Alias": " ",
        "Jenis_Shel": "Portable",
        "Latitude__": -7.072442605,
        "Longitude": 110.351217,
        "SymbolID": null,
        "halte_id": 663,
        "nama_halte": "Kelurahan Cempoko B",
        "koridor_list": ";F4B;",
        "jumlah_koridor": 1,
        "is_transit": false
      },
      "geometry": {
        "type": "Point",
        "coordinates": [
          110.35159802170305,
          -7.071947099732152
        ]
      }
    },
    {
      "type": "Feature",
      "properties": {
        "OBJECTID": 665,
        "No": 665,
        "Nama_Halte": "Argo Buah Cempoko B",
        "Alias": " ",
        "Jenis_Shel": "Portable",
        "Latitude__": -7.073594487,
        "Longitude": 110.3575705,
        "SymbolID": null,
        "halte_id": 664,
        "nama_halte": "Argo Buah Cempoko B",
        "koridor_list": ";F4B;",
        "jumlah_koridor": 1,
        "is_transit": false
      },
      "geometry": {
        "type": "Point",
        "coordinates": [
          110.3577559729757,
          -7.073280753686698
        ]
      }
    },
    {
      "type": "Feature",
      "properties": {
        "OBJECTID": 666,
        "No": 666,
        "Nama_Halte": "Kasipah 2",
        "Alias": " ",
        "Jenis_Shel": "Permanen",
        "Latitude__": -7.0197381,
        "Longitude": 110.424765,
        "SymbolID": null,
        "halte_id": 665,
        "nama_halte": "Kasipah 2",
        "koridor_list": ";K3A;K3B;",
        "jumlah_koridor": 2,
        "is_transit": true
      },
      "geometry": {
        "type": "Point",
        "coordinates": [
          110.41926002721823,
          -7.018727962377292
        ]
      }
    },
    {
      "type": "Feature",
      "properties": {
        "OBJECTID": 667,
        "No": 667,
        "Nama_Halte": "Candi 1",
        "Alias": "Candi",
        "Jenis_Shel": "Permanen",
        "Latitude__": -7.017415,
        "Longitude": 110.4270568,
        "SymbolID": null,
        "halte_id": 666,
        "nama_halte": "Candi 1",
        "koridor_list": ";K3A;K3B;",
        "jumlah_koridor": 2,
        "is_transit": true
      },
      "geometry": {
        "type": "Point",
        "coordinates": [
          110.420669483899,
          -7.017292510653937
        ]
      }
    },
    {
      "type": "Feature",
      "properties": {
        "OBJECTID": 668,
        "No": 668,
        "Nama_Halte": "Srikaton B",
        "Alias": " ",
        "Jenis_Shel": "Portable",
        "Latitude__": -6.996696028,
        "Longitude": 110.3654255,
        "SymbolID": null,
        "halte_id": 667,
        "nama_halte": "Srikaton B",
        "koridor_list": ";F1B;",
        "jumlah_koridor": 1,
        "is_transit": false
      },
      "geometry": {
        "type": "Point",
        "coordinates": [
          110.36611569500973,
          -6.997161840384075
        ]
      }
    },
    {
      "type": "Feature",
      "properties": {
        "OBJECTID": 669,
        "No": 669,
        "Nama_Halte": "Semeru A",
        "Alias": " ",
        "Jenis_Shel": "Portable",
        "Latitude__": -7.020455431,
        "Longitude": 110.4193666,
        "SymbolID": null,
        "halte_id": 668,
        "nama_halte": "Semeru A",
        "koridor_list": ";K6;",
        "jumlah_koridor": 1,
        "is_transit": false
      },
      "geometry": {
        "type": "Point",
        "coordinates": [
          110.41141234489615,
          -7.022449417217762
        ]
      }
    },
    {
      "type": "Feature",
      "properties": {
        "OBJECTID": 670,
        "No": 670,
        "Nama_Halte": "Tengger B",
        "Alias": " ",
        "Jenis_Shel": "Portable",
        "Latitude__": -7.020570337,
        "Longitude": 110.4158763,
        "SymbolID": null,
        "halte_id": 669,
        "nama_halte": "Tengger B",
        "koridor_list": ";K6;",
        "jumlah_koridor": 1,
        "is_transit": false
      },
      "geometry": {
        "type": "Point",
        "coordinates": [
          110.41416657955727,
          -7.021473140018958
        ]
      }
    },
    {
      "type": "Feature",
      "properties": {
        "OBJECTID": 671,
        "No": 671,
        "Nama_Halte": "Transkil B",
        "Alias": " ",
        "Jenis_Shel": "Portable",
        "Latitude__": -7.03419988,
        "Longitude": 110.3912491,
        "SymbolID": null,
        "halte_id": 670,
        "nama_halte": "Transkil B",
        "koridor_list": ";K6;",
        "jumlah_koridor": 1,
        "is_transit": false
      },
      "geometry": {
        "type": "Point",
        "coordinates": [
          110.3892410253688,
          -7.034983029486651
        ]
      }
    },
    {
      "type": "Feature",
      "properties": {
        "OBJECTID": 672,
        "No": 672,
        "Nama_Halte": "Universitas Terbuka B",
        "Alias": " ",
        "Jenis_Shel": "Portable",
        "Latitude__": -6.97265,
        "Longitude": 110.30877,
        "SymbolID": null,
        "halte_id": 671,
        "nama_halte": "Universitas Terbuka B",
        "koridor_list": ";K1;M;",
        "jumlah_koridor": 2,
        "is_transit": true
      },
      "geometry": {
        "type": "Point",
        "coordinates": [
          110.30835402224083,
          -6.974350846427862
        ]
      }
    },
    {
      "type": "Feature",
      "properties": {
        "OBJECTID": 673,
        "No": 673,
        "Nama_Halte": "Widoharjo A",
        "Alias": " ",
        "Jenis_Shel": "Portable",
        "Latitude__": -6.969612956,
        "Longitude": 110.4344885,
        "SymbolID": null,
        "halte_id": 672,
        "nama_halte": "Widoharjo A",
        "koridor_list": ";K7;",
        "jumlah_koridor": 1,
        "is_transit": false
      },
      "geometry": {
        "type": "Point",
        "coordinates": [
          110.43508205431743,
          -6.970818934986437
        ]
      }
    }
  ]
}